Date,Workout Name,Duration,Exercise Name,Set Order,Weight,Reps,Distance,Seconds,Notes,Workout Notes,RPE
2022-08-04 14:54:31,"Treino A",1h 8m,"Running (Treadmill)",1,0,0,3.7175754,1027,"","",0
2022-08-04 14:54:31,"Treino A",1h 8m,"Crunch",1,0,20,0,0,"",,0
2022-08-04 14:54:31,"Treino A",1h 8m,"Crunch",2,0,20,0,0,,,0
2022-08-04 14:54:31,"Treino A",1h 8m,"Crunch",3,0,20,0,0,,,0
2022-08-04 14:54:31,"Treino A",1h 8m,"Crunch",4,0,20,0,0,,,0
2022-08-04 14:54:31,"Treino A",1h 8m,"Crunch",5,0,20,0,0,,,0
2022-08-04 14:54:31,"Treino A",1h 8m,"Lat Pulldown (Cable)",1,25.0,12,0,0,"",,0
2022-08-04 14:54:31,"Treino A",1h 8m,"Lat Pulldown (Cable)",2,25.0,12,0,0,,,0
2022-08-04 14:54:31,"Treino A",1h 8m,"Lat Pulldown (Cable)",3,30.0,12,0,0,,,0
2022-08-04 14:54:31,"Treino A",1h 8m,"Seated Row (Cable)",1,20.0,12,0,0,"",,0
2022-08-04 14:54:31,"Treino A",1h 8m,"Seated Row (Cable)",2,20.0,12,0,0,,,0
2022-08-04 14:54:31,"Treino A",1h 8m,"Seated Row (Cable)",3,20.0,12,0,0,,,0
2022-08-04 14:54:31,"Treino A",1h 8m,"Running (Treadmill)",1,0,0,1.46,702,"",,0
2022-08-04 14:54:31,"Treino A",1h 8m,"Bicep Curl (Cable)",1,15.0,12,0,0,"",,0
2022-08-04 14:54:31,"Treino A",1h 8m,"Bicep Curl (Cable)",2,15.0,12,0,0,,,0
2022-08-04 14:54:31,"Treino A",1h 8m,"Bicep Curl (Cable)",3,10.0,12,0,0,,,0
2022-08-04 14:54:31,"Treino A",1h 8m,"Bicep Curl (Dumbbell)",1,7.0,12,0,0,"",,0
2022-08-04 14:54:31,"Treino A",1h 8m,"Bicep Curl (Dumbbell)",2,7.0,12,0,0,,,0
2022-08-04 14:54:31,"Treino A",1h 8m,"Bicep Curl (Dumbbell)",3,7.0,12,0,0,,,0
2022-08-04 14:54:31,"Treino A",1h 8m,"Triceps Extension",1,15.0,12,0,0,"",,0
2022-08-06 16:03:22,"Morning Workout",53m,"Running (Treadmill)",1,0,0,3.7175754,900,"","",0
2022-08-06 16:03:22,"Morning Workout",53m,"Stiff Leg Deadlift (Barbell)",1,10.0,12,0,0,"",,0
2022-08-06 16:03:22,"Morning Workout",53m,"Stiff Leg Deadlift (Barbell)",2,12.0,12,0,0,,,0
2022-08-06 16:03:22,"Morning Workout",53m,"Stiff Leg Deadlift (Barbell)",3,12.0,12,0,0,,,0
2022-08-06 16:03:22,"Morning Workout",53m,"Hip Thrust (Barbell)",1,14.0,12,0,0,"",,0
2022-08-06 16:03:22,"Morning Workout",53m,"Hip Thrust (Barbell)",2,15.0,12,0,0,,,0
2022-08-06 16:03:22,"Morning Workout",53m,"Hip Thrust (Barbell)",3,15.0,12,0,0,,,0
2022-08-08 15:48:46,"Treino A",1h 21m,"Running (Treadmill)",1,0,0,2.43,900,"","",0
2022-08-08 15:48:46,"Treino A",1h 21m,"Crunch",1,0,12,0,0,"",,
2022-08-08 15:48:46,"Treino A",1h 21m,"Crunch",2,0,12,0,0,,,
2022-08-08 15:48:46,"Treino A",1h 21m,"Crunch",3,0,12,0,0,,,
2022-08-08 15:48:46,"Treino A",1h 21m,"Seated Row (Cable)",1,25.0,12,0,0,"",,0
2022-08-08 15:48:46,"Treino A",1h 21m,"Seated Row (Cable)",2,30.0,12,0,0,,,0
2022-08-08 15:48:46,"Treino A",1h 21m,"Seated Row (Cable)",3,30.0,12,0,0,,,0
2022-08-08 15:48:46,"Treino A",1h 21m,"Lat Pulldown (Cable)",1,25.0,12,0,0,"",,0
2022-08-08 15:48:46,"Treino A",1h 21m,"Lat Pulldown (Cable)",2,20.0,12,0,0,,,0
2022-08-08 15:48:46,"Treino A",1h 21m,"Lat Pulldown (Cable)",3,20.0,12,0,0,,,0
2022-08-08 15:48:46,"Treino A",1h 21m,"Running (Treadmill)",1,0,0,2.0,600,"",,0
2022-08-08 15:48:46,"Treino A",1h 21m,"Bicep Curl (Cable)",1,20.0,12,0,0,"",,0
2022-08-08 15:48:46,"Treino A",1h 21m,"Bicep Curl (Cable)",2,20.0,10,0,0,,,0
2022-08-08 15:48:46,"Treino A",1h 21m,"Bicep Curl (Cable)",3,10.0,12,0,0,,,0
2022-08-08 15:48:46,"Treino A",1h 21m,"Bicep Curl (Dumbbell)",1,5.0,12,0,0,"",,0
2022-08-08 15:48:46,"Treino A",1h 21m,"Bicep Curl (Dumbbell)",2,5.0,12,0,0,,,0
2022-08-08 15:48:46,"Treino A",1h 21m,"Bicep Curl (Dumbbell)",3,5.0,12,0,0,,,0
2022-08-08 15:48:46,"Treino A",1h 21m,"Chest Fly",1,15.0,12,0,0,"",,0
2022-08-08 15:48:46,"Treino A",1h 21m,"Chest Fly",2,15.0,12,0,0,,,0
2022-08-08 15:48:46,"Treino A",1h 21m,"Chest Fly",3,20.0,12,0,0,,,0
2022-08-08 15:48:46,"Treino A",1h 21m,"Triceps Extension",1,15.0,15,0,0,"",,0
2022-08-08 15:48:46,"Treino A",1h 21m,"Triceps Extension",2,15.0,12,0,0,,,0
2022-08-08 15:48:46,"Treino A",1h 21m,"Triceps Extension",3,15.0,12,0,0,,,0
2022-08-08 15:48:46,"Treino A",1h 21m,"Triceps Extension (Dumbbell)",1,5.0,12,0,0,"",,0
2022-08-08 15:48:46,"Treino A",1h 21m,"Triceps Extension (Dumbbell)",2,5.0,12,0,0,,,0
2022-08-08 15:48:46,"Treino A",1h 21m,"Triceps Extension (Dumbbell)",3,5.0,12,0,0,,,0
2022-08-09 15:02:33,"Treino C",1h 25m,"Running (Treadmill)",1,0,0,2.0,900,"","",0
2022-08-09 15:02:33,"Treino C",1h 25m,"Leg Press",1,50.0,12,0,0,"",,0
2022-08-09 15:02:33,"Treino C",1h 25m,"Leg Press",2,60.0,12,0,0,,,0
2022-08-09 15:02:33,"Treino C",1h 25m,"Leg Press",3,60.0,12,0,0,,,0
2022-08-09 15:02:33,"Treino C",1h 25m,"Leg Extension (Machine)",1,7.0,12,0,0,"",,0
2022-08-09 15:02:33,"Treino C",1h 25m,"Leg Extension (Machine)",2,7.0,12,0,0,,,0
2022-08-09 15:02:33,"Treino C",1h 25m,"Leg Extension (Machine)",3,7.0,12,0,0,,,0
2022-08-09 15:02:33,"Treino C",1h 25m,"Hip Abductor (Machine)",1,30.0,12,0,0,"",,0
2022-08-09 15:02:33,"Treino C",1h 25m,"Hip Abductor (Machine)",2,30.0,12,0,0,,,0
2022-08-09 15:02:33,"Treino C",1h 25m,"Hip Abductor (Machine)",3,30.0,12,0,0,,,0
2022-08-09 15:02:33,"Treino C",1h 25m,"Squat (Barbell)",1,10.0,12,0,0,"",,0
2022-08-09 15:02:33,"Treino C",1h 25m,"Squat (Barbell)",2,10.0,12,0,0,,,0
2022-08-09 15:02:33,"Treino C",1h 25m,"Hack Squat",1,40.0,12,0,0,"",,0
2022-08-09 15:02:33,"Treino C",1h 25m,"Hack Squat",2,40.0,12,0,0,,,0
2022-08-09 15:02:33,"Treino C",1h 25m,"Hack Squat",3,40.0,12,0,0,,,0
2022-08-11 15:02:43,"Treino C",1h 27m,"Running (Treadmill)",1,0,0,3.7175754,900,"","",0
2022-08-11 15:02:43,"Treino C",1h 27m,"Stiff Leg Deadlift (Barbell)",1,12.0,12,0,0,"",,0
2022-08-11 15:02:43,"Treino C",1h 27m,"Stiff Leg Deadlift (Barbell)",2,12.0,12,0,0,,,0
2022-08-11 15:02:43,"Treino C",1h 27m,"Stiff Leg Deadlift (Barbell)",3,14.0,12,0,0,,,0
2022-08-11 15:02:43,"Treino C",1h 27m,"Hip Thrust (Barbell)",1,14.0,12,0,0,"",,0
2022-08-11 15:02:43,"Treino C",1h 27m,"Hip Thrust (Barbell)",2,15.0,12,0,0,,,0
2022-08-11 15:02:43,"Treino C",1h 27m,"Hip Thrust (Barbell)",3,15.0,12,0,0,,,0
2022-08-11 15:02:43,"Treino C",1h 27m,"Lying Leg Curl (Machine)",1,20.0,12,0,0,"",,0
2022-08-11 15:02:43,"Treino C",1h 27m,"Lying Leg Curl (Machine)",2,20.0,12,0,0,,,0
2022-08-11 15:02:43,"Treino C",1h 27m,"Lying Leg Curl (Machine)",3,20.0,12,0,0,,,0
2022-08-11 15:02:43,"Treino C",1h 27m,"Standing Calf Raise (Bodyweight)",1,0,25,0,0,"",,0
2022-08-11 15:02:43,"Treino C",1h 27m,"Standing Calf Raise (Bodyweight)",2,0,25,0,0,,,0
2022-08-11 15:02:43,"Treino C",1h 27m,"Standing Calf Raise (Bodyweight)",3,0,25,0,0,,,0
2022-08-11 15:02:43,"Treino C",1h 27m,"hip extension",1,7.0,12,0,0,"",,0
2022-08-11 15:02:43,"Treino C",1h 27m,"hip extension",2,7.0,12,0,0,,,0
2022-08-11 15:02:43,"Treino C",1h 27m,"hip extension",3,7.0,12,0,0,,,0
2022-08-11 15:02:43,"Treino C",1h 27m,"Running (Treadmill)",1,0,0,0,900,"",,0
2022-08-11 15:02:43,"Treino C",1h 27m,"Plank",1,0,0,0,42,"",,0
2022-08-11 15:02:43,"Treino C",1h 27m,"Plank",2,0,0,0,50,,,0
2022-08-11 15:02:43,"Treino C",1h 27m,"Plank",3,0,0,0,50,,,0
2022-08-12 14:02:50,"Treino B",1h 29m,"Running (Treadmill)",1,0,0,2.0,900,"","",0
2022-08-12 14:02:50,"Treino B",1h 29m,"Leg Press",1,65.0,12,0,0,"",,0
2022-08-12 14:02:50,"Treino B",1h 29m,"Leg Press",2,65.0,12,0,0,,,0
2022-08-12 14:02:50,"Treino B",1h 29m,"Leg Press",3,65.0,12,0,0,,,0
2022-08-12 14:02:50,"Treino B",1h 29m,"Leg Extension (Machine)",1,9.0,12,0,0,"",,0
2022-08-12 14:02:50,"Treino B",1h 29m,"Leg Extension (Machine)",2,9.0,15,0,0,,,0
2022-08-12 14:02:50,"Treino B",1h 29m,"Leg Extension (Machine)",3,9.0,15,0,0,,,0
2022-08-12 14:02:50,"Treino B",1h 29m,"Hip Abductor (Machine)",1,30.0,12,0,0,"",,0
2022-08-12 14:02:50,"Treino B",1h 29m,"Hip Abductor (Machine)",2,35.0,12,0,0,,,0
2022-08-12 14:02:50,"Treino B",1h 29m,"Hip Abductor (Machine)",3,35.0,10,0,0,,,0
2022-08-12 14:02:50,"Treino B",1h 29m,"Squat (Barbell)",1,10.0,12,0,0,"",,0
2022-08-12 14:02:50,"Treino B",1h 29m,"Squat (Barbell)",2,10.0,12,0,0,,,0
2022-08-12 14:02:50,"Treino B",1h 29m,"Squat (Barbell)",3,10.0,12,0,0,,,0
2022-08-12 14:02:50,"Treino B",1h 29m,"Hack Squat",1,40.0,12,0,0,"",,0
2022-08-12 14:02:50,"Treino B",1h 29m,"Hack Squat",2,40.0,12,0,0,,,0
2022-08-12 14:02:50,"Treino B",1h 29m,"Hack Squat",3,40.0,12,0,0,,,0
2022-08-12 14:02:50,"Treino B",1h 29m,"Running (Treadmill)",1,0,0,0,1500,"",,0
2022-08-13 14:13:51,"Treino C",1h 47m,"Running (Treadmill)",1,0,0,2.43,960,"","",0
2022-08-13 14:13:51,"Treino C",1h 47m,"Stiff Leg Deadlift (Barbell)",1,12.0,12,0,0,"",,0
2022-08-13 14:13:51,"Treino C",1h 47m,"Stiff Leg Deadlift (Barbell)",2,12.0,12,0,0,,,0
2022-08-13 14:13:51,"Treino C",1h 47m,"Stiff Leg Deadlift (Barbell)",3,12.0,15,0,0,,,0
2022-08-13 14:13:51,"Treino C",1h 47m,"Hip Thrust (Barbell)",1,14.0,15,0,0,"",,0
2022-08-13 14:13:51,"Treino C",1h 47m,"Hip Thrust (Barbell)",2,14.0,18,0,0,,,0
2022-08-13 14:13:51,"Treino C",1h 47m,"Hip Thrust (Barbell)",3,14.0,15,0,0,,,0
2022-08-13 14:13:51,"Treino C",1h 47m,"Lying Leg Curl (Machine)",1,25.0,12,0,0,"",,0
2022-08-13 14:13:51,"Treino C",1h 47m,"Lying Leg Curl (Machine)",2,25.0,12,0,0,,,0
2022-08-13 14:13:51,"Treino C",1h 47m,"Lying Leg Curl (Machine)",3,25.0,12,0,0,,,0
2022-08-13 14:13:51,"Treino C",1h 47m,"Standing Calf Raise (Bodyweight)",1,0,25,0,0,"",,0
2022-08-13 14:13:51,"Treino C",1h 47m,"Standing Calf Raise (Bodyweight)",2,0,25,0,0,,,0
2022-08-13 14:13:51,"Treino C",1h 47m,"Standing Calf Raise (Bodyweight)",3,0,25,0,0,,,0
2022-08-13 14:13:51,"Treino C",1h 47m,"hip extension",1,7.0,12,0,0,"",,0
2022-08-13 14:13:51,"Treino C",1h 47m,"hip extension",2,7.0,12,0,0,,,0
2022-08-13 14:13:51,"Treino C",1h 47m,"hip extension",3,7.0,12,0,0,,,0
2022-08-13 14:13:51,"Treino C",1h 47m,"Running (Treadmill)",1,0,0,4.0,1500,"",,0
2022-08-13 14:13:51,"Treino C",1h 47m,"Plank",1,0,0,0,42,"",,0
2022-08-15 19:55:17,"Treino A",1h 38m,"Running (Treadmill)",1,0,0,2.43,900,"","",0
2022-08-15 19:55:17,"Treino A",1h 38m,"Seated Row (Cable)",1,25.0,12,0,0,"",,0
2022-08-15 19:55:17,"Treino A",1h 38m,"Seated Row (Cable)",2,25.0,12,0,0,,,0
2022-08-15 19:55:17,"Treino A",1h 38m,"Seated Row (Cable)",3,25.0,12,0,0,,,0
2022-08-15 19:55:17,"Treino A",1h 38m,"Lat Pulldown (Cable)",1,25.0,15,0,0,"",,0
2022-08-15 19:55:17,"Treino A",1h 38m,"Lat Pulldown (Cable)",2,30.0,12,0,0,,,0
2022-08-15 19:55:17,"Treino A",1h 38m,"Lat Pulldown (Cable)",3,30.0,12,0,0,,,0
2022-08-15 19:55:17,"Treino A",1h 38m,"Running (Treadmill)",1,0,0,2.0,600,"",,0
2022-08-15 19:55:17,"Treino A",1h 38m,"Bicep Curl (Cable)",1,15.0,12,0,0,"",,0
2022-08-15 19:55:17,"Treino A",1h 38m,"Bicep Curl (Cable)",2,20.0,10,0,0,,,0
2022-08-15 19:55:17,"Treino A",1h 38m,"Bicep Curl (Cable)",3,15.0,12,0,0,,,0
2022-08-15 19:55:17,"Treino A",1h 38m,"Bicep Curl (Dumbbell)",1,5.0,15,0,0,"",,0
2022-08-15 19:55:17,"Treino A",1h 38m,"Bicep Curl (Dumbbell)",2,8.0,10,0,0,,,0
2022-08-15 19:55:17,"Treino A",1h 38m,"Bicep Curl (Dumbbell)",3,8.0,11,0,0,,,0
2022-08-15 19:55:17,"Treino A",1h 38m,"Chest Fly",1,20.0,12,0,0,"",,0
2022-08-15 19:55:17,"Treino A",1h 38m,"Chest Fly",2,15.0,12,0,0,,,0
2022-08-15 19:55:17,"Treino A",1h 38m,"Chest Fly",3,15.0,14,0,0,,,0
2022-08-15 19:55:17,"Treino A",1h 38m,"Triceps Extension",1,20.0,12,0,0,"",,0
2022-08-15 19:55:17,"Treino A",1h 38m,"Triceps Extension",2,20.0,12,0,0,,,0
2022-08-15 19:55:17,"Treino A",1h 38m,"Triceps Extension",3,20.0,12,0,0,,,0
2022-08-15 19:55:17,"Treino A",1h 38m,"Triceps Extension (Dumbbell)",1,5.0,15,0,0,"",,0
2022-08-15 19:55:17,"Treino A",1h 38m,"Triceps Extension (Dumbbell)",2,5.0,15,0,0,,,0
2022-08-15 19:55:17,"Treino A",1h 38m,"Triceps Extension (Dumbbell)",3,5.0,12,0,0,,,0
2022-08-16 14:24:54,"Treino B",1h 20m,"Running (Treadmill)",1,0,0,4.0,1500,"","",0
2022-08-16 14:24:54,"Treino B",1h 20m,"Leg Press",1,70.0,12,0,0,"",,0
2022-08-16 14:24:54,"Treino B",1h 20m,"Leg Press",2,70.0,12,0,0,,,0
2022-08-16 14:24:54,"Treino B",1h 20m,"Leg Press",3,70.0,12,0,0,,,0
2022-08-16 14:24:54,"Treino B",1h 20m,"Leg Extension (Machine)",1,10.0,12,0,0,"",,0
2022-08-16 14:24:54,"Treino B",1h 20m,"Leg Extension (Machine)",2,10.0,12,0,0,,,0
2022-08-16 14:24:54,"Treino B",1h 20m,"Leg Extension (Machine)",3,10.0,15,0,0,,,0
2022-08-16 14:24:54,"Treino B",1h 20m,"Hip Abductor (Machine)",1,30.0,12,0,0,"",,0
2022-08-16 14:24:54,"Treino B",1h 20m,"Hip Abductor (Machine)",2,30.0,12,0,0,,,0
2022-08-16 14:24:54,"Treino B",1h 20m,"Hip Abductor (Machine)",3,35.0,12,0,0,,,0
2022-08-16 14:24:54,"Treino B",1h 20m,"Squat (Barbell)",1,10.0,12,0,0,"",,0
2022-08-16 14:24:54,"Treino B",1h 20m,"Squat (Barbell)",2,10.0,12,0,0,,,0
2022-08-16 14:24:54,"Treino B",1h 20m,"Squat (Barbell)",3,10.0,12,0,0,,,0
2022-08-16 14:24:54,"Treino B",1h 20m,"Hack Squat",1,30.0,12,0,0,"",,0
2022-08-16 14:24:54,"Treino B",1h 20m,"Hack Squat",2,35.0,12,0,0,,,0
2022-08-16 14:24:54,"Treino B",1h 20m,"Hack Squat",3,40.0,15,0,0,,,0
2022-08-17 13:48:24,"Treino C",52m,"Running (Treadmill)",1,0,0,2.43,960,"","",0
2022-08-17 13:48:24,"Treino C",52m,"Stiff Leg Deadlift (Barbell)",1,12.0,12,0,0,"",,0
2022-08-17 13:48:24,"Treino C",52m,"Stiff Leg Deadlift (Barbell)",2,12.0,12,0,0,,,0
2022-08-17 13:48:24,"Treino C",52m,"Stiff Leg Deadlift (Barbell)",3,12.0,15,0,0,,,0
2022-08-17 13:48:24,"Treino C",52m,"Hip Thrust (Barbell)",1,16.0,13,0,0,"",,0
2022-08-17 13:48:24,"Treino C",52m,"Hip Thrust (Barbell)",2,16.0,13,0,0,,,0
2022-08-17 13:48:24,"Treino C",52m,"Hip Thrust (Barbell)",3,16.0,15,0,0,,,0
2022-08-17 13:48:24,"Treino C",52m,"Lying Leg Curl (Machine)",1,25.0,12,0,0,"",,0
2022-08-17 13:48:24,"Treino C",52m,"Lying Leg Curl (Machine)",2,30.0,11,0,0,,,0
2022-08-17 13:48:24,"Treino C",52m,"Lying Leg Curl (Machine)",3,30.0,8,0,0,,,0
2022-08-17 13:48:24,"Treino C",52m,"Standing Calf Raise (Bodyweight)",1,0,30,0,0,"",,0
2022-08-17 13:48:24,"Treino C",52m,"Standing Calf Raise (Bodyweight)",2,0,28,0,0,,,0
2022-08-17 13:48:24,"Treino C",52m,"Standing Calf Raise (Bodyweight)",3,0,30,0,0,,,0
2022-08-17 13:48:24,"Treino C",52m,"hip extension",1,7.0,12,0,0,"",,0
2022-08-18 15:43:00,"Treino A",1h 8m,"Running (Treadmill)",1,0,0,2.3,900,"","",0
2022-08-18 15:43:00,"Treino A",1h 8m,"Seated Row (Cable)",1,25.0,12,0,0,"",,0
2022-08-18 15:43:00,"Treino A",1h 8m,"Seated Row (Cable)",2,30.0,12,0,0,,,0
2022-08-18 15:43:00,"Treino A",1h 8m,"Seated Row (Cable)",3,30.0,12,0,0,,,0
2022-08-18 15:43:00,"Treino A",1h 8m,"Lat Pulldown (Cable)",1,25.0,12,0,0,"",,0
2022-08-18 15:43:00,"Treino A",1h 8m,"Lat Pulldown (Cable)",2,25.0,12,0,0,,,0
2022-08-18 15:43:00,"Treino A",1h 8m,"Lat Pulldown (Cable)",3,25.0,12,0,0,,,0
2022-08-18 15:43:00,"Treino A",1h 8m,"Running (Treadmill)",1,0,0,2.0,600,"",,0
2022-08-18 15:43:00,"Treino A",1h 8m,"Bicep Curl (Cable)",1,15.0,12,0,0,"",,0
2022-08-18 15:43:00,"Treino A",1h 8m,"Bicep Curl (Cable)",2,20.0,10,0,0,,,0
2022-08-18 15:43:00,"Treino A",1h 8m,"Bicep Curl (Cable)",3,10.0,12,0,0,,,0
2022-08-19 14:34:33,"Treino B",1h 41m,"Running (Treadmill)",1,0,0,4.0,1500,"","",0
2022-08-19 14:34:33,"Treino B",1h 41m,"Leg Press",1,70.0,12,0,0,"",,0
2022-08-19 14:34:33,"Treino B",1h 41m,"Leg Press",2,70.0,12,0,0,,,0
2022-08-19 14:34:33,"Treino B",1h 41m,"Leg Press",3,70.0,12,0,0,,,0
2022-08-19 14:34:33,"Treino B",1h 41m,"Leg Extension (Machine)",1,10.0,12,0,0,"",,0
2022-08-19 14:34:33,"Treino B",1h 41m,"Leg Extension (Machine)",2,10.0,12,0,0,,,0
2022-08-19 14:34:33,"Treino B",1h 41m,"Leg Extension (Machine)",3,15.0,12,0,0,,,0
2022-08-19 14:34:33,"Treino B",1h 41m,"Hip Abductor (Machine)",1,30.0,12,0,0,"",,0
2022-08-19 14:34:33,"Treino B",1h 41m,"Hip Abductor (Machine)",2,30.0,12,0,0,,,0
2022-08-19 14:34:33,"Treino B",1h 41m,"Hip Abductor (Machine)",3,30.0,15,0,0,,,0
2022-08-19 14:34:33,"Treino B",1h 41m,"Squat (Barbell)",1,10.0,15,0,0,"",,0
2022-08-19 14:34:33,"Treino B",1h 41m,"Squat (Barbell)",2,10.0,12,0,0,,,0
2022-08-19 14:34:33,"Treino B",1h 41m,"Squat (Barbell)",3,10.0,12,0,0,,,0
2022-08-19 14:34:33,"Treino B",1h 41m,"Hack Squat",1,40.0,12,0,0,"",,0
2022-08-19 14:34:33,"Treino B",1h 41m,"Hack Squat",2,40.0,12,0,0,,,0
2022-08-19 14:34:33,"Treino B",1h 41m,"Hack Squat",3,40.0,12,0,0,,,0
2022-08-22 14:50:20,"Treino C",1h 17m,"Running (Treadmill)",1,0,0,3.0,900,"","",0
2022-08-22 14:50:20,"Treino C",1h 17m,"Stiff Leg Deadlift (Barbell)",1,14.0,15,0,0,"",,0
2022-08-22 14:50:20,"Treino C",1h 17m,"Stiff Leg Deadlift (Barbell)",2,14.0,15,0,0,,,0
2022-08-22 14:50:20,"Treino C",1h 17m,"Stiff Leg Deadlift (Barbell)",3,14.0,15,0,0,,,0
2022-08-22 14:50:20,"Treino C",1h 17m,"Hip Thrust (Barbell)",1,18.0,15,0,0,"",,0
2022-08-22 14:50:20,"Treino C",1h 17m,"Hip Thrust (Barbell)",2,18.0,18,0,0,,,0
2022-08-22 14:50:20,"Treino C",1h 17m,"Hip Thrust (Barbell)",3,18.0,20,0,0,,,0
2022-08-22 14:50:20,"Treino C",1h 17m,"Lying Leg Curl (Machine)",1,20.0,12,0,0,"",,0
2022-08-22 14:50:20,"Treino C",1h 17m,"Lying Leg Curl (Machine)",2,25.0,12,0,0,,,0
2022-08-22 14:50:20,"Treino C",1h 17m,"Lying Leg Curl (Machine)",3,30.0,12,0,0,,,0
2022-08-22 14:50:20,"Treino C",1h 17m,"Standing Calf Raise (Bodyweight)",1,0,30,0,0,"",,0
2022-08-22 14:50:20,"Treino C",1h 17m,"Standing Calf Raise (Bodyweight)",2,0,30,0,0,,,0
2022-08-22 14:50:20,"Treino C",1h 17m,"Standing Calf Raise (Bodyweight)",3,0,25,0,0,,,0
2022-08-22 14:50:20,"Treino C",1h 17m,"hip extension",1,10.0,12,0,0,"",,0
2022-08-22 14:50:20,"Treino C",1h 17m,"hip extension",2,10.0,12,0,0,,,0
2022-08-22 14:50:20,"Treino C",1h 17m,"hip extension",3,15.0,12,0,0,,,0
2022-08-22 14:50:20,"Treino C",1h 17m,"Running (Treadmill)",1,0,0,2.0,600,"",,0
2022-08-23 14:57:17,"Treino B",1h 13m,"Running (Treadmill)",1,0,0,2.0,900,"","",0
2022-08-23 14:57:17,"Treino B",1h 13m,"Leg Press",1,70.0,12,0,0,"",,0
2022-08-23 14:57:17,"Treino B",1h 13m,"Leg Press",2,70.0,12,0,0,,,0
2022-08-23 14:57:17,"Treino B",1h 13m,"Leg Press",3,70.0,10,0,0,,,0
2022-08-23 14:57:17,"Treino B",1h 13m,"Leg Extension (Machine)",1,20.0,12,0,0,"",,0
2022-08-23 14:57:17,"Treino B",1h 13m,"Leg Extension (Machine)",2,20.0,12,0,0,,,0
2022-08-23 14:57:17,"Treino B",1h 13m,"Leg Extension (Machine)",3,20.0,12,0,0,,,0
2022-08-23 14:57:17,"Treino B",1h 13m,"Hip Abductor (Machine)",1,30.0,12,0,0,"",,0
2022-08-23 14:57:17,"Treino B",1h 13m,"Hip Abductor (Machine)",2,30.0,12,0,0,,,0
2022-08-23 14:57:17,"Treino B",1h 13m,"Hip Abductor (Machine)",3,30.0,12,0,0,,,0
2022-08-23 14:57:17,"Treino B",1h 13m,"Squat (Barbell)",1,10.0,12,0,0,"",,0
2022-08-23 14:57:17,"Treino B",1h 13m,"Squat (Barbell)",2,10.0,12,0,0,,,0
2022-08-23 14:57:17,"Treino B",1h 13m,"Squat (Barbell)",3,10.0,12,0,0,,,0
2022-08-23 14:57:17,"Treino B",1h 13m,"Hack Squat",1,35.0,12,0,0,"",,0
2022-08-23 14:57:17,"Treino B",1h 13m,"Hack Squat",2,35.0,12,0,0,,,0
2022-08-23 14:57:17,"Treino B",1h 13m,"Hack Squat",3,35.0,12,0,0,,,0
2022-08-27 22:54:15,"Treino A",1h 42m,"Running (Treadmill)",1,0,0,2.5,900,"","",0
2022-08-27 22:54:15,"Treino A",1h 42m,"Seated Row (Cable)",1,30.0,12,0,0,"",,0
2022-08-27 22:54:15,"Treino A",1h 42m,"Seated Row (Cable)",2,30.0,12,0,0,,,0
2022-08-27 22:54:15,"Treino A",1h 42m,"Seated Row (Cable)",3,30.0,12,0,0,,,0
2022-08-27 22:54:15,"Treino A",1h 42m,"Lat Pulldown (Cable)",1,25.0,12,0,0,"",,0
2022-08-27 22:54:15,"Treino A",1h 42m,"Lat Pulldown (Cable)",2,20.0,12,0,0,,,0
2022-08-27 22:54:15,"Treino A",1h 42m,"Lat Pulldown (Cable)",3,20.0,12,0,0,,,0
2022-08-27 22:54:15,"Treino A",1h 42m,"Running (Treadmill)",1,0,0,2.0,600,"",,0
2022-08-27 22:54:15,"Treino A",1h 42m,"Bicep Curl (Cable)",1,15.0,12,0,0,"",,0
2022-08-27 22:54:15,"Treino A",1h 42m,"Bicep Curl (Cable)",2,15.0,12,0,0,,,0
2022-08-27 22:54:15,"Treino A",1h 42m,"Bicep Curl (Cable)",3,15.0,12,0,0,,,0
2022-08-29 14:05:09,"Treino B",1h 24m,"Running (Treadmill)",1,0,0,2.0,900,"","",0
2022-08-29 14:05:09,"Treino B",1h 24m,"Leg Press",1,70.0,20,0,0,"",,0
2022-08-29 14:05:09,"Treino B",1h 24m,"Leg Press",2,70.0,20,0,0,,,0
2022-08-29 14:05:09,"Treino B",1h 24m,"Leg Press",3,70.0,20,0,0,,,0
2022-08-29 14:05:09,"Treino B",1h 24m,"Leg Extension (Machine)",1,20.0,18,0,0,"",,0
2022-08-29 14:05:09,"Treino B",1h 24m,"Leg Extension (Machine)",2,20.0,18,0,0,,,0
2022-08-29 14:05:09,"Treino B",1h 24m,"Leg Extension (Machine)",3,25.0,18,0,0,,,0
2022-08-29 14:05:09,"Treino B",1h 24m,"Hip Abductor (Machine)",1,30.0,12,0,0,"",,0
2022-08-29 14:05:09,"Treino B",1h 24m,"Hip Abductor (Machine)",2,30.0,12,0,0,,,0
2022-08-29 14:05:09,"Treino B",1h 24m,"Hip Abductor (Machine)",3,35.0,12,0,0,,,0
2022-08-29 14:05:09,"Treino B",1h 24m,"Squat (Barbell)",1,16.0,12,0,0,"",,0
2022-08-29 14:05:09,"Treino B",1h 24m,"Squat (Barbell)",2,16.0,12,0,0,,,0
2022-08-29 14:05:09,"Treino B",1h 24m,"Squat (Barbell)",3,16.0,12,0,0,,,0
2022-08-29 14:05:09,"Treino B",1h 24m,"Squat (Barbell)",4,20.0,12,0,0,,,0
2022-08-30 13:45:55,"Treino C",1h 48m,"Stiff Leg Deadlift (Barbell)",1,12.0,12,0,0,"","",0
2022-08-30 13:45:55,"Treino C",1h 48m,"Stiff Leg Deadlift (Barbell)",2,12.0,12,0,0,,,0
2022-08-30 13:45:55,"Treino C",1h 48m,"Stiff Leg Deadlift (Barbell)",3,14.0,12,0,0,,,0
2022-08-30 13:45:55,"Treino C",1h 48m,"Hip Thrust (Barbell)",1,20.0,10,0,0,"",,0
2022-08-30 13:45:55,"Treino C",1h 48m,"Hip Thrust (Barbell)",2,20.0,15,0,0,,,0
2022-08-30 13:45:55,"Treino C",1h 48m,"Hip Thrust (Barbell)",3,20.0,15,0,0,,,0
2022-08-30 13:45:55,"Treino C",1h 48m,"Lying Leg Curl (Machine)",1,22.0,12,0,0,"",,0
2022-08-30 13:45:55,"Treino C",1h 48m,"Lying Leg Curl (Machine)",2,22.0,12,0,0,,,0
2022-08-30 13:45:55,"Treino C",1h 48m,"Lying Leg Curl (Machine)",3,22.0,12,0,0,,,0
2022-08-30 13:45:55,"Treino C",1h 48m,"Standing Calf Raise (Bodyweight)",1,0,30,0,0,"",,0
2022-08-30 13:45:55,"Treino C",1h 48m,"Standing Calf Raise (Bodyweight)",2,0,35,0,0,,,0
2022-08-30 13:45:55,"Treino C",1h 48m,"Standing Calf Raise (Bodyweight)",3,0,37,0,0,,,0
2022-08-30 13:45:55,"Treino C",1h 48m,"Bulgarian Split Squat",1,3.0,12,0,0,"",,0
2022-08-30 13:45:55,"Treino C",1h 48m,"Bulgarian Split Squat",2,3.0,12,0,0,,,0
2022-08-30 13:45:55,"Treino C",1h 48m,"Running (Treadmill)",1,0,0,0,900,"",,0
2022-08-31 14:51:51,"Treino A",1h 50m,"Running (Treadmill)",1,0,0,2.0,900,"","",0
2022-08-31 14:51:51,"Treino A",1h 50m,"Crunch",1,0,20,0,0,"",,0
2022-08-31 14:51:51,"Treino A",1h 50m,"Crunch",2,0,20,0,0,,,0
2022-08-31 14:51:51,"Treino A",1h 50m,"Crunch",3,0,20,0,0,,,0
2022-08-31 14:51:51,"Treino A",1h 50m,"Crunch",4,0,15,0,0,,,0
2022-08-31 14:51:51,"Treino A",1h 50m,"Seated Row (Cable)",1,31.0,12,0,0,"",,0
2022-08-31 14:51:51,"Treino A",1h 50m,"Seated Row (Cable)",2,31.0,20,0,0,,,0
2022-08-31 14:51:51,"Treino A",1h 50m,"Seated Row (Cable)",3,38.0,15,0,0,,,0
2022-08-31 14:51:51,"Treino A",1h 50m,"Lat Pulldown (Cable)",1,18.0,12,0,0,"",,0
2022-08-31 14:51:51,"Treino A",1h 50m,"Lat Pulldown (Cable)",2,17.6,15,0,0,,,0
2022-08-31 14:51:51,"Treino A",1h 50m,"Lat Pulldown (Cable)",3,17.6,20,0,0,,,0
2022-08-31 14:51:51,"Treino A",1h 50m,"Running (Treadmill)",1,0,0,2.43,900,"",,0
2022-08-31 14:51:51,"Treino A",1h 50m,"Bicep Curl (Cable)",1,15.0,20,0,0,"",,0
2022-08-31 14:51:51,"Treino A",1h 50m,"Bicep Curl (Cable)",2,20.0,8,0,0,,,0
2022-08-31 14:51:51,"Treino A",1h 50m,"Bicep Curl (Cable)",3,15.0,20,0,0,,,0
2022-08-31 14:51:51,"Treino A",1h 50m,"Bicep Curl (Dumbbell)",1,6.0,12,0,0,"",,0
2022-08-31 14:51:51,"Treino A",1h 50m,"Bicep Curl (Dumbbell)",2,6.0,12,0,0,,,0
2022-08-31 14:51:51,"Treino A",1h 50m,"Bicep Curl (Dumbbell)",3,6.0,10,0,0,,,0
2022-08-31 14:51:51,"Treino A",1h 50m,"Chest Fly",1,17.6,15,0,0,"",,0
2022-08-31 14:51:51,"Treino A",1h 50m,"Chest Fly",2,17.6,15,0,0,,,0
2022-08-31 14:51:51,"Treino A",1h 50m,"Chest Fly",3,17.6,20,0,0,,,0
2022-08-31 14:51:51,"Treino A",1h 50m,"Triceps Extension (Cable)",1,10.0,15,0,0,"",,0
2022-08-31 14:51:51,"Treino A",1h 50m,"Triceps Extension (Cable)",2,10.0,20,0,0,,,0
2022-08-31 14:51:51,"Treino A",1h 50m,"Triceps Extension (Cable)",3,15.0,8,0,0,,,0
2022-09-13 06:37:52,"Treino B",1h 17m,"Leg Press",1,70.0,15,0,0,"","",0
2022-09-13 06:37:52,"Treino B",1h 17m,"Leg Press",2,80.0,15,0,0,,,0
2022-09-13 06:37:52,"Treino B",1h 17m,"Leg Press",3,80.0,20,0,0,,,0
2022-09-13 06:37:52,"Treino B",1h 17m,"Leg Extension (Machine)",1,25.0,12,0,0,"",,0
2022-09-13 06:37:52,"Treino B",1h 17m,"Leg Extension (Machine)",2,25.0,15,0,0,,,0
2022-09-13 06:37:52,"Treino B",1h 17m,"Leg Extension (Machine)",3,25.0,12,0,0,,,0
2022-09-13 06:37:52,"Treino B",1h 17m,"Hip Abductor (Machine)",1,30.0,15,0,0,"",,0
2022-09-13 06:37:52,"Treino B",1h 17m,"Hip Abductor (Machine)",2,30.0,15,0,0,,,0
2022-09-15 06:44:53,"Treino da manhã",1h 2m,"Squat (Barbell)",1,20.0,12,0,0,"","",0
2022-09-15 06:44:53,"Treino da manhã",1h 2m,"Squat (Barbell)",2,20.0,15,0,0,,,0
2022-09-15 06:44:53,"Treino da manhã",1h 2m,"Squat (Barbell)",3,20.0,15,0,0,,,0
2022-09-15 06:44:53,"Treino da manhã",1h 2m,"Hack Squat",1,30.0,12,0,0,"",,0
2022-09-15 06:44:53,"Treino da manhã",1h 2m,"Hack Squat",2,30.0,12,0,0,,,0
2022-09-15 06:44:53,"Treino da manhã",1h 2m,"Hack Squat",3,30.0,12,0,0,,,0
2022-09-15 06:44:53,"Treino da manhã",1h 2m,"Seated Row (Cable)",1,25.0,12,0,0,"",,0
2022-09-15 06:44:53,"Treino da manhã",1h 2m,"Seated Row (Cable)",2,25.0,15,0,0,,,0
2022-09-15 06:44:53,"Treino da manhã",1h 2m,"Seated Row (Cable)",3,25.0,15,0,0,,,0
2022-09-15 06:44:53,"Treino da manhã",1h 2m,"Lat Pulldown (Cable)",1,22.6,12,0,0,"",,0
2022-09-15 06:44:53,"Treino da manhã",1h 2m,"Lat Pulldown (Cable)",2,22.6,12,0,0,,,0
2022-09-15 06:44:53,"Treino da manhã",1h 2m,"Lat Pulldown (Cable)",3,22.6,20,0,0,,,0
2022-09-15 06:44:53,"Treino da manhã",1h 2m,"Bicep Curl (Cable)",1,18.0,12,0,0,"",,0
2022-09-15 06:44:53,"Treino da manhã",1h 2m,"Bicep Curl (Cable)",2,18.0,12,0,0,,,0
2022-09-15 06:44:53,"Treino da manhã",1h 2m,"Bicep Curl (Cable)",3,18.0,12,0,0,,,0
2022-09-15 06:44:53,"Treino da manhã",1h 2m,"Bicep Curl (Dumbbell)",1,6.0,8,0,0,"",,0
2022-09-15 06:44:53,"Treino da manhã",1h 2m,"Bicep Curl (Dumbbell)",2,6.0,8,0,0,,,0
2022-09-15 06:44:53,"Treino da manhã",1h 2m,"Triceps Extension",1,18.0,15,0,0,"",,0
2022-09-15 06:44:53,"Treino da manhã",1h 2m,"Triceps Extension",2,18.0,12,0,0,,,0
2022-09-17 11:51:24,"Treino C",2h 50m,"Running (Treadmill)",1,0,0,3.7175754,900,"","",0
2022-09-17 11:51:24,"Treino C",2h 50m,"Stiff Leg Deadlift (Barbell)",1,20.0,13,0,0,"",,0
2022-09-17 11:51:24,"Treino C",2h 50m,"Stiff Leg Deadlift (Barbell)",2,20.0,15,0,0,,,0
2022-09-17 11:51:24,"Treino C",2h 50m,"Stiff Leg Deadlift (Barbell)",3,20.0,16,0,0,,,0
2022-09-17 11:51:24,"Treino C",2h 50m,"Hip Thrust (Barbell)",1,30.0,10,0,0,"",,0
2022-09-17 11:51:24,"Treino C",2h 50m,"Hip Thrust (Barbell)",2,30.0,10,0,0,,,0
2022-09-17 11:51:24,"Treino C",2h 50m,"Hip Thrust (Barbell)",3,30.0,12,0,0,,,0
2022-09-17 11:51:24,"Treino C",2h 50m,"Lying Leg Curl (Machine)",1,25.3,15,0,0,"",,0
2022-09-17 11:51:24,"Treino C",2h 50m,"Lying Leg Curl (Machine)",2,25.3,12,0,0,,,0
2022-09-17 11:51:24,"Treino C",2h 50m,"Lying Leg Curl (Machine)",3,26.4,10,0,0,,,0
2022-09-17 11:51:24,"Treino C",2h 50m,"hip extension",1,11.0,12,0,0,"",,0
2022-09-17 11:51:24,"Treino C",2h 50m,"hip extension",2,14.0,12,0,0,,,
2022-09-20 06:44:17,"Treino A",54m,"Seated Row (Cable)",1,25.0,11,0,0,"","",0
2022-09-20 06:44:17,"Treino A",54m,"Seated Row (Cable)",2,25.0,12,0,0,,,0
2022-09-20 06:44:17,"Treino A",54m,"Seated Row (Cable)",3,30.0,12,0,0,,,0
2022-09-20 06:44:17,"Treino A",54m,"Lat Pulldown (Cable)",1,25.0,12,0,0,"",,0
2022-09-20 06:44:17,"Treino A",54m,"Lat Pulldown (Cable)",2,25.0,15,0,0,,,0
2022-09-20 06:44:17,"Treino A",54m,"Lat Pulldown (Cable)",3,27.3,8,0,0,,,0
2022-09-20 06:44:17,"Treino A",54m,"Bicep Curl (Cable)",1,18.0,12,0,0,"",,0
2022-09-20 06:44:17,"Treino A",54m,"Bicep Curl (Cable)",2,18.0,12,0,0,,,0
2022-09-20 06:44:17,"Treino A",54m,"Bicep Curl (Cable)",3,18.0,12,0,0,,,0
2022-09-20 06:44:17,"Treino A",54m,"Bicep Curl (Dumbbell)",1,5.0,12,0,0,"",,0
2022-09-20 06:44:17,"Treino A",54m,"Bicep Curl (Dumbbell)",2,5.0,12,0,0,,,0
2022-09-20 06:44:17,"Treino A",54m,"Bicep Curl (Dumbbell)",3,5.0,17,0,0,,,0
2022-09-20 06:44:17,"Treino A",54m,"Triceps Extension",1,16.3,15,0,0,"",,0
2022-09-20 06:44:17,"Treino A",54m,"Triceps Extension",2,18.0,12,0,0,,,0
2022-09-20 06:44:17,"Treino A",54m,"Triceps Extension",3,20.3,12,0,0,,,0
2022-09-20 06:44:17,"Treino A",54m,"Triceps Extension (Dumbbell)",1,6.0,12,0,0,"",,0
2022-09-20 06:44:17,"Treino A",54m,"Triceps Extension (Dumbbell)",2,6.0,12,0,0,,,0
2022-09-21 06:23:33,"Treino B",57m,"Leg Press",1,80.0,15,0,0,"","",0
2022-09-21 06:23:33,"Treino B",57m,"Leg Press",2,80.0,12,0,0,,,0
2022-09-21 06:23:33,"Treino B",57m,"Leg Press",3,80.0,14,0,0,,,0
2022-09-21 06:23:33,"Treino B",57m,"Leg Extension (Machine)",1,25.0,15,0,0,"",,0
2022-09-21 06:23:33,"Treino B",57m,"Leg Extension (Machine)",2,25.0,12,0,0,,,0
2022-09-21 06:23:33,"Treino B",57m,"Leg Extension (Machine)",3,27.3,15,0,0,,,0
2022-09-21 06:23:33,"Treino B",57m,"Hip Abductor (Machine)",1,35.0,8,0,0,"",,0
2022-09-21 06:23:33,"Treino B",57m,"Hip Abductor (Machine)",2,35.0,10,0,0,,,0
2022-09-21 06:23:33,"Treino B",57m,"Hip Abductor (Machine)",3,35.0,8,0,0,,,0
2022-09-26 06:33:43,"Treino B",54m,"Leg Press",1,85.0,12,0,0,"","",0
2022-09-26 06:33:43,"Treino B",54m,"Leg Press",2,85.0,12,0,0,,,0
2022-09-26 06:33:43,"Treino B",54m,"Leg Press",3,85.0,12,0,0,,,0
2022-09-26 06:33:43,"Treino B",54m,"Leg Extension (Machine)",1,27.3,12,0,0,"",,0
2022-09-26 06:33:43,"Treino B",54m,"Leg Extension (Machine)",2,27.3,15,0,0,,,0
2022-09-26 06:33:43,"Treino B",54m,"Leg Extension (Machine)",3,27.3,15,0,0,,,0
2022-09-26 06:33:43,"Treino B",54m,"Hip Abductor (Machine)",1,30.0,12,0,0,"",,0
2022-09-26 06:33:43,"Treino B",54m,"Hip Abductor (Machine)",2,30.0,15,0,0,,,0
2022-09-26 06:33:43,"Treino B",54m,"Hip Abductor (Machine)",3,35.0,15,0,0,,,0
2022-09-26 06:33:43,"Treino B",54m,"Squat (Barbell)",1,20.0,12,0,0,"",,0
2022-09-26 06:33:43,"Treino B",54m,"Squat (Barbell)",2,20.0,12,0,0,,,0
2022-09-26 06:33:43,"Treino B",54m,"Squat (Barbell)",3,20.0,15,0,0,,,0
2022-09-29 07:11:16,"Treino A",1h 31m,"Seated Row (Cable)",1,27.3,12,0,0,"","",0
2022-09-29 07:11:16,"Treino A",1h 31m,"Seated Row (Cable)",2,27.3,12,0,0,,,0
2022-09-29 07:11:16,"Treino A",1h 31m,"Seated Row (Cable)",3,27.3,12,0,0,,,0
2022-09-29 07:11:16,"Treino A",1h 31m,"Lat Pulldown (Cable)",1,27.3,10,0,0,"",,0
2022-09-29 07:11:16,"Treino A",1h 31m,"Lat Pulldown (Cable)",2,27.3,8,0,0,,,0
2022-09-29 07:11:16,"Treino A",1h 31m,"Lat Pulldown (Cable)",3,27.3,12,0,0,,,0
2022-09-29 07:11:16,"Treino A",1h 31m,"Bicep Curl (Cable)",1,20.3,12,0,0,"",,0
2022-09-29 07:11:16,"Treino A",1h 31m,"Bicep Curl (Cable)",2,20.3,12,0,0,,,0
2022-09-29 07:11:16,"Treino A",1h 31m,"Bicep Curl (Cable)",3,20.3,8,0,0,,,0
2022-09-29 07:11:16,"Treino A",1h 31m,"Bicep Curl (Dumbbell)",1,6.0,12,0,0,"",,0
2022-09-29 07:11:16,"Treino A",1h 31m,"Bicep Curl (Dumbbell)",2,6.0,12,0,0,,,0
2022-09-29 07:11:16,"Treino A",1h 31m,"Bicep Curl (Dumbbell)",3,6.0,15,0,0,,,0
2022-09-29 07:11:16,"Treino A",1h 31m,"Seated Overhead Press (Dumbbell)",1,5.0,12,0,0,"",,0
2022-09-29 07:11:16,"Treino A",1h 31m,"Seated Overhead Press (Dumbbell)",2,5.0,12,0,0,,,0
2022-09-29 07:11:16,"Treino A",1h 31m,"Seated Overhead Press (Dumbbell)",3,5.0,12,0,0,,,0
2022-10-01 13:02:09,"Treino C",1h 25m,"Running (Treadmill)",1,0,0,3.7175754,900,"","",0
2022-10-01 13:02:09,"Treino C",1h 25m,"Stiff Leg Deadlift (Barbell)",1,20.0,15,0,0,"",,0
2022-10-01 13:02:09,"Treino C",1h 25m,"Stiff Leg Deadlift (Barbell)",2,25.0,10,0,0,,,0
2022-10-01 13:02:09,"Treino C",1h 25m,"Stiff Leg Deadlift (Barbell)",3,25.0,15,0,0,,,0
2022-10-01 13:02:09,"Treino C",1h 25m,"Hip Thrust (Barbell)",1,30.0,10,0,0,"",,0
2022-10-01 13:02:09,"Treino C",1h 25m,"Hip Thrust (Barbell)",2,30.0,12,0,0,,,0
2022-10-01 13:02:09,"Treino C",1h 25m,"Hip Thrust (Barbell)",3,30.0,16,0,0,,,0
2022-10-01 13:02:09,"Treino C",1h 25m,"Lying Leg Curl (Machine)",1,26.4,15,0,0,"",,0
2022-10-01 13:02:09,"Treino C",1h 25m,"Lying Leg Curl (Machine)",2,26.4,14,0,0,,,0
2022-10-01 13:02:09,"Treino C",1h 25m,"Lying Leg Curl (Machine)",3,26.4,11,0,0,,,0
2022-10-01 13:02:09,"Treino C",1h 25m,"hip extension",1,14.0,10,0,0,"",,0
2022-10-01 13:02:09,"Treino C",1h 25m,"hip extension",2,14.0,12,0,0,,,0
2022-10-01 13:02:09,"Treino C",1h 25m,"hip extension",3,14.0,10,0,0,,,0
2022-10-04 06:34:16,"Treino A",1h 27m,"Seated Row (Cable)",1,25.0,12,0,0,"","",0
2022-10-04 06:34:16,"Treino A",1h 27m,"Seated Row (Cable)",2,25.0,12,0,0,,,0
2022-10-04 06:34:16,"Treino A",1h 27m,"Seated Row (Cable)",3,27.3,15,0,0,,,0
2022-10-04 06:34:16,"Treino A",1h 27m,"Bicep Curl (Cable)",1,20.3,12,0,0,"",,0
2022-10-04 06:34:16,"Treino A",1h 27m,"Bicep Curl (Cable)",2,20.3,8,0,0,,,0
2022-10-04 06:34:16,"Treino A",1h 27m,"Bicep Curl (Cable)",3,20.3,8,0,0,,,0
2022-10-04 06:34:16,"Treino A",1h 27m,"Triceps Extension",1,20.3,15,0,0,"",,0
2022-10-04 06:34:16,"Treino A",1h 27m,"Triceps Extension",2,18.0,15,0,0,,,0
2022-10-04 06:34:16,"Treino A",1h 27m,"Triceps Extension",3,20.3,15,0,0,,,0
2022-10-04 06:34:16,"Treino A",1h 27m,"Triceps Extension (Cable)",1,14.0,10,0,0,"",,0
2022-10-04 06:34:16,"Treino A",1h 27m,"Triceps Extension (Cable)",2,14.0,10,0,0,,,0
2022-10-04 06:34:16,"Treino A",1h 27m,"Triceps Extension (Cable)",3,14.0,12,0,0,,,0
2022-10-06 06:45:35,"Treino B",1h 28m,"Leg Press",1,80.0,15,0,0,"","",0
2022-10-06 06:45:35,"Treino B",1h 28m,"Leg Press",2,80.0,15,0,0,,,0
2022-10-06 06:45:35,"Treino B",1h 28m,"Leg Press",3,80.0,15,0,0,,,0
2022-10-06 06:45:35,"Treino B",1h 28m,"Leg Extension (Machine)",1,27.3,12,0,0,"",,0
2022-10-06 06:45:35,"Treino B",1h 28m,"Leg Extension (Machine)",2,27.3,20,0,0,,,0
2022-10-06 06:45:35,"Treino B",1h 28m,"Leg Extension (Machine)",3,27.3,20,0,0,,,0
2022-10-06 06:45:35,"Treino B",1h 28m,"Hip Abductor (Machine)",1,35.0,20,0,0,"",,0
2022-10-06 06:45:35,"Treino B",1h 28m,"Hip Abductor (Machine)",2,35.0,15,0,0,,,0
2022-10-06 06:45:35,"Treino B",1h 28m,"Squat (Barbell)",1,25.0,12,0,0,"",,0
2022-10-06 06:45:35,"Treino B",1h 28m,"Squat (Barbell)",2,25.0,12,0,0,,,0
2022-10-06 06:45:35,"Treino B",1h 28m,"Squat (Barbell)",3,25.0,12,0,0,,,0
2023-04-19 06:20:28,"Legs",1h 5m,"Squat (Barbell)",1,20.0,6,0,0,"","",
2023-04-19 06:20:28,"Legs",1h 5m,"Squat (Barbell)",2,30.0,5,0,0,,,
2023-04-19 06:20:28,"Legs",1h 5m,"Squat (Barbell)",3,50.0,4,0,0,,,
2023-04-19 06:20:28,"Legs",1h 5m,"Squat (Barbell)",4,60.0,5,0,0,,,0
2023-04-19 06:20:28,"Legs",1h 5m,"Squat (Barbell)",5,60.0,5,0,0,,,
2023-04-19 06:20:28,"Legs",1h 5m,"Squat (Barbell)",6,60.0,5,0,0,,,
2023-04-19 06:20:28,"Legs",1h 5m,"Leg Press",1,110.0,10,0,0,"",,
2023-04-19 06:20:28,"Legs",1h 5m,"Leg Press",2,110.0,12,0,0,,,
2023-04-19 06:20:28,"Legs",1h 5m,"Leg Press",3,110.0,9,0,0,,,
2023-04-19 06:20:28,"Legs",1h 5m,"Lunge (Barbell)",1,30.0,11,0,0,"",,
2023-04-19 06:20:28,"Legs",1h 5m,"Lunge (Barbell)",2,30.0,10,0,0,,,
2023-04-19 06:20:28,"Legs",1h 5m,"Lunge (Barbell)",3,30.0,9,0,0,,,
2023-04-22 11:41:36,"Chest & Triceps ",1h 18m,"Bench Press (Barbell)",1,35.0,12,0,0,"","",
2023-04-22 11:41:36,"Chest & Triceps ",1h 18m,"Bench Press (Barbell)",2,35.0,8,0,0,,,
2023-04-22 11:41:36,"Chest & Triceps ",1h 18m,"Bench Press (Barbell)",3,35.0,8,0,0,,,
2023-04-22 11:41:36,"Chest & Triceps ",1h 18m,"Chest Fly (Dumbbell)",1,10.0,12,0,0,"",,
2023-04-22 11:41:36,"Chest & Triceps ",1h 18m,"Chest Fly (Dumbbell)",2,10.0,12,0,0,,,
2023-04-22 11:41:36,"Chest & Triceps ",1h 18m,"Chest Fly (Dumbbell)",3,12.0,8,0,0,,,
2023-04-22 11:41:36,"Chest & Triceps ",1h 18m,"Triceps Extension (Barbell)",1,15.0,18,0,0,"",,
2023-04-22 11:41:36,"Chest & Triceps ",1h 18m,"Triceps Extension (Barbell)",2,15.0,15,0,0,,,
2023-04-22 11:41:36,"Chest & Triceps ",1h 18m,"Triceps Extension (Barbell)",3,15.0,18,0,0,,,
2023-04-22 11:41:36,"Chest & Triceps ",1h 18m,"Triceps Extension (Cable)",1,27.0,8,0,0,"",,
2023-04-22 11:41:36,"Chest & Triceps ",1h 18m,"Triceps Extension (Cable)",2,23.0,12,0,0,,,
2023-04-22 11:41:36,"Chest & Triceps ",1h 18m,"Incline Bench Press (Barbell)",1,22.5,10,0,0,"",,
2023-04-22 11:41:36,"Chest & Triceps ",1h 18m,"Incline Bench Press (Barbell)",2,22.5,7,0,0,,,
2023-04-22 11:41:36,"Chest & Triceps ",1h 18m,"Incline Bench Press (Barbell)",3,20.0,3,0,0,,,
2023-04-22 11:41:36,"Chest & Triceps ",1h 18m,"Incline Bench Press (Barbell)",4,30.0,10,0,0,,,
2023-04-22 11:41:36,"Chest & Triceps ",1h 18m,"Incline Bench Press (Barbell)",5,30.0,10,0,0,,,
2023-04-22 11:41:36,"Chest & Triceps ",1h 18m,"Incline Bench Press (Barbell)",6,7.0,10,0,0,,,
2023-04-28 18:40:19,"Legs",1h 8m,"Squat (Barbell)",1,60.0,5,0,0,"","",
2023-04-28 18:40:19,"Legs",1h 8m,"Squat (Barbell)",2,70.0,9,0,0,,,
2023-04-28 18:40:19,"Legs",1h 8m,"Squat (Barbell)",3,70.0,3,0,0,,,
2023-04-28 18:40:19,"Legs",1h 8m,"Squat (Barbell)",4,70.0,2,0,0,,,
2023-04-28 18:40:19,"Legs",1h 8m,"Leg Press",1,100.0,10,0,0,"",,
2023-04-28 18:40:19,"Legs",1h 8m,"Leg Press",2,100.0,10,0,0,,,
2023-04-28 18:40:19,"Legs",1h 8m,"Leg Press",3,100.0,12,0,0,,,
2023-04-28 18:40:19,"Legs",1h 8m,"Lunge (Barbell)",1,30.0,11,0,0,"",,
2023-04-28 18:40:19,"Legs",1h 8m,"Lunge (Barbell)",2,30.0,11,0,0,,,
2023-04-28 18:40:19,"Legs",1h 8m,"Lunge (Barbell)",3,30.0,9,0,0,,,
2023-05-02 06:58:36,"Chest & Triceps ",1h 1m,"Bench Press (Barbell)",1,20.0,5,0,0,"","",
2023-05-02 06:58:36,"Chest & Triceps ",1h 1m,"Bench Press (Barbell)",2,20.0,5,0,0,,,
2023-05-02 06:58:36,"Chest & Triceps ",1h 1m,"Bench Press (Barbell)",3,30.0,3,0,0,,,
2023-05-02 06:58:36,"Chest & Triceps ",1h 1m,"Bench Press (Barbell)",4,35.0,8,0,0,,,
2023-05-02 06:58:36,"Chest & Triceps ",1h 1m,"Bench Press (Barbell)",5,35.0,8,0,0,,,
2023-05-02 06:58:36,"Chest & Triceps ",1h 1m,"Bench Press (Barbell)",6,35.0,8,0,0,,,
2023-05-02 06:58:36,"Chest & Triceps ",1h 1m,"Chest Fly (Dumbbell)",1,10.0,15,0,0,"",,
2023-05-02 06:58:36,"Chest & Triceps ",1h 1m,"Chest Fly (Dumbbell)",2,10.0,15,0,0,,,
2023-05-02 06:58:36,"Chest & Triceps ",1h 1m,"Chest Fly (Dumbbell)",3,10.0,10,0,0,,,
2023-05-02 06:58:36,"Chest & Triceps ",1h 1m,"Triceps Extension (Cable)",1,27.0,20,0,0,"",,
2023-05-02 06:58:36,"Chest & Triceps ",1h 1m,"Triceps Extension (Cable)",2,27.0,16,0,0,,,
2023-05-02 06:58:36,"Chest & Triceps ",1h 1m,"Triceps Extension (Cable)",3,27.0,12,0,0,,,
2023-05-02 06:58:36,"Chest & Triceps ",1h 1m,"Incline Bench Press (Barbell)",1,25.0,8,0,0,"",,
2023-05-02 06:58:36,"Chest & Triceps ",1h 1m,"Incline Bench Press (Barbell)",2,25.0,2,0,0,,,
2023-05-02 06:58:36,"Chest & Triceps ",1h 1m,"Incline Bench Press (Barbell)",3,25.0,8,0,0,,,
2023-05-02 06:58:36,"Chest & Triceps ",1h 1m,"Incline Bench Press (Barbell)",4,25.0,8,0,0,,,
2023-05-02 06:58:36,"Chest & Triceps ",1h 1m,"Incline Bench Press (Barbell)",5,25.0,10,0,0,,,
2023-05-06 12:18:42,"Back & Biceps",1h 22m,"Deadlift (Barbell)",1,30.0,10,0,0,"","",
2023-05-06 12:18:42,"Back & Biceps",1h 22m,"Deadlift (Barbell)",2,40.0,7,0,0,,,
2023-05-06 12:18:42,"Back & Biceps",1h 22m,"Deadlift (Barbell)",3,50.0,5,0,0,,,
2023-05-06 12:18:42,"Back & Biceps",1h 22m,"Deadlift (Barbell)",4,60.0,6,0,0,,,
2023-05-06 12:18:42,"Back & Biceps",1h 22m,"Deadlift (Barbell)",5,70.0,3,0,0,,,
2023-05-06 12:18:42,"Back & Biceps",1h 22m,"Deadlift (Barbell)",6,70.0,4,0,0,,,
2023-05-06 12:18:42,"Back & Biceps",1h 22m,"Lat Pulldown (Cable)",1,39.0,9,0,0,"",,
2023-05-06 12:18:42,"Back & Biceps",1h 22m,"Lat Pulldown (Cable)",2,39.0,8,0,0,,,
2023-05-06 12:18:42,"Back & Biceps",1h 22m,"Lat Pulldown (Cable)",3,39.0,8,0,0,,,
2023-05-06 12:18:42,"Back & Biceps",1h 22m,"Bent Over One Arm Row (Dumbbell)",1,12.0,13,0,0,"",,
2023-05-06 12:18:42,"Back & Biceps",1h 22m,"Bent Over One Arm Row (Dumbbell)",2,12.0,13,0,0,,,
2023-05-06 12:18:42,"Back & Biceps",1h 22m,"Bent Over One Arm Row (Dumbbell)",3,12.0,12,0,0,,,
2023-05-06 12:18:42,"Back & Biceps",1h 22m,"Bicep Curl (Dumbbell)",1,4.0,16,0,0,"",,
2023-05-06 12:18:42,"Back & Biceps",1h 22m,"Bicep Curl (Dumbbell)",2,6.0,12,0,0,,,
2023-05-06 12:18:42,"Back & Biceps",1h 22m,"Bicep Curl (Dumbbell)",3,6.0,12,0,0,,,
2023-05-06 12:18:42,"Back & Biceps",1h 22m,"Concentration Curl (Dumbbell)",1,6.0,11,0,0,"",,
2023-05-06 12:18:42,"Back & Biceps",1h 22m,"Concentration Curl (Dumbbell)",2,6.0,8,0,0,,,
2023-05-06 12:18:42,"Back & Biceps",1h 22m,"Concentration Curl (Dumbbell)",3,6.0,5,0,0,,,
2023-05-08 07:09:39,"Shoulders + Glutes ",1h 11m,"Shoulder Press (Plate Loaded)",1,4.0,12,0,0,"","",
2023-05-08 07:09:39,"Shoulders + Glutes ",1h 11m,"Shoulder Press (Plate Loaded)",2,6.0,8,0,0,,,
2023-05-08 07:09:39,"Shoulders + Glutes ",1h 11m,"Shoulder Press (Plate Loaded)",3,6.0,6,0,0,,,
2023-05-08 07:09:39,"Shoulders + Glutes ",1h 11m,"Shoulder Press (Plate Loaded)",4,10.0,10,0,0,,,
2023-05-08 07:09:39,"Shoulders + Glutes ",1h 11m,"Shoulder Press (Plate Loaded)",5,10.0,11,0,0,,,
2023-05-08 07:09:39,"Shoulders + Glutes ",1h 11m,"Shoulder Press (Plate Loaded)",6,10.0,10,0,0,,,
2023-05-08 07:09:39,"Shoulders + Glutes ",1h 11m,"Lateral Raise (Dumbbell)",1,6.0,13,0,0,"",,
2023-05-08 07:09:39,"Shoulders + Glutes ",1h 11m,"Lateral Raise (Dumbbell)",2,6.0,11,0,0,,,
2023-05-08 07:09:39,"Shoulders + Glutes ",1h 11m,"Lateral Raise (Dumbbell)",3,6.0,11,0,0,,,
2023-05-08 07:09:39,"Shoulders + Glutes ",1h 11m,"Face Pull (Cable)",1,27.0,15,0,0,"",,
2023-05-08 07:09:39,"Shoulders + Glutes ",1h 11m,"Face Pull (Cable)",2,27.0,15,0,0,,,
2023-05-08 07:09:39,"Shoulders + Glutes ",1h 11m,"Face Pull (Cable)",3,32.0,10,0,0,,,
2023-05-08 07:09:39,"Shoulders + Glutes ",1h 11m,"Hip Thrust (Barbell)",1,90.0,9,0,0,"",,
2023-05-08 07:09:39,"Shoulders + Glutes ",1h 11m,"Hip Thrust (Barbell)",2,90.0,9,0,0,,,
2023-05-08 07:09:39,"Shoulders + Glutes ",1h 11m,"Hip Thrust (Barbell)",3,90.0,10,0,0,,,
2023-05-08 07:09:39,"Shoulders + Glutes ",1h 11m,"Hip Abductor (Machine)",1,55.0,10,0,0,"",,
2023-05-08 07:09:39,"Shoulders + Glutes ",1h 11m,"Hip Abductor (Machine)",2,55.0,8,0,0,,,
2023-05-11 06:43:38,"Legs",1h 6m,"Squat (Barbell)",1,25.0,5,0,0,"3 segundos de pausa ","",
2023-05-11 06:43:38,"Legs",1h 6m,"Squat (Barbell)",2,35.0,5,0,0,,,
2023-05-11 06:43:38,"Legs",1h 6m,"Squat (Barbell)",3,50.0,3,0,0,,,
2023-05-11 06:43:38,"Legs",1h 6m,"Squat (Barbell)",4,55.0,6,0,0,,,
2023-05-11 06:43:38,"Legs",1h 6m,"Squat (Barbell)",5,55.0,6,0,0,,,
2023-05-11 06:43:38,"Legs",1h 6m,"Squat (Barbell)",6,55.0,5,0,0,,,
2023-05-11 06:43:38,"Legs",1h 6m,"Leg Press",1,40.0,5,0,0,"",,
2023-05-11 06:43:38,"Legs",1h 6m,"Leg Press",2,60.0,5,0,0,,,
2023-05-11 06:43:38,"Legs",1h 6m,"Leg Press",3,80.0,3,0,0,,,
2023-05-11 06:43:38,"Legs",1h 6m,"Leg Press",4,110.0,10,0,0,,,
2023-05-11 06:43:38,"Legs",1h 6m,"Leg Press",5,110.0,12,0,0,,,
2023-05-11 06:43:38,"Legs",1h 6m,"Leg Press",6,110.0,10,0,0,,,
2023-05-11 06:43:38,"Legs",1h 6m,"Lunge (Barbell)",1,30.0,12,0,0,"",,
2023-05-11 06:43:38,"Legs",1h 6m,"Lunge (Barbell)",2,30.0,11,0,0,,,
2023-05-11 06:43:38,"Legs",1h 6m,"Lunge (Barbell)",3,30.0,9,0,0,,,
2023-05-15 06:54:41,"Chest & Triceps ",53m,"Bench Press (Barbell)",1,20.0,5,0,0,"","",
2023-05-15 06:54:41,"Chest & Triceps ",53m,"Bench Press (Barbell)",2,20.0,5,0,0,,,
2023-05-15 06:54:41,"Chest & Triceps ",53m,"Bench Press (Barbell)",3,20.0,3,0,0,,,
2023-05-15 06:54:41,"Chest & Triceps ",53m,"Bench Press (Barbell)",4,35.0,8,0,0,,,
2023-05-15 06:54:41,"Chest & Triceps ",53m,"Bench Press (Barbell)",5,35.0,8,0,0,,,
2023-05-15 06:54:41,"Chest & Triceps ",53m,"Bench Press (Barbell)",6,35.0,9,0,0,,,
2023-05-15 06:54:41,"Chest & Triceps ",53m,"Chest Fly (Dumbbell)",1,12.0,8,0,0,"",,
2023-05-15 06:54:41,"Chest & Triceps ",53m,"Chest Fly (Dumbbell)",2,12.0,7,0,0,,,
2023-05-15 06:54:41,"Chest & Triceps ",53m,"Chest Fly (Dumbbell)",3,12.0,7,0,0,,,
2023-05-15 06:54:41,"Chest & Triceps ",53m,"Triceps Extension (Cable)",1,27.0,22,0,0,"",,
2023-05-15 06:54:41,"Chest & Triceps ",53m,"Triceps Extension (Cable)",2,32.0,8,0,0,,,
2023-05-15 06:54:41,"Chest & Triceps ",53m,"Triceps Extension (Cable)",3,32.0,7,0,0,,,
2023-05-15 06:54:41,"Chest & Triceps ",53m,"Incline Bench Press (Barbell)",1,30.0,10,0,0,"",,
2023-05-15 06:54:41,"Chest & Triceps ",53m,"Incline Bench Press (Barbell)",2,30.0,8,0,0,,,
2023-05-15 06:54:41,"Chest & Triceps ",53m,"Incline Bench Press (Barbell)",3,30.0,7,0,0,,,
2023-05-16 07:00:22,"Back & Biceps",1h 1m,"Deadlift (Barbell)",1,30.0,6,0,0,"","",
2023-05-16 07:00:22,"Back & Biceps",1h 1m,"Deadlift (Barbell)",2,40.0,5,0,0,,,
2023-05-16 07:00:22,"Back & Biceps",1h 1m,"Deadlift (Barbell)",3,50.0,3,0,0,,,
2023-05-16 07:00:22,"Back & Biceps",1h 1m,"Deadlift (Barbell)",4,60.0,6,0,0,,,
2023-05-16 07:00:22,"Back & Biceps",1h 1m,"Deadlift (Barbell)",5,70.0,4,0,0,,,
2023-05-16 07:00:22,"Back & Biceps",1h 1m,"Deadlift (Barbell)",6,70.0,4,0,0,,,
2023-05-16 07:00:22,"Back & Biceps",1h 1m,"Deadlift (Barbell)",7,70.0,4,0,0,,,
2023-05-16 07:00:22,"Back & Biceps",1h 1m,"Chin Up (Assisted)",1,28.0,12,0,0,"",,
2023-05-16 07:00:22,"Back & Biceps",1h 1m,"Chin Up (Assisted)",2,21.0,10,0,0,,,
2023-05-16 07:00:22,"Back & Biceps",1h 1m,"Chin Up (Assisted)",3,21.0,8,0,0,,,
2023-05-16 07:00:22,"Back & Biceps",1h 1m,"Bent Over One Arm Row (Dumbbell)",1,12.5,9,0,0,"",,
2023-05-16 07:00:22,"Back & Biceps",1h 1m,"Bent Over One Arm Row (Dumbbell)",2,12.5,9,0,0,,,
2023-05-16 07:00:22,"Back & Biceps",1h 1m,"Bent Over One Arm Row (Dumbbell)",3,13.5,8,0,0,,,
2023-05-16 07:00:22,"Back & Biceps",1h 1m,"Bicep Curl (Dumbbell)",1,6.0,15,0,0,"",,
2023-05-16 07:00:22,"Back & Biceps",1h 1m,"Bicep Curl (Dumbbell)",2,6.0,12,0,0,,,
2023-05-16 07:00:22,"Back & Biceps",1h 1m,"Bicep Curl (Dumbbell)",3,6.0,15,0,0,,,
2023-05-20 09:53:17,"Shoulders + Glutes ",1h 17m,"Shoulder Press (Plate Loaded)",1,4.0,12,0,0,"","",
2023-05-20 09:53:17,"Shoulders + Glutes ",1h 17m,"Shoulder Press (Plate Loaded)",2,6.0,8,0,0,,,
2023-05-20 09:53:17,"Shoulders + Glutes ",1h 17m,"Shoulder Press (Plate Loaded)",3,6.0,6,0,0,,,
2023-05-20 09:53:17,"Shoulders + Glutes ",1h 17m,"Shoulder Press (Plate Loaded)",4,10.0,12,0,0,,,
2023-05-20 09:53:17,"Shoulders + Glutes ",1h 17m,"Shoulder Press (Plate Loaded)",5,10.0,12,0,0,,,
2023-05-20 09:53:17,"Shoulders + Glutes ",1h 17m,"Shoulder Press (Plate Loaded)",6,10.0,13,0,0,,,
2023-05-20 09:53:17,"Shoulders + Glutes ",1h 17m,"Lateral Raise (Dumbbell)",1,6.0,13,0,0,"",,
2023-05-20 09:53:17,"Shoulders + Glutes ",1h 17m,"Lateral Raise (Dumbbell)",2,6.0,14,0,0,,,
2023-05-20 09:53:17,"Shoulders + Glutes ",1h 17m,"Lateral Raise (Dumbbell)",3,6.0,11,0,0,,,
2023-05-20 09:53:17,"Shoulders + Glutes ",1h 17m,"Face Pull (Cable)",1,32.0,15,0,0,"",,
2023-05-20 09:53:17,"Shoulders + Glutes ",1h 17m,"Face Pull (Cable)",2,34.3,8,0,0,,,
2023-05-20 09:53:17,"Shoulders + Glutes ",1h 17m,"Face Pull (Cable)",3,34.3,9,0,0,,,
2023-05-20 09:53:17,"Shoulders + Glutes ",1h 17m,"Hip Thrust (Barbell)",1,90.0,9,0,0,"",,
2023-05-20 09:53:17,"Shoulders + Glutes ",1h 17m,"Hip Thrust (Barbell)",2,90.0,8,0,0,,,
2023-05-20 09:53:17,"Shoulders + Glutes ",1h 17m,"Hip Thrust (Barbell)",3,90.0,10,0,0,,,
2023-05-24 07:08:09,"Legs",54m,"Squat (Barbell)",1,60.0,4,0,0,"","",
2023-05-24 07:08:09,"Legs",54m,"Squat (Barbell)",2,60.0,6,0,0,,,
2023-05-24 07:08:09,"Legs",54m,"Squat (Barbell)",3,65.0,3,0,0,,,
2023-05-24 07:08:09,"Legs",54m,"Squat (Barbell)",4,65.0,4,0,0,,,
2023-05-24 07:08:09,"Legs",54m,"Leg Press",1,120.0,8,0,0,"",,
2023-05-24 07:08:09,"Legs",54m,"Leg Press",2,120.0,8,0,0,,,
2023-05-24 07:08:09,"Legs",54m,"Leg Press",3,120.0,8,0,0,,,
2023-05-24 07:08:09,"Legs",54m,"Lunge (Barbell)",1,30.0,13,0,0,"",,
2023-05-24 07:08:09,"Legs",54m,"Lunge (Barbell)",2,30.0,12,0,0,,,
2023-05-24 07:08:09,"Legs",54m,"Lunge (Barbell)",3,30.0,10,0,0,,,
2023-05-24 07:08:09,"Legs",54m,"Hip Adductor (Machine)",1,55.0,12,0,0,"",,
2023-05-24 07:08:09,"Legs",54m,"Hip Adductor (Machine)",2,55.0,13,0,0,,,
2023-06-02 07:12:50,"Chest & Triceps ",19m,"Bench Press (Barbell)",1,20.0,5,0,0,"","",
2023-06-02 07:12:50,"Chest & Triceps ",19m,"Bench Press (Barbell)",2,20.0,5,0,0,,,
2023-06-02 07:12:50,"Chest & Triceps ",19m,"Bench Press (Barbell)",3,20.0,3,0,0,,,
2023-06-02 07:12:50,"Chest & Triceps ",19m,"Bench Press (Barbell)",4,35.0,6,0,0,,,
2023-06-02 07:12:50,"Chest & Triceps ",19m,"Bench Press (Barbell)",5,35.0,8,0,0,,,
2023-06-04 09:08:39,"Chest & Triceps ",55m,"Bench Press (Barbell)",1,20.0,5,0,0,"","",
2023-06-04 09:08:39,"Chest & Triceps ",55m,"Bench Press (Barbell)",2,20.0,5,0,0,,,
2023-06-04 09:08:39,"Chest & Triceps ",55m,"Bench Press (Barbell)",3,20.0,3,0,0,,,
2023-06-04 09:08:39,"Chest & Triceps ",55m,"Bench Press (Barbell)",4,35.0,8,0,0,,,
2023-06-04 09:08:39,"Chest & Triceps ",55m,"Bench Press (Barbell)",5,35.0,8,0,0,,,
2023-06-04 09:08:39,"Chest & Triceps ",55m,"Bench Press (Barbell)",6,35.0,8,0,0,,,
2023-06-04 09:08:39,"Chest & Triceps ",55m,"Chest Fly (Dumbbell)",1,12.0,8,0,0,"",,
2023-06-04 09:08:39,"Chest & Triceps ",55m,"Chest Fly (Dumbbell)",2,12.0,9,0,0,,,
2023-06-04 09:08:39,"Chest & Triceps ",55m,"Chest Fly (Dumbbell)",3,12.0,9,0,0,,,
2023-06-04 09:08:39,"Chest & Triceps ",55m,"Triceps Extension",1,20.3,13,0,0,"",,
2023-06-04 09:08:39,"Chest & Triceps ",55m,"Triceps Extension",2,20.3,12,0,0,,,
2023-06-04 09:08:39,"Chest & Triceps ",55m,"Triceps Extension",3,20.3,12,0,0,,,
2023-06-04 09:08:39,"Chest & Triceps ",55m,"Triceps Extension (Cable)",1,32.0,7,0,0,"",,
2023-06-04 09:08:39,"Chest & Triceps ",55m,"Triceps Extension (Cable)",2,29.3,13,0,0,,,
2023-06-04 09:08:39,"Chest & Triceps ",55m,"Triceps Extension (Cable)",3,29.3,12,0,0,,,
2023-06-04 09:08:39,"Chest & Triceps ",55m,"Incline Bench Press (Dumbbell)",1,10.0,9,0,0,"",,
2023-06-04 09:08:39,"Chest & Triceps ",55m,"Incline Bench Press (Dumbbell)",2,10.0,9,0,0,,,
2023-06-04 09:08:39,"Chest & Triceps ",55m,"Incline Bench Press (Dumbbell)",3,10.0,8,0,0,,,
2023-06-05 07:23:29,"Back & Biceps",1h 8m,"Deadlift (Barbell)",1,20.0,5,0,0,"","",
2023-06-05 07:23:29,"Back & Biceps",1h 8m,"Deadlift (Barbell)",2,20.0,5,0,0,,,
2023-06-05 07:23:29,"Back & Biceps",1h 8m,"Deadlift (Barbell)",3,20.0,3,0,0,,,
2023-06-05 07:23:29,"Back & Biceps",1h 8m,"Deadlift (Barbell)",4,60.0,6,0,0,,,
2023-06-05 07:23:29,"Back & Biceps",1h 8m,"Deadlift (Barbell)",5,70.0,4,0,0,,,
2023-06-05 07:23:29,"Back & Biceps",1h 8m,"Deadlift (Barbell)",6,70.0,3,0,0,,,
2023-06-05 07:23:29,"Back & Biceps",1h 8m,"Deadlift (Barbell)",7,70.0,3,0,0,,,
2023-06-05 07:23:29,"Back & Biceps",1h 8m,"Chin Up (Assisted)",1,21.0,8,0,0,"",,
2023-06-05 07:23:29,"Back & Biceps",1h 8m,"Chin Up (Assisted)",2,21.0,9,0,0,,,
2023-06-05 07:23:29,"Back & Biceps",1h 8m,"Chin Up (Assisted)",3,21.0,10,0,0,,,
2023-06-05 07:23:29,"Back & Biceps",1h 8m,"Bent Over One Arm Row (Dumbbell)",1,12.5,10,0,0,"",,
2023-06-05 07:23:29,"Back & Biceps",1h 8m,"Bent Over One Arm Row (Dumbbell)",2,12.5,12,0,0,,,
2023-06-05 07:23:29,"Back & Biceps",1h 8m,"Bent Over One Arm Row (Dumbbell)",3,12.5,12,0,0,,,
2023-06-05 07:23:29,"Back & Biceps",1h 8m,"Concentration Curl (Dumbbell)",1,6.0,12,0,0,"",,
2023-06-05 07:23:29,"Back & Biceps",1h 8m,"Concentration Curl (Dumbbell)",2,6.0,13,0,0,,,
2023-06-05 07:23:29,"Back & Biceps",1h 8m,"Concentration Curl (Dumbbell)",3,6.0,9,0,0,,,
2023-06-07 06:46:29,"Shoulders + Glutes ",1h 5m,"Shoulder Press (Plate Loaded)",1,8.0,5,0,0,"","",
2023-06-07 06:46:29,"Shoulders + Glutes ",1h 5m,"Shoulder Press (Plate Loaded)",2,8.0,3,0,0,,,
2023-06-07 06:46:29,"Shoulders + Glutes ",1h 5m,"Shoulder Press (Plate Loaded)",3,8.0,3,0,0,,,
2023-06-07 06:46:29,"Shoulders + Glutes ",1h 5m,"Shoulder Press (Plate Loaded)",4,10.0,12,0,0,,,
2023-06-07 06:46:29,"Shoulders + Glutes ",1h 5m,"Shoulder Press (Plate Loaded)",5,10.0,13,0,0,,,
2023-06-07 06:46:29,"Shoulders + Glutes ",1h 5m,"Shoulder Press (Plate Loaded)",6,10.0,10,0,0,,,
2023-06-07 06:46:29,"Shoulders + Glutes ",1h 5m,"Lateral Raise (Dumbbell)",1,6.0,15,0,0,"",,
2023-06-07 06:46:29,"Shoulders + Glutes ",1h 5m,"Lateral Raise (Dumbbell)",2,6.0,12,0,0,,,
2023-06-07 06:46:29,"Shoulders + Glutes ",1h 5m,"Lateral Raise (Dumbbell)",3,6.0,12,0,0,,,
2023-06-07 06:46:29,"Shoulders + Glutes ",1h 5m,"Face Pull (Cable)",1,34.3,10,0,0,"",,
2023-06-07 06:46:29,"Shoulders + Glutes ",1h 5m,"Face Pull (Cable)",2,34.3,10,0,0,,,
2023-06-07 06:46:29,"Shoulders + Glutes ",1h 5m,"Face Pull (Cable)",3,34.3,10,0,0,,,
2023-06-07 06:46:29,"Shoulders + Glutes ",1h 5m,"Hip Abductor (Machine)",1,55.0,15,0,0,"",,
2023-06-07 06:46:29,"Shoulders + Glutes ",1h 5m,"Hip Abductor (Machine)",2,55.0,18,0,0,,,
2023-06-07 06:46:29,"Shoulders + Glutes ",1h 5m,"Hip Abductor (Machine)",3,55.0,17,0,0,,,
2023-06-07 06:46:29,"Shoulders + Glutes ",1h 5m,"Hip Abductor (Machine)",4,35.0,17,0,0,,,
2023-06-07 06:46:29,"Shoulders + Glutes ",1h 5m,"Hip Thrust (Barbell)",1,80.0,8,0,0,"",,
2023-06-07 06:46:29,"Shoulders + Glutes ",1h 5m,"Hip Thrust (Barbell)",2,80.0,8,0,0,,,
2023-06-08 07:05:32,"Legs",51m,"Squat (Barbell)",1,60.0,7,0,0,"","",
2023-06-08 07:05:32,"Legs",51m,"Squat (Barbell)",2,70.0,3,0,0,,,
2023-06-08 07:05:32,"Legs",51m,"Squat (Barbell)",3,70.0,3,0,0,,,
2023-06-08 07:05:32,"Legs",51m,"Squat (Barbell)",4,60.0,4,0,0,,,
2023-06-08 07:05:32,"Legs",51m,"Leg Press",1,120.0,8,0,0,"",,
2023-06-08 07:05:32,"Legs",51m,"Leg Press",2,120.0,8,0,0,,,
2023-06-08 07:05:32,"Legs",51m,"Leg Press",3,120.0,9,0,0,,,
2023-06-08 07:05:32,"Legs",51m,"Lunge (Barbell)",1,30.0,8,0,0,"",,
2023-06-08 07:05:32,"Legs",51m,"Lunge (Barbell)",2,30.0,12,0,0,,,
2023-06-08 07:05:32,"Legs",51m,"Lunge (Barbell)",3,30.0,12,0,0,,,
2023-06-11 08:33:55,"Chest & Triceps ",1h 16m,"Bench Press (Barbell)",1,20.0,5,0,0,"","",
2023-06-11 08:33:55,"Chest & Triceps ",1h 16m,"Bench Press (Barbell)",2,20.0,5,0,0,,,
2023-06-11 08:33:55,"Chest & Triceps ",1h 16m,"Bench Press (Barbell)",3,20.0,3,0,0,,,
2023-06-11 08:33:55,"Chest & Triceps ",1h 16m,"Bench Press (Barbell)",4,35.0,9,0,0,,,
2023-06-11 08:33:55,"Chest & Triceps ",1h 16m,"Bench Press (Barbell)",5,35.0,9,0,0,,,
2023-06-11 08:33:55,"Chest & Triceps ",1h 16m,"Bench Press (Barbell)",6,35.0,9,0,0,,,
2023-06-11 08:33:55,"Chest & Triceps ",1h 16m,"Chest Fly (Dumbbell)",1,12.0,12,0,0,"",,
2023-06-11 08:33:55,"Chest & Triceps ",1h 16m,"Chest Fly (Dumbbell)",2,12.0,11,0,0,,,
2023-06-11 08:33:55,"Chest & Triceps ",1h 16m,"Chest Fly (Dumbbell)",3,12.0,10,0,0,,,
2023-06-11 08:33:55,"Chest & Triceps ",1h 16m,"Triceps Extension",1,23.0,20,0,0,"",,
2023-06-11 08:33:55,"Chest & Triceps ",1h 16m,"Triceps Extension",2,25.3,16,0,0,,,
2023-06-11 08:33:55,"Chest & Triceps ",1h 16m,"Triceps Extension",3,27.0,15,0,0,,,
2023-06-11 08:33:55,"Chest & Triceps ",1h 16m,"Triceps Extension (Cable)",1,23.0,9,0,0,"",,
2023-06-11 08:33:55,"Chest & Triceps ",1h 16m,"Triceps Extension (Cable)",2,23.0,9,0,0,,,
2023-06-11 08:33:55,"Chest & Triceps ",1h 16m,"Triceps Extension (Cable)",3,23.0,10,0,0,,,
2023-06-11 08:33:55,"Chest & Triceps ",1h 16m,"Incline Bench Press (Dumbbell)",1,10.0,13,0,0,"",,
2023-06-11 08:33:55,"Chest & Triceps ",1h 16m,"Incline Bench Press (Dumbbell)",2,10.0,11,0,0,,,
2023-06-11 08:33:55,"Chest & Triceps ",1h 16m,"Incline Bench Press (Dumbbell)",3,10.0,13,0,0,,,
2023-06-11 08:33:55,"Chest & Triceps ",46h 53m,"Bench Press (Barbell)",1,20.0,5,0,0,"","",
2023-06-11 08:33:55,"Chest & Triceps ",46h 53m,"Bench Press (Barbell)",2,20.0,5,0,0,,,
2023-06-11 08:33:55,"Chest & Triceps ",46h 53m,"Bench Press (Barbell)",3,20.0,3,0,0,,,
2023-06-11 08:33:55,"Chest & Triceps ",46h 53m,"Bench Press (Barbell)",4,35.0,9,0,0,,,
2023-06-11 08:33:55,"Chest & Triceps ",46h 53m,"Bench Press (Barbell)",5,35.0,9,0,0,,,
2023-06-11 08:33:55,"Chest & Triceps ",46h 53m,"Bench Press (Barbell)",6,35.0,9,0,0,,,
2023-06-11 08:33:55,"Chest & Triceps ",46h 53m,"Chest Fly (Dumbbell)",1,12.0,12,0,0,"",,
2023-06-11 08:33:55,"Chest & Triceps ",46h 53m,"Chest Fly (Dumbbell)",2,12.0,11,0,0,,,
2023-06-11 08:33:55,"Chest & Triceps ",46h 53m,"Chest Fly (Dumbbell)",3,12.0,10,0,0,,,
2023-06-11 08:33:55,"Chest & Triceps ",46h 53m,"Triceps Extension",1,23.0,20,0,0,"",,
2023-06-11 08:33:55,"Chest & Triceps ",46h 53m,"Triceps Extension",2,25.3,16,0,0,,,
2023-06-11 08:33:55,"Chest & Triceps ",46h 53m,"Triceps Extension",3,27.0,15,0,0,,,
2023-06-11 08:33:55,"Chest & Triceps ",46h 53m,"Incline Bench Press (Dumbbell)",1,10.0,13,0,0,"",,
2023-06-11 08:33:55,"Chest & Triceps ",46h 53m,"Incline Bench Press (Dumbbell)",2,10.0,11,0,0,,,
2023-06-11 08:33:55,"Chest & Triceps ",46h 53m,"Incline Bench Press (Dumbbell)",3,10.0,13,0,0,,,
2023-06-11 08:33:55,"Chest & Triceps ",46h 53m,"Bench Press (Barbell)",1,20.0,5,0,0,"","",
2023-06-11 08:33:55,"Chest & Triceps ",46h 53m,"Bench Press (Barbell)",2,20.0,5,0,0,,,
2023-06-11 08:33:55,"Chest & Triceps ",46h 53m,"Bench Press (Barbell)",3,20.0,3,0,0,,,
2023-06-11 08:33:55,"Chest & Triceps ",46h 53m,"Bench Press (Barbell)",4,35.0,9,0,0,,,
2023-06-11 08:33:55,"Chest & Triceps ",46h 53m,"Bench Press (Barbell)",5,35.0,9,0,0,,,
2023-06-11 08:33:55,"Chest & Triceps ",46h 53m,"Bench Press (Barbell)",6,35.0,9,0,0,,,
2023-06-11 08:33:55,"Chest & Triceps ",46h 53m,"Chest Fly (Dumbbell)",1,12.0,12,0,0,"",,
2023-06-11 08:33:55,"Chest & Triceps ",46h 53m,"Chest Fly (Dumbbell)",2,12.0,11,0,0,,,
2023-06-11 08:33:55,"Chest & Triceps ",46h 53m,"Chest Fly (Dumbbell)",3,12.0,10,0,0,,,
2023-06-11 08:33:55,"Chest & Triceps ",46h 53m,"Triceps Extension",1,23.0,20,0,0,"",,
2023-06-11 08:33:55,"Chest & Triceps ",46h 53m,"Triceps Extension",2,25.3,16,0,0,,,
2023-06-11 08:33:55,"Chest & Triceps ",46h 53m,"Triceps Extension",3,27.0,15,0,0,,,
2023-06-11 08:33:55,"Chest & Triceps ",46h 53m,"Incline Bench Press (Dumbbell)",1,10.0,13,0,0,"",,
2023-06-11 08:33:55,"Chest & Triceps ",46h 53m,"Incline Bench Press (Dumbbell)",2,10.0,11,0,0,,,
2023-06-11 08:33:55,"Chest & Triceps ",46h 53m,"Incline Bench Press (Dumbbell)",3,10.0,13,0,0,,,
2023-06-13 06:57:28,"Back & Biceps",1h,"Deadlift (Barbell)",1,40.0,5,0,0,"","",
2023-06-13 06:57:28,"Back & Biceps",1h,"Deadlift (Barbell)",2,50.0,3,0,0,,,
2023-06-13 06:57:28,"Back & Biceps",1h,"Deadlift (Barbell)",3,50.0,3,0,0,,,
2023-06-13 06:57:28,"Back & Biceps",1h,"Deadlift (Barbell)",4,70.0,4,0,0,,,
2023-06-13 06:57:28,"Back & Biceps",1h,"Deadlift (Barbell)",5,70.0,4,0,0,,,
2023-06-13 06:57:28,"Back & Biceps",1h,"Deadlift (Barbell)",6,70.0,4,0,0,,,
2023-06-13 06:57:28,"Back & Biceps",1h,"Chin Up (Assisted)",1,21.0,9,0,0,"",,
2023-06-13 06:57:28,"Back & Biceps",1h,"Chin Up (Assisted)",2,21.0,9,0,0,,,
2023-06-13 06:57:28,"Back & Biceps",1h,"Chin Up (Assisted)",3,21.0,8,0,0,,,
2023-06-13 06:57:28,"Back & Biceps",1h,"Bent Over One Arm Row (Dumbbell)",1,12.5,12,0,0,"",,
2023-06-13 06:57:28,"Back & Biceps",1h,"Bent Over One Arm Row (Dumbbell)",2,12.5,12,0,0,,,
2023-06-13 06:57:28,"Back & Biceps",1h,"Bent Over One Arm Row (Dumbbell)",3,12.5,12,0,0,,,
2023-06-13 06:57:28,"Back & Biceps",1h,"Bicep Curl (Dumbbell)",1,8.0,8,0,0,"",,
2023-06-13 06:57:28,"Back & Biceps",1h,"Bicep Curl (Dumbbell)",2,8.0,8,0,0,,,
2023-06-13 06:57:28,"Back & Biceps",1h,"Bicep Curl (Dumbbell)",3,8.0,7,0,0,,,
2023-06-14 07:48:05,"Shoulders + Glutes ",9m,"Shoulder Press (Plate Loaded)",1,6.0,5,0,0,"","",
2023-06-14 07:48:05,"Shoulders + Glutes ",9m,"Shoulder Press (Plate Loaded)",2,8.0,3,0,0,,,
2023-06-14 07:48:05,"Shoulders + Glutes ",9m,"Shoulder Press (Plate Loaded)",3,8.0,3,0,0,,,
2023-06-14 07:48:05,"Shoulders + Glutes ",9m,"Shoulder Press (Plate Loaded)",4,10.0,13,0,0,,,
2023-06-14 07:48:05,"Shoulders + Glutes ",9m,"Shoulder Press (Plate Loaded)",5,10.0,13,0,0,,,
2023-06-14 07:48:05,"Shoulders + Glutes ",9m,"Shoulder Press (Plate Loaded)",6,10.0,12,0,0,,,
2023-06-14 07:48:05,"Shoulders + Glutes ",9m,"Lateral Raise (Dumbbell)",1,6.0,15,0,0,"",,
2023-06-14 07:48:05,"Shoulders + Glutes ",9m,"Lateral Raise (Dumbbell)",2,6.0,13,0,0,,,
2023-06-14 07:48:05,"Shoulders + Glutes ",9m,"Lateral Raise (Dumbbell)",3,6.0,12,0,0,,,
2023-06-14 07:48:05,"Shoulders + Glutes ",9m,"Face Pull (Cable)",1,34.3,11,0,0,"",,
2023-06-14 07:48:05,"Shoulders + Glutes ",9m,"Face Pull (Cable)",2,34.3,12,0,0,,,
2023-06-14 07:48:05,"Shoulders + Glutes ",9m,"Face Pull (Cable)",3,34.3,12,0,0,,,
2023-06-14 07:48:05,"Shoulders + Glutes ",9m,"Hip Thrust (Barbell)",1,90.0,8,0,0,"",,
2023-06-14 07:48:05,"Shoulders + Glutes ",9m,"Hip Thrust (Barbell)",2,90.0,10,0,0,,,
2023-06-14 07:48:05,"Shoulders + Glutes ",9m,"Hip Thrust (Barbell)",3,90.0,10,0,0,,,
2023-06-16 06:50:08,"Legs",1h 13m,"Squat (Barbell)",1,25.0,5,0,0,"","",
2023-06-16 06:50:08,"Legs",1h 13m,"Squat (Barbell)",2,35.0,5,0,0,,,
2023-06-16 06:50:08,"Legs",1h 13m,"Squat (Barbell)",3,50.0,3,0,0,,,
2023-06-16 06:50:08,"Legs",1h 13m,"Squat (Barbell)",4,60.0,7,0,0,,,
2023-06-16 06:50:08,"Legs",1h 13m,"Squat (Barbell)",5,70.0,4,0,0,,,
2023-06-16 06:50:08,"Legs",1h 13m,"Squat (Barbell)",6,70.0,4,0,0,,,
2023-06-16 06:50:08,"Legs",1h 13m,"Squat (Barbell)",7,70.0,3,0,0,,,
2023-06-16 06:50:08,"Legs",1h 13m,"Leg Press",1,120.0,9,0,0,"",,
2023-06-16 06:50:08,"Legs",1h 13m,"Leg Press",2,120.0,12,0,0,,,
2023-06-16 06:50:08,"Legs",1h 13m,"Leg Press",3,120.0,10,0,0,,,
2023-06-16 06:50:08,"Legs",1h 13m,"Hip Adductor (Machine)",1,55.0,12,0,0,"",,
2023-06-16 06:50:08,"Legs",1h 13m,"Hip Adductor (Machine)",2,55.0,14,0,0,,,
2023-06-16 06:50:08,"Legs",1h 13m,"Lunge (Barbell)",1,30.0,15,0,0,"",,
2023-06-16 06:50:08,"Legs",1h 13m,"Lunge (Barbell)",2,35.0,7,0,0,,,
2023-06-16 06:50:08,"Legs",1h 13m,"Lunge (Barbell)",3,35.0,8,0,0,,,
2023-06-18 09:51:02,"Chest & Triceps ",1h 5m,"Bench Press (Barbell)",1,30.0,5,0,0,"","",
2023-06-18 09:51:02,"Chest & Triceps ",1h 5m,"Bench Press (Barbell)",2,30.0,3,0,0,,,
2023-06-18 09:51:02,"Chest & Triceps ",1h 5m,"Bench Press (Barbell)",3,30.0,3,0,0,,,
2023-06-18 09:51:02,"Chest & Triceps ",1h 5m,"Bench Press (Barbell)",4,35.0,11,0,0,,,
2023-06-18 09:51:02,"Chest & Triceps ",1h 5m,"Bench Press (Barbell)",5,35.0,10,0,0,,,
2023-06-18 09:51:02,"Chest & Triceps ",1h 5m,"Bench Press (Barbell)",6,35.0,11,0,0,,,
2023-06-18 09:51:02,"Chest & Triceps ",1h 5m,"Chest Fly (Dumbbell)",1,12.0,12,0,0,"",,
2023-06-18 09:51:02,"Chest & Triceps ",1h 5m,"Chest Fly (Dumbbell)",2,12.0,12,0,0,,,
2023-06-18 09:51:02,"Chest & Triceps ",1h 5m,"Chest Fly (Dumbbell)",3,12.0,10,0,0,,,
2023-06-18 09:51:02,"Chest & Triceps ",1h 5m,"Triceps Extension",1,30.3,15,0,0,"",,
2023-06-18 09:51:02,"Chest & Triceps ",1h 5m,"Triceps Extension",2,25.3,10,0,0,,,
2023-06-18 09:51:02,"Chest & Triceps ",1h 5m,"Triceps Extension",3,27.0,15,0,0,,,
2023-06-18 09:51:02,"Chest & Triceps ",1h 5m,"Triceps Extension (Cable)",1,34.3,9,0,0,"",,
2023-06-18 09:51:02,"Chest & Triceps ",1h 5m,"Triceps Extension (Cable)",2,34.3,7,0,0,,,
2023-06-18 09:51:02,"Chest & Triceps ",1h 5m,"Triceps Extension (Cable)",3,34.3,7,0,0,,,
2023-06-18 09:51:02,"Chest & Triceps ",1h 5m,"Incline Bench Press (Dumbbell)",1,10.0,15,0,0,"",,
2023-06-18 09:51:02,"Chest & Triceps ",1h 5m,"Incline Bench Press (Dumbbell)",2,10.0,13,0,0,,,
2023-06-18 09:51:02,"Chest & Triceps ",1h 5m,"Incline Bench Press (Dumbbell)",3,10.0,12,0,0,,,
2023-06-19 06:47:23,"Back & Biceps",1h 8m,"Deadlift (Barbell)",1,40.0,5,0,0,"","",
2023-06-19 06:47:23,"Back & Biceps",1h 8m,"Deadlift (Barbell)",2,50.0,3,0,0,,,
2023-06-19 06:47:23,"Back & Biceps",1h 8m,"Deadlift (Barbell)",3,50.0,3,0,0,,,
2023-06-19 06:47:23,"Back & Biceps",1h 8m,"Deadlift (Barbell)",4,70.0,4,0,0,,,
2023-06-19 06:47:23,"Back & Biceps",1h 8m,"Deadlift (Barbell)",5,70.0,4,0,0,,,
2023-06-19 06:47:23,"Back & Biceps",1h 8m,"Deadlift (Barbell)",6,70.0,4,0,0,,,
2023-06-19 06:47:23,"Back & Biceps",1h 8m,"Deadlift (Barbell)",7,70.0,3,0,0,,,
2023-06-19 06:47:23,"Back & Biceps",1h 8m,"Chin Up (Assisted)",1,21.0,8,0,0,"",,
2023-06-19 06:47:23,"Back & Biceps",1h 8m,"Chin Up (Assisted)",2,21.0,7,0,0,,,
2023-06-19 06:47:23,"Back & Biceps",1h 8m,"Bent Over One Arm Row (Dumbbell)",1,12.0,12,0,0,"",,
2023-06-19 06:47:23,"Back & Biceps",1h 8m,"Bent Over One Arm Row (Dumbbell)",2,12.0,13,0,0,,,
2023-06-19 06:47:23,"Back & Biceps",1h 8m,"Bent Over One Arm Row (Dumbbell)",3,12.0,12,0,0,,,
2023-06-19 06:47:23,"Back & Biceps",1h 8m,"Lat Pulldown (Cable)",1,39.0,11,0,0,"",,
2023-06-19 06:47:23,"Back & Biceps",1h 8m,"Lat Pulldown (Cable)",2,39.0,10,0,0,,,
2023-06-19 06:47:23,"Back & Biceps",1h 8m,"Lat Pulldown (Cable)",3,39.3,10,0,0,,,
2023-06-19 06:47:23,"Back & Biceps",1h 8m,"Deadlift (Barbell)",1,40.0,5,0,0,"","",
2023-06-19 06:47:23,"Back & Biceps",1h 8m,"Deadlift (Barbell)",2,50.0,3,0,0,,,
2023-06-19 06:47:23,"Back & Biceps",1h 8m,"Deadlift (Barbell)",3,50.0,3,0,0,,,
2023-06-19 06:47:23,"Back & Biceps",1h 8m,"Deadlift (Barbell)",4,70.0,4,0,0,,,
2023-06-19 06:47:23,"Back & Biceps",1h 8m,"Deadlift (Barbell)",5,70.0,4,0,0,,,
2023-06-19 06:47:23,"Back & Biceps",1h 8m,"Deadlift (Barbell)",6,70.0,4,0,0,,,
2023-06-19 06:47:23,"Back & Biceps",1h 8m,"Deadlift (Barbell)",7,70.0,3,0,0,,,
2023-06-19 06:47:23,"Back & Biceps",1h 8m,"Chin Up (Assisted)",1,21.0,8,0,0,"",,
2023-06-19 06:47:23,"Back & Biceps",1h 8m,"Chin Up (Assisted)",2,21.0,7,0,0,,,
2023-06-19 06:47:23,"Back & Biceps",1h 8m,"Bent Over One Arm Row (Dumbbell)",1,12.0,12,0,0,"",,
2023-06-19 06:47:23,"Back & Biceps",1h 8m,"Bent Over One Arm Row (Dumbbell)",2,12.0,13,0,0,,,
2023-06-19 06:47:23,"Back & Biceps",1h 8m,"Bent Over One Arm Row (Dumbbell)",3,12.0,12,0,0,,,
2023-06-19 06:47:23,"Back & Biceps",1h 8m,"Lat Pulldown (Cable)",1,39.0,11,0,0,"",,
2023-06-19 06:47:23,"Back & Biceps",1h 8m,"Lat Pulldown (Cable)",2,39.0,10,0,0,,,
2023-06-19 06:47:23,"Back & Biceps",1h 8m,"Lat Pulldown (Cable)",3,39.3,10,0,0,,,
2023-06-19 06:47:23,"Back & Biceps",1h 8m,"Deadlift (Barbell)",1,40.0,5,0,0,"","",
2023-06-19 06:47:23,"Back & Biceps",1h 8m,"Deadlift (Barbell)",2,50.0,3,0,0,,,
2023-06-19 06:47:23,"Back & Biceps",1h 8m,"Deadlift (Barbell)",3,50.0,3,0,0,,,
2023-06-19 06:47:23,"Back & Biceps",1h 8m,"Deadlift (Barbell)",4,70.0,4,0,0,,,
2023-06-19 06:47:23,"Back & Biceps",1h 8m,"Deadlift (Barbell)",5,70.0,4,0,0,,,
2023-06-19 06:47:23,"Back & Biceps",1h 8m,"Deadlift (Barbell)",6,70.0,4,0,0,,,
2023-06-19 06:47:23,"Back & Biceps",1h 8m,"Deadlift (Barbell)",7,70.0,3,0,0,,,
2023-06-19 06:47:23,"Back & Biceps",1h 8m,"Chin Up (Assisted)",1,21.0,8,0,0,"",,
2023-06-19 06:47:23,"Back & Biceps",1h 8m,"Chin Up (Assisted)",2,21.0,7,0,0,,,
2023-06-19 06:47:23,"Back & Biceps",1h 8m,"Bent Over One Arm Row (Dumbbell)",1,12.0,12,0,0,"",,
2023-06-19 06:47:23,"Back & Biceps",1h 8m,"Bent Over One Arm Row (Dumbbell)",2,12.0,13,0,0,,,
2023-06-19 06:47:23,"Back & Biceps",1h 8m,"Bent Over One Arm Row (Dumbbell)",3,12.0,12,0,0,,,
2023-06-19 06:47:23,"Back & Biceps",1h 8m,"Lat Pulldown (Cable)",1,39.0,11,0,0,"",,
2023-06-19 06:47:23,"Back & Biceps",1h 8m,"Lat Pulldown (Cable)",2,39.0,10,0,0,,,
2023-06-19 06:47:23,"Back & Biceps",1h 8m,"Lat Pulldown (Cable)",3,39.3,10,0,0,,,
2023-06-24 09:34:34,"Shoulders + Glutes ",1h 3m,"Shoulder Press (Plate Loaded)",1,6.0,5,0,0,"","",
2023-06-24 09:34:34,"Shoulders + Glutes ",1h 3m,"Shoulder Press (Plate Loaded)",2,8.0,3,0,0,,,
2023-06-24 09:34:34,"Shoulders + Glutes ",1h 3m,"Shoulder Press (Plate Loaded)",3,8.0,3,0,0,,,
2023-06-24 09:34:34,"Shoulders + Glutes ",1h 3m,"Shoulder Press (Plate Loaded)",4,10.0,14,0,0,,,
2023-06-24 09:34:34,"Shoulders + Glutes ",1h 3m,"Shoulder Press (Plate Loaded)",5,10.0,13,0,0,,,
2023-06-24 09:34:34,"Shoulders + Glutes ",1h 3m,"Shoulder Press (Plate Loaded)",6,10.0,12,0,0,,,
2023-06-24 09:34:34,"Shoulders + Glutes ",1h 3m,"Lateral Raise (Dumbbell)",1,6.0,15,0,0,"",,
2023-06-24 09:34:34,"Shoulders + Glutes ",1h 3m,"Lateral Raise (Dumbbell)",2,5.0,17,0,0,,,
2023-06-24 09:34:34,"Shoulders + Glutes ",1h 3m,"Lateral Raise (Dumbbell)",3,5.0,19,0,0,,,
2023-06-24 09:34:34,"Shoulders + Glutes ",1h 3m,"Face Pull (Cable)",1,32.0,18,0,0,"",,
2023-06-24 09:34:34,"Shoulders + Glutes ",1h 3m,"Face Pull (Cable)",2,32.0,16,0,0,,,
2023-06-24 09:34:34,"Shoulders + Glutes ",1h 3m,"Face Pull (Cable)",3,32.0,16,0,0,,,
2023-06-24 09:34:34,"Shoulders + Glutes ",1h 3m,"Hip Thrust (Barbell)",1,90.0,10,0,0,"",,
2023-06-24 09:34:34,"Shoulders + Glutes ",1h 3m,"Hip Thrust (Barbell)",2,90.0,10,0,0,,,
2023-06-24 09:34:34,"Shoulders + Glutes ",1h 3m,"Hip Thrust (Barbell)",3,90.0,10,0,0,,,
2023-06-26 06:28:41,"Legs",1h 15m,"Squat (Barbell)",1,25.0,5,0,0,"","",
2023-06-26 06:28:41,"Legs",1h 15m,"Squat (Barbell)",2,40.0,5,0,0,,,
2023-06-26 06:28:41,"Legs",1h 15m,"Squat (Barbell)",3,50.0,6,0,0,,,
2023-06-26 06:28:41,"Legs",1h 15m,"Squat (Barbell)",4,60.0,7,0,0,,,
2023-06-26 06:28:41,"Legs",1h 15m,"Squat (Barbell)",5,70.0,4,0,0,,,
2023-06-26 06:28:41,"Legs",1h 15m,"Squat (Barbell)",6,70.0,4,0,0,,,
2023-06-26 06:28:41,"Legs",1h 15m,"Squat (Barbell)",7,70.0,3,0,0,,,
2023-06-26 06:28:41,"Legs",1h 15m,"Leg Press",1,120.0,10,0,0,"",,
2023-06-26 06:28:41,"Legs",1h 15m,"Leg Press",2,120.0,12,0,0,,,
2023-06-26 06:28:41,"Legs",1h 15m,"Leg Press",3,120.0,10,0,0,,,
2023-06-26 06:28:41,"Legs",1h 15m,"Hip Adductor (Machine)",1,55.0,15,0,0,"",,
2023-06-26 06:28:41,"Legs",1h 15m,"Hip Adductor (Machine)",2,55.0,14,0,0,,,
2023-06-26 06:28:41,"Legs",1h 15m,"Hip Adductor (Machine)",3,55.0,10,0,0,,,
2023-06-26 06:28:41,"Legs",1h 15m,"Hip Adductor (Machine)",4,35.0,12,0,0,,,
2023-06-26 06:28:41,"Legs",1h 15m,"Lunge (Barbell)",1,35.0,8,0,0,"",,
2023-06-26 06:28:41,"Legs",1h 15m,"Lunge (Barbell)",2,35.0,8,0,0,,,
2023-06-26 06:28:41,"Legs",1h 15m,"Lunge (Barbell)",3,35.0,9,0,0,,,
2023-06-27 06:57:26,"Chest & Triceps ",51m,"Bench Press (Barbell)",1,30.0,5,0,0,"","",
2023-06-27 06:57:26,"Chest & Triceps ",51m,"Bench Press (Barbell)",2,30.0,3,0,0,,,
2023-06-27 06:57:26,"Chest & Triceps ",51m,"Bench Press (Barbell)",3,30.0,3,0,0,,,
2023-06-27 06:57:26,"Chest & Triceps ",51m,"Bench Press (Barbell)",4,35.0,11,0,0,,,
2023-06-27 06:57:26,"Chest & Triceps ",51m,"Bench Press (Barbell)",5,35.0,10,0,0,,,
2023-06-27 06:57:26,"Chest & Triceps ",51m,"Bench Press (Barbell)",6,35.0,11,0,0,,,
2023-06-27 06:57:26,"Chest & Triceps ",51m,"Chest Fly (Dumbbell)",1,12.0,11,0,0,"",,
2023-06-27 06:57:26,"Chest & Triceps ",51m,"Chest Fly (Dumbbell)",2,12.0,8,0,0,,,
2023-06-27 06:57:26,"Chest & Triceps ",51m,"Chest Fly (Dumbbell)",3,12.0,10,0,0,,,
2023-06-27 06:57:26,"Chest & Triceps ",51m,"Triceps Extension",1,25.3,18,0,0,"",,
2023-06-27 06:57:26,"Chest & Triceps ",51m,"Triceps Extension",2,27.0,13,0,0,,,
2023-06-27 06:57:26,"Chest & Triceps ",51m,"Triceps Extension",3,27.0,10,0,0,,,
2023-06-27 06:57:26,"Chest & Triceps ",51m,"Incline Bench Press (Dumbbell)",1,12.0,8,0,0,"",,
2023-06-27 06:57:26,"Chest & Triceps ",51m,"Incline Bench Press (Dumbbell)",2,12.0,7,0,0,,,
2023-06-27 06:57:26,"Chest & Triceps ",51m,"Incline Bench Press (Dumbbell)",3,10.0,6,0,0,,,
2023-06-29 07:09:05,"Back & Biceps",1h 20m,"Deadlift (Barbell)",1,40.0,6,0,0,"","",
2023-06-29 07:09:05,"Back & Biceps",1h 20m,"Deadlift (Barbell)",2,40.0,4,0,0,,,
2023-06-29 07:09:05,"Back & Biceps",1h 20m,"Deadlift (Barbell)",3,40.0,4,0,0,,,
2023-06-29 07:09:05,"Back & Biceps",1h 20m,"Deadlift (Barbell)",4,60.0,6,0,0,,,
2023-06-29 07:09:05,"Back & Biceps",1h 20m,"Deadlift (Barbell)",5,70.0,4,0,0,,,
2023-06-29 07:09:05,"Back & Biceps",1h 20m,"Deadlift (Barbell)",6,70.0,4,0,0,,,
2023-06-29 07:09:05,"Back & Biceps",1h 20m,"Deadlift (Barbell)",7,70.0,4,0,0,,,
2023-06-29 07:09:05,"Back & Biceps",1h 20m,"Preacher Curl (Machine)",1,9.0,20,0,0,"",,
2023-06-29 07:09:05,"Back & Biceps",1h 20m,"Preacher Curl (Machine)",2,9.0,20,0,0,,,
2023-06-29 07:09:05,"Back & Biceps",1h 20m,"Lat Pulldown (Cable)",1,39.0,8,0,0,"",,
2023-06-29 07:09:05,"Back & Biceps",1h 20m,"Lat Pulldown (Cable)",2,39.0,10,0,0,,,
2023-06-29 07:09:05,"Back & Biceps",1h 20m,"Lat Pulldown (Cable)",3,39.0,13,0,0,,,
2023-06-29 07:09:05,"Back & Biceps",1h 20m,"Seated Row (Cable)",1,26.6,10,0,0,"",,
2023-06-29 07:09:05,"Back & Biceps",1h 20m,"Seated Row (Cable)",2,26.6,10,0,0,,,
2023-06-29 07:09:05,"Back & Biceps",1h 20m,"Seated Row (Cable)",3,26.6,10,0,0,,,
2023-06-29 07:09:05,"Back & Biceps",1h 20m,"Seated Row (Cable)",4,22.0,9,0,0,,,
2023-07-02 08:16:28,"Shoulders + Glutes ",1h 1m,"Shoulder Press (Plate Loaded)",1,8.0,5,0,0,"","",
2023-07-02 08:16:28,"Shoulders + Glutes ",1h 1m,"Shoulder Press (Plate Loaded)",2,8.0,3,0,0,,,
2023-07-02 08:16:28,"Shoulders + Glutes ",1h 1m,"Shoulder Press (Plate Loaded)",3,8.0,3,0,0,,,
2023-07-02 08:16:28,"Shoulders + Glutes ",1h 1m,"Shoulder Press (Plate Loaded)",4,10.0,15,0,0,,,
2023-07-02 08:16:28,"Shoulders + Glutes ",1h 1m,"Shoulder Press (Plate Loaded)",5,10.0,12,0,0,,,
2023-07-02 08:16:28,"Shoulders + Glutes ",1h 1m,"Shoulder Press (Plate Loaded)",6,10.0,14,0,0,,,
2023-07-02 08:16:28,"Shoulders + Glutes ",1h 1m,"Lateral Raise (Dumbbell)",1,6.0,12,0,0,"",,
2023-07-02 08:16:28,"Shoulders + Glutes ",1h 1m,"Lateral Raise (Dumbbell)",2,6.0,15,0,0,,,
2023-07-02 08:16:28,"Shoulders + Glutes ",1h 1m,"Lateral Raise (Dumbbell)",3,6.0,15,0,0,,,
2023-07-02 08:16:28,"Shoulders + Glutes ",1h 1m,"Face Pull (Cable)",1,34.3,13,0,0,"",,
2023-07-02 08:16:28,"Shoulders + Glutes ",1h 1m,"Face Pull (Cable)",2,34.3,11,0,0,,,
2023-07-02 08:16:28,"Shoulders + Glutes ",1h 1m,"Face Pull (Cable)",3,34.3,11,0,0,,,
2023-07-02 08:16:28,"Shoulders + Glutes ",1h 1m,"Hip Thrust (Barbell)",1,90.0,8,0,0,"",,
2023-07-02 08:16:28,"Shoulders + Glutes ",1h 1m,"Hip Thrust (Barbell)",2,90.0,8,0,0,,,
2023-07-02 08:16:28,"Shoulders + Glutes ",1h 1m,"Hip Thrust (Barbell)",3,90.0,8,0,0,,,
2023-07-03 06:42:06,"Legs",1h 17m,"Squat (Barbell)",1,25.0,5,0,0,"","",
2023-07-03 06:42:06,"Legs",1h 17m,"Squat (Barbell)",2,40.0,5,0,0,,,
2023-07-03 06:42:06,"Legs",1h 17m,"Squat (Barbell)",3,50.0,6,0,0,,,
2023-07-03 06:42:06,"Legs",1h 17m,"Squat (Barbell)",4,60.0,4,0,0,,,
2023-07-03 06:42:06,"Legs",1h 17m,"Squat (Barbell)",5,70.0,4,0,0,,,
2023-07-03 06:42:06,"Legs",1h 17m,"Squat (Barbell)",6,70.0,4,0,0,,,
2023-07-03 06:42:06,"Legs",1h 17m,"Squat (Barbell)",7,70.0,3,0,0,,,
2023-07-03 06:42:06,"Legs",1h 17m,"Squat (Barbell)",8,70.0,3,0,0,,,
2023-07-03 06:42:06,"Legs",1h 17m,"Leg Press",1,120.0,12,0,0,"",,
2023-07-03 06:42:06,"Legs",1h 17m,"Leg Press",2,120.0,13,0,0,,,
2023-07-03 06:42:06,"Legs",1h 17m,"Leg Press",3,120.0,13,0,0,,,
2023-07-03 06:42:06,"Legs",1h 17m,"Leg Press",4,120.0,10,0,0,,,
2023-07-03 06:42:06,"Legs",1h 17m,"Hip Adductor (Machine)",1,55.0,13,0,0,"",,
2023-07-03 06:42:06,"Legs",1h 17m,"Hip Adductor (Machine)",2,55.0,10,0,0,,,
2023-07-03 06:42:06,"Legs",1h 17m,"Lunge (Barbell)",1,40.0,8,0,0,"",,
2023-07-03 06:42:06,"Legs",1h 17m,"Lunge (Barbell)",2,40.0,8,0,0,,,
2023-07-03 06:42:06,"Legs",1h 17m,"Lunge (Barbell)",3,40.0,8,0,0,,,
2023-07-04 06:48:09,"Chest & Triceps ",1h 8m,"Bench Press (Barbell)",1,30.0,5,0,0,"","",
2023-07-04 06:48:09,"Chest & Triceps ",1h 8m,"Bench Press (Barbell)",2,30.0,3,0,0,,,
2023-07-04 06:48:09,"Chest & Triceps ",1h 8m,"Bench Press (Barbell)",3,30.0,3,0,0,,,
2023-07-04 06:48:09,"Chest & Triceps ",1h 8m,"Bench Press (Barbell)",4,35.0,12,0,0,,,
2023-07-04 06:48:09,"Chest & Triceps ",1h 8m,"Bench Press (Barbell)",5,35.0,13,0,0,,,
2023-07-04 06:48:09,"Chest & Triceps ",1h 8m,"Bench Press (Barbell)",6,35.0,12,0,0,,,
2023-07-04 06:48:09,"Chest & Triceps ",1h 8m,"Incline Bench Press (Dumbbell)",1,12.0,10,0,0,"",,
2023-07-04 06:48:09,"Chest & Triceps ",1h 8m,"Incline Bench Press (Dumbbell)",2,12.0,13,0,0,,,
2023-07-04 06:48:09,"Chest & Triceps ",1h 8m,"Incline Bench Press (Dumbbell)",3,12.0,11,0,0,,,
2023-07-04 06:48:09,"Chest & Triceps ",1h 8m,"Chest Fly (Dumbbell)",1,12.0,13,0,0,"",,
2023-07-04 06:48:09,"Chest & Triceps ",1h 8m,"Chest Fly (Dumbbell)",2,12.0,12,0,0,,,
2023-07-04 06:48:09,"Chest & Triceps ",1h 8m,"Chest Fly (Dumbbell)",3,12.0,9,0,0,,,
2023-07-04 06:48:09,"Chest & Triceps ",1h 8m,"Triceps Extension",1,27.0,16,0,0,"",,
2023-07-04 06:48:09,"Chest & Triceps ",1h 8m,"Triceps Extension",2,29.3,11,0,0,,,
2023-07-04 06:48:09,"Chest & Triceps ",1h 8m,"Triceps Extension",3,29.3,9,0,0,,,
2023-07-04 06:48:09,"Chest & Triceps ",1h 8m,"Triceps Pushdown (Cable - Straight Bar)",1,9.0,8,0,0,"",,
2023-07-04 06:48:09,"Chest & Triceps ",1h 8m,"Triceps Pushdown (Cable - Straight Bar)",2,9.0,9,0,0,,,
2023-07-04 06:48:09,"Chest & Triceps ",1h 8m,"Triceps Pushdown (Cable - Straight Bar)",3,9.0,9,0,0,,,
2023-07-06 06:48:46,"Back & Biceps",1h 2m,"Deadlift (Barbell)",1,40.0,6,0,0,"","",
2023-07-06 06:48:46,"Back & Biceps",1h 2m,"Deadlift (Barbell)",2,50.0,4,0,0,,,
2023-07-06 06:48:46,"Back & Biceps",1h 2m,"Deadlift (Barbell)",3,40.0,4,0,0,,,
2023-07-06 06:48:46,"Back & Biceps",1h 2m,"Deadlift (Barbell)",4,60.0,7,0,0,,,
2023-07-06 06:48:46,"Back & Biceps",1h 2m,"Deadlift (Barbell)",5,70.0,4,0,0,,,
2023-07-06 06:48:46,"Back & Biceps",1h 2m,"Deadlift (Barbell)",6,70.0,5,0,0,,,
2023-07-06 06:48:46,"Back & Biceps",1h 2m,"Deadlift (Barbell)",7,70.0,5,0,0,,,
2023-07-06 06:48:46,"Back & Biceps",1h 2m,"Preacher Curl (Machine)",1,9.0,21,0,0,"",,
2023-07-06 06:48:46,"Back & Biceps",1h 2m,"Preacher Curl (Machine)",2,14.0,8,0,0,,,
2023-07-06 06:48:46,"Back & Biceps",1h 2m,"Pull Up (Assisted)",1,21.0,15,0,0,"",,
2023-07-06 06:48:46,"Back & Biceps",1h 2m,"Pull Up (Assisted)",2,21.0,13,0,0,,,
2023-07-06 06:48:46,"Back & Biceps",1h 2m,"Pull Up (Assisted)",3,21.0,12,0,0,,,
2023-07-06 06:48:46,"Back & Biceps",1h 2m,"Seated Row (Cable)",1,22.0,8,0,0,"",,
2023-07-06 06:48:46,"Back & Biceps",1h 2m,"Seated Row (Cable)",2,22.0,10,0,0,,,
2023-07-06 06:48:46,"Back & Biceps",1h 2m,"Seated Row (Cable)",3,22.0,9,0,0,,,
2023-07-06 06:48:46,"Back & Biceps",1h 2m,"Seated Row (Cable)",4,14.6,15,0,0,,,
2023-07-09 09:11:44,"Shoulders + Glutes ",59m,"Shoulder Press (Plate Loaded)",1,6.0,6,0,0,"","",
2023-07-09 09:11:44,"Shoulders + Glutes ",59m,"Shoulder Press (Plate Loaded)",2,8.0,5,0,0,,,
2023-07-09 09:11:44,"Shoulders + Glutes ",59m,"Shoulder Press (Plate Loaded)",3,5.0,3,0,0,,,
2023-07-09 09:11:44,"Shoulders + Glutes ",59m,"Shoulder Press (Plate Loaded)",4,12.0,8,0,0,,,
2023-07-09 09:11:44,"Shoulders + Glutes ",59m,"Shoulder Press (Plate Loaded)",5,12.0,8,0,0,,,
2023-07-09 09:11:44,"Shoulders + Glutes ",59m,"Shoulder Press (Plate Loaded)",6,12.0,6,0,0,,,
2023-07-09 09:11:44,"Shoulders + Glutes ",59m,"Lateral Raise (Dumbbell)",1,6.0,17,0,0,"",,
2023-07-09 09:11:44,"Shoulders + Glutes ",59m,"Lateral Raise (Dumbbell)",2,6.0,12,0,0,,,
2023-07-09 09:11:44,"Shoulders + Glutes ",59m,"Lateral Raise (Dumbbell)",3,6.0,12,0,0,,,
2023-07-09 09:11:44,"Shoulders + Glutes ",59m,"Face Pull (Cable)",1,34.3,12,0,0,"",,
2023-07-09 09:11:44,"Shoulders + Glutes ",59m,"Face Pull (Cable)",2,34.3,13,0,0,,,
2023-07-09 09:11:44,"Shoulders + Glutes ",59m,"Face Pull (Cable)",3,34.3,12,0,0,,,
2023-07-09 09:11:44,"Shoulders + Glutes ",59m,"Hip Thrust (Barbell)",1,90.0,12,0,0,"",,
2023-07-09 09:11:44,"Shoulders + Glutes ",59m,"Hip Thrust (Barbell)",2,90.0,11,0,0,,,
2023-07-09 09:11:44,"Shoulders + Glutes ",59m,"Hip Thrust (Barbell)",3,90.0,8,0,0,,,
2023-07-11 06:53:55,"Legs",1h 19m,"Squat (Barbell)",1,20.0,5,0,0,"","",
2023-07-11 06:53:55,"Legs",1h 19m,"Squat (Barbell)",2,40.0,3,0,0,,,
2023-07-11 06:53:55,"Legs",1h 19m,"Squat (Barbell)",3,50.0,3,0,0,,,
2023-07-11 06:53:55,"Legs",1h 19m,"Squat (Barbell)",4,60.0,7,0,0,,,
2023-07-11 06:53:55,"Legs",1h 19m,"Squat (Barbell)",5,70.0,4,0,0,,,
2023-07-11 06:53:55,"Legs",1h 19m,"Squat (Barbell)",6,70.0,5,0,0,,,
2023-07-11 06:53:55,"Legs",1h 19m,"Squat (Barbell)",7,70.0,5,0,0,,,
2023-07-11 06:53:55,"Legs",1h 19m,"Leg Press",1,120.0,12,0,0,"",,
2023-07-11 06:53:55,"Legs",1h 19m,"Leg Press",2,120.0,13,0,0,,,
2023-07-11 06:53:55,"Legs",1h 19m,"Leg Press",3,120.0,13,0,0,,,
2023-07-11 06:53:55,"Legs",1h 19m,"Lunge (Barbell)",1,40.0,8,0,0,"",,
2023-07-11 06:53:55,"Legs",1h 19m,"Lunge (Barbell)",2,40.0,8,0,0,,,
2023-07-11 06:53:55,"Legs",1h 26m,"Squat (Barbell)",1,20.0,5,0,0,"","",
2023-07-11 06:53:55,"Legs",1h 26m,"Squat (Barbell)",2,40.0,3,0,0,,,
2023-07-11 06:53:55,"Legs",1h 26m,"Squat (Barbell)",3,50.0,3,0,0,,,
2023-07-11 06:53:55,"Legs",1h 26m,"Squat (Barbell)",4,60.0,7,0,0,,,
2023-07-11 06:53:55,"Legs",1h 26m,"Squat (Barbell)",5,70.0,4,0,0,,,
2023-07-11 06:53:55,"Legs",1h 26m,"Squat (Barbell)",6,70.0,5,0,0,,,
2023-07-11 06:53:55,"Legs",1h 26m,"Squat (Barbell)",7,70.0,5,0,0,,,
2023-07-11 06:53:55,"Legs",1h 26m,"Leg Press",1,120.0,12,0,0,"",,
2023-07-11 06:53:55,"Legs",1h 26m,"Leg Press",2,120.0,13,0,0,,,
2023-07-11 06:53:55,"Legs",1h 26m,"Leg Press",3,120.0,13,0,0,,,
2023-07-11 06:53:55,"Legs",1h 26m,"Lunge (Barbell)",1,40.0,8,0,0,"",,
2023-07-11 06:53:55,"Legs",1h 26m,"Lunge (Barbell)",2,40.0,8,0,0,,,
2023-07-11 06:53:55,"Legs",1h 26m,"Lunge (Barbell)",3,40.0,8,0,0,,,
2023-07-15 09:48:11,"Chest & Triceps ",1h 13m,"Bench Press (Barbell)",1,20.0,5,0,0,"","",
2023-07-15 09:48:11,"Chest & Triceps ",1h 13m,"Bench Press (Barbell)",2,20.0,5,0,0,,,
2023-07-15 09:48:11,"Chest & Triceps ",1h 13m,"Bench Press (Barbell)",3,30.0,3,0,0,,,
2023-07-15 09:48:11,"Chest & Triceps ",1h 13m,"Bench Press (Barbell)",4,35.0,15,0,0,,,
2023-07-15 09:48:11,"Chest & Triceps ",1h 13m,"Bench Press (Barbell)",5,35.0,14,0,0,,,
2023-07-15 09:48:11,"Chest & Triceps ",1h 13m,"Bench Press (Barbell)",6,40.0,4,0,0,,,
2023-07-15 09:48:11,"Chest & Triceps ",1h 13m,"Incline Bench Press (Dumbbell)",1,12.0,13,0,0,"",,
2023-07-15 09:48:11,"Chest & Triceps ",1h 13m,"Incline Bench Press (Dumbbell)",2,12.0,13,0,0,,,
2023-07-15 09:48:11,"Chest & Triceps ",1h 13m,"Incline Bench Press (Dumbbell)",3,12.0,11,0,0,,,
2023-07-15 09:48:11,"Chest & Triceps ",1h 13m,"Chest Fly (Dumbbell)",1,12.0,13,0,0,"",,
2023-07-15 09:48:11,"Chest & Triceps ",1h 13m,"Chest Fly (Dumbbell)",2,12.0,12,0,0,,,
2023-07-15 09:48:11,"Chest & Triceps ",1h 13m,"Chest Fly (Dumbbell)",3,12.0,13,0,0,,,
2023-07-15 09:48:11,"Chest & Triceps ",1h 13m,"Triceps Extension",1,29.3,17,0,0,"",,
2023-07-15 09:48:11,"Chest & Triceps ",1h 13m,"Triceps Extension",2,29.5,13,0,0,,,
2023-07-15 09:48:11,"Chest & Triceps ",1h 13m,"Triceps Extension",3,29.5,10,0,0,,,
2023-07-15 09:48:11,"Chest & Triceps ",1h 13m,"Triceps Pushdown (Cable - Straight Bar)",1,4.5,16,0,0,"",,
2023-07-15 09:48:11,"Chest & Triceps ",1h 13m,"Triceps Pushdown (Cable - Straight Bar)",2,4.5,10,0,0,,,
2023-07-18 09:15:50,"Back & Biceps",1h 10m,"Deadlift (Barbell)",1,40.0,6,0,0,"","",
2023-07-18 09:15:50,"Back & Biceps",1h 10m,"Deadlift (Barbell)",2,50.0,3,0,0,,,
2023-07-18 09:15:50,"Back & Biceps",1h 10m,"Deadlift (Barbell)",3,40.0,3,0,0,,,
2023-07-18 09:15:50,"Back & Biceps",1h 10m,"Deadlift (Barbell)",4,60.0,7,0,0,,,
2023-07-18 09:15:50,"Back & Biceps",1h 10m,"Deadlift (Barbell)",5,70.0,5,0,0,,,
2023-07-18 09:15:50,"Back & Biceps",1h 10m,"Deadlift (Barbell)",6,70.0,5,0,0,,,
2023-07-18 09:15:50,"Back & Biceps",1h 10m,"Deadlift (Barbell)",7,70.0,5,0,0,,,
2023-07-18 09:15:50,"Back & Biceps",1h 10m,"Seated Row (Cable)",1,22.0,12,0,0,"",,
2023-07-18 09:15:50,"Back & Biceps",1h 10m,"Seated Row (Cable)",2,22.0,11,0,0,,,
2023-07-18 09:15:50,"Back & Biceps",1h 10m,"Seated Row (Cable)",3,22.0,10,0,0,,,
2023-07-18 09:15:50,"Back & Biceps",1h 10m,"Seated Row (Cable)",4,9.0,15,0,0,,,
2023-07-18 09:15:50,"Back & Biceps",1h 10m,"Lat Pulldown (Cable)",1,39.0,8,0,0,"",,
2023-07-18 09:15:50,"Back & Biceps",1h 10m,"Lat Pulldown (Cable)",2,39.0,9,0,0,,,
2023-07-18 09:15:50,"Back & Biceps",1h 10m,"Lat Pulldown (Cable)",3,39.0,11,0,0,,,
2023-07-18 09:15:50,"Back & Biceps",1h 10m,"Lat Pulldown (Cable)",4,25.0,12,0,0,,,
2023-07-18 09:15:50,"Back & Biceps",1h 10m,"Preacher Curl (Machine)",1,14.0,10,0,0,"",,
2023-07-18 09:15:50,"Back & Biceps",1h 10m,"Preacher Curl (Machine)",2,14.0,12,0,0,,,
2023-07-20 06:53:09,"Shoulders + Glutes ",52m,"Shoulder Press (Plate Loaded)",1,10.0,4,0,0,"","",
2023-07-20 06:53:09,"Shoulders + Glutes ",52m,"Shoulder Press (Plate Loaded)",2,10.0,3,0,0,,,
2023-07-20 06:53:09,"Shoulders + Glutes ",52m,"Shoulder Press (Plate Loaded)",3,10.0,3,0,0,,,
2023-07-20 06:53:09,"Shoulders + Glutes ",52m,"Shoulder Press (Plate Loaded)",4,12.0,8,0,0,,,
2023-07-20 06:53:09,"Shoulders + Glutes ",52m,"Shoulder Press (Plate Loaded)",5,12.0,9,0,0,,,
2023-07-20 06:53:09,"Shoulders + Glutes ",52m,"Shoulder Press (Plate Loaded)",6,12.0,8,0,0,,,
2023-07-20 06:53:09,"Shoulders + Glutes ",52m,"Lateral Raise (Dumbbell)",1,6.0,14,0,0,"Com pausa em cima ",,
2023-07-20 06:53:09,"Shoulders + Glutes ",52m,"Lateral Raise (Dumbbell)",2,6.0,13,0,0,,,
2023-07-20 06:53:09,"Shoulders + Glutes ",52m,"Lateral Raise (Dumbbell)",3,6.0,12,0,0,,,
2023-07-20 06:53:09,"Shoulders + Glutes ",52m,"Face Pull (Cable)",1,34.5,13,0,0,"",,
2023-07-20 06:53:09,"Shoulders + Glutes ",52m,"Face Pull (Cable)",2,34.5,13,0,0,,,
2023-07-20 06:53:09,"Shoulders + Glutes ",52m,"Face Pull (Cable)",3,34.5,12,0,0,,,
2023-07-24 11:20:26,"Legs",1h 2m,"Squat (Barbell)",1,40.0,5,0,0,"","",
2023-07-24 11:20:26,"Legs",1h 2m,"Squat (Barbell)",2,40.0,3,0,0,,,
2023-07-24 11:20:26,"Legs",1h 2m,"Squat (Barbell)",3,50.0,3,0,0,,,
2023-07-24 11:20:26,"Legs",1h 2m,"Squat (Barbell)",4,60.0,7,0,0,,,
2023-07-24 11:20:26,"Legs",1h 2m,"Squat (Barbell)",5,70.0,5,0,0,,,
2023-07-24 11:20:26,"Legs",1h 2m,"Squat (Barbell)",6,70.0,5,0,0,,,
2023-07-24 11:20:26,"Legs",1h 2m,"Squat (Barbell)",7,70.0,5,0,0,,,
2023-07-24 11:20:26,"Legs",1h 2m,"Leg Press",1,120.0,13,0,0,"",,
2023-07-24 11:20:26,"Legs",1h 2m,"Leg Press",2,120.0,13,0,0,,,
2023-07-24 11:20:26,"Legs",1h 2m,"Leg Press",3,120.0,13,0,0,,,
2023-07-24 11:20:26,"Legs",1h 2m,"Hip Adductor (Machine)",1,55.0,15,0,0,"",,
2023-07-24 11:20:26,"Legs",1h 2m,"Hip Adductor (Machine)",2,55.0,15,0,0,,,
2023-07-24 11:20:26,"Legs",1h 2m,"Hip Adductor (Machine)",3,55.0,13,0,0,,,
2023-07-24 11:20:26,"Legs",1h 2m,"Hip Adductor (Machine)",4,35.0,8,0,0,,,
2023-07-24 11:20:26,"Legs",1h 2m,"Squat (Barbell)",1,40.0,5,0,0,"","",
2023-07-24 11:20:26,"Legs",1h 2m,"Squat (Barbell)",2,40.0,3,0,0,,,
2023-07-24 11:20:26,"Legs",1h 2m,"Squat (Barbell)",3,50.0,3,0,0,,,
2023-07-24 11:20:26,"Legs",1h 2m,"Squat (Barbell)",4,60.0,7,0,0,,,
2023-07-24 11:20:26,"Legs",1h 2m,"Squat (Barbell)",5,70.0,5,0,0,,,
2023-07-24 11:20:26,"Legs",1h 2m,"Squat (Barbell)",6,70.0,5,0,0,,,
2023-07-24 11:20:26,"Legs",1h 2m,"Squat (Barbell)",7,70.0,5,0,0,,,
2023-07-24 11:20:26,"Legs",1h 2m,"Leg Press",1,120.0,13,0,0,"",,
2023-07-24 11:20:26,"Legs",1h 2m,"Leg Press",2,120.0,13,0,0,,,
2023-07-24 11:20:26,"Legs",1h 2m,"Leg Press",3,120.0,13,0,0,,,
2023-07-24 11:20:26,"Legs",1h 2m,"Hip Adductor (Machine)",1,55.0,15,0,0,"",,
2023-07-24 11:20:26,"Legs",1h 2m,"Hip Adductor (Machine)",2,55.0,15,0,0,,,
2023-07-24 11:20:26,"Legs",1h 2m,"Hip Adductor (Machine)",3,55.0,13,0,0,,,
2023-07-24 11:20:26,"Legs",1h 2m,"Hip Adductor (Machine)",4,35.0,8,0,0,,,
2023-07-26 07:01:46,"Chest & Triceps ",1h 12m,"Bench Press (Barbell)",1,20.0,5,0,0,"","",
2023-07-26 07:01:46,"Chest & Triceps ",1h 12m,"Bench Press (Barbell)",2,30.0,3,0,0,,,
2023-07-26 07:01:46,"Chest & Triceps ",1h 12m,"Bench Press (Barbell)",3,30.0,3,0,0,,,
2023-07-26 07:01:46,"Chest & Triceps ",1h 12m,"Bench Press (Barbell)",4,40.0,5,0,0,,,
2023-07-26 07:01:46,"Chest & Triceps ",1h 12m,"Bench Press (Barbell)",5,40.0,4,0,0,,,
2023-07-26 07:01:46,"Chest & Triceps ",1h 12m,"Bench Press (Barbell)",6,40.0,4,0,0,,,
2023-07-26 07:01:46,"Chest & Triceps ",1h 12m,"Incline Bench Press (Dumbbell)",1,12.0,14,0,0,"",,
2023-07-26 07:01:46,"Chest & Triceps ",1h 12m,"Incline Bench Press (Dumbbell)",2,12.0,13,0,0,,,
2023-07-26 07:01:46,"Chest & Triceps ",1h 12m,"Incline Bench Press (Dumbbell)",3,12.0,12,0,0,,,
2023-07-26 07:01:46,"Chest & Triceps ",1h 12m,"Chest Fly (Dumbbell)",1,12.0,15,0,0,"",,
2023-07-26 07:01:46,"Chest & Triceps ",1h 12m,"Chest Fly (Dumbbell)",2,12.0,13,0,0,,,
2023-07-26 07:01:46,"Chest & Triceps ",1h 12m,"Chest Fly (Dumbbell)",3,12.0,13,0,0,,,
2023-07-26 07:01:46,"Chest & Triceps ",1h 12m,"Triceps Extension",1,31.6,14,0,0,"",,
2023-07-26 07:01:46,"Chest & Triceps ",1h 12m,"Triceps Extension",2,31.6,14,0,0,,,
2023-07-26 07:01:46,"Chest & Triceps ",1h 12m,"Triceps Extension",3,31.6,14,0,0,,,
2023-07-26 07:01:46,"Chest & Triceps ",1h 12m,"Triceps Pushdown (Cable - Straight Bar)",1,9.0,7,0,0,"",,
2023-07-26 07:01:46,"Chest & Triceps ",1h 12m,"Triceps Pushdown (Cable - Straight Bar)",2,9.0,7,0,0,,,
2023-07-26 07:01:46,"Chest & Triceps ",1h 12m,"Triceps Pushdown (Cable - Straight Bar)",3,9.0,4,0,0,,,
2023-07-29 09:36:57,"Back & Biceps",1h 7m,"Deadlift (Barbell)",1,40.0,6,0,0,"","",
2023-07-29 09:36:57,"Back & Biceps",1h 7m,"Deadlift (Barbell)",2,50.0,5,0,0,,,
2023-07-29 09:36:57,"Back & Biceps",1h 7m,"Deadlift (Barbell)",3,60.0,5,0,0,,,
2023-07-29 09:36:57,"Back & Biceps",1h 7m,"Deadlift (Barbell)",4,70.0,6,0,0,,,
2023-07-29 09:36:57,"Back & Biceps",1h 7m,"Deadlift (Barbell)",5,70.0,6,0,0,,,
2023-07-29 09:36:57,"Back & Biceps",1h 7m,"Deadlift (Barbell)",6,70.0,5,0,0,,,
2023-07-29 09:36:57,"Back & Biceps",1h 7m,"Deadlift (Barbell)",7,70.0,5,0,0,,,
2023-07-29 09:36:57,"Back & Biceps",1h 7m,"Preacher Curl (Machine)",1,14.0,10,0,0,"",,
2023-07-29 09:36:57,"Back & Biceps",1h 7m,"Preacher Curl (Machine)",2,14.0,9,0,0,,,
2023-07-29 09:36:57,"Back & Biceps",1h 7m,"Preacher Curl (Machine)",3,14.0,5,0,0,,,
2023-07-29 09:36:57,"Back & Biceps",1h 7m,"Pull Up (Assisted)",1,21.0,13,0,0,"",,
2023-07-29 09:36:57,"Back & Biceps",1h 7m,"Pull Up (Assisted)",2,21.0,13,0,0,,,
2023-07-29 09:36:57,"Back & Biceps",1h 7m,"Pull Up (Assisted)",3,21.0,12,0,0,,,
2023-07-29 09:36:57,"Back & Biceps",1h 7m,"Seated Row (Cable)",1,22.0,13,0,0,"",,
2023-07-29 09:36:57,"Back & Biceps",1h 7m,"Seated Row (Cable)",2,22.0,12,0,0,,,
2023-07-29 09:36:57,"Back & Biceps",1h 7m,"Seated Row (Cable)",3,22.0,11,0,0,,,
2023-07-29 09:36:57,"Back & Biceps",1h 7m,"Seated Row (Cable)",4,9.0,13,0,0,,,
2023-07-31 08:21:57,"Shoulders + Glutes ",1h 18m,"Shoulder Press (Plate Loaded)",1,8.0,5,0,0,"","",
2023-07-31 08:21:57,"Shoulders + Glutes ",1h 18m,"Shoulder Press (Plate Loaded)",2,8.0,5,0,0,,,
2023-07-31 08:21:57,"Shoulders + Glutes ",1h 18m,"Shoulder Press (Plate Loaded)",3,10.0,3,0,0,,,
2023-07-31 08:21:57,"Shoulders + Glutes ",1h 18m,"Shoulder Press (Plate Loaded)",4,12.0,13,0,0,,,
2023-07-31 08:21:57,"Shoulders + Glutes ",1h 18m,"Shoulder Press (Plate Loaded)",5,12.0,10,0,0,,,
2023-07-31 08:21:57,"Shoulders + Glutes ",1h 18m,"Shoulder Press (Plate Loaded)",6,12.0,8,0,0,,,
2023-07-31 08:21:57,"Shoulders + Glutes ",1h 18m,"Lateral Raise (Cable)",1,4.5,12,0,0,"",,
2023-07-31 08:21:57,"Shoulders + Glutes ",1h 18m,"Lateral Raise (Cable)",2,4.5,13,0,0,,,
2023-07-31 08:21:57,"Shoulders + Glutes ",1h 18m,"Lateral Raise (Cable)",3,4.5,8,0,0,,,
2023-07-31 08:21:57,"Shoulders + Glutes ",1h 18m,"Face Pull (Cable)",1,32.0,14,0,0,"",,
2023-07-31 08:21:57,"Shoulders + Glutes ",1h 18m,"Face Pull (Cable)",2,32.0,14,0,0,,,
2023-07-31 08:21:57,"Shoulders + Glutes ",1h 18m,"Face Pull (Cable)",3,32.0,14,0,0,,,
2023-07-31 08:21:57,"Shoulders + Glutes ",1h 18m,"Hip Thrust (Barbell)",1,90.0,8,0,0,"",,
2023-07-31 08:21:57,"Shoulders + Glutes ",1h 18m,"Hip Thrust (Barbell)",2,90.0,8,0,0,,,
2023-07-31 08:21:57,"Shoulders + Glutes ",1h 18m,"Hip Thrust (Barbell)",3,90.0,8,0,0,,,
2023-08-01 08:52:04,"Legs",13s,"Squat (Barbell)",1,40.0,5,0,0,"","",
2023-08-01 08:52:58,"Legs",1h 12m,"Squat (Barbell)",1,40.0,5,0,0,"","",
2023-08-01 08:52:58,"Legs",1h 12m,"Squat (Barbell)",2,40.0,3,0,0,,,
2023-08-01 08:52:58,"Legs",1h 12m,"Squat (Barbell)",3,50.0,3,0,0,,,
2023-08-01 08:52:58,"Legs",1h 12m,"Squat (Barbell)",4,60.0,7,0,0,,,
2023-08-01 08:52:58,"Legs",1h 12m,"Squat (Barbell)",5,70.0,3,0,0,,,
2023-08-01 08:52:58,"Legs",1h 12m,"Squat (Barbell)",6,70.0,5,0,0,,,
2023-08-01 08:52:58,"Legs",1h 12m,"Squat (Barbell)",7,70.0,5,0,0,,,
2023-08-01 08:52:58,"Legs",1h 12m,"Leg Press",1,120.0,8,0,0,"",,
2023-08-01 08:52:58,"Legs",1h 12m,"Leg Press",2,120.0,10,0,0,,,
2023-08-01 08:52:58,"Legs",1h 12m,"Leg Press",3,120.0,8,0,0,,,
2023-08-01 08:52:58,"Legs",1h 12m,"Lunge (Barbell)",1,40.0,8,0,0,"",,
2023-08-01 08:52:58,"Legs",1h 12m,"Lunge (Barbell)",2,30.0,10,0,0,,,
2023-08-01 08:52:58,"Legs",1h 12m,"Lunge (Barbell)",3,30.0,8,0,0,,,
2023-08-03 10:07:06,"Chest & Triceps ",1h 14m,"Bench Press (Barbell)",1,25.0,5,0,0,"","",
2023-08-03 10:07:06,"Chest & Triceps ",1h 14m,"Bench Press (Barbell)",2,30.0,3,0,0,,,
2023-08-03 10:07:06,"Chest & Triceps ",1h 14m,"Bench Press (Barbell)",3,30.0,3,0,0,,,
2023-08-03 10:07:06,"Chest & Triceps ",1h 14m,"Bench Press (Barbell)",4,40.0,3,0,0,,,
2023-08-03 10:07:06,"Chest & Triceps ",1h 14m,"Bench Press (Barbell)",5,40.0,7,0,0,,,
2023-08-03 10:07:06,"Chest & Triceps ",1h 14m,"Bench Press (Barbell)",6,40.0,6,0,0,,,
2023-08-03 10:07:06,"Chest & Triceps ",1h 14m,"Incline Bench Press (Dumbbell)",1,12.0,10,0,0,"",,
2023-08-03 10:07:06,"Chest & Triceps ",1h 14m,"Incline Bench Press (Dumbbell)",2,12.0,12,0,0,,,
2023-08-03 10:07:06,"Chest & Triceps ",1h 14m,"Incline Bench Press (Dumbbell)",3,12.0,12,0,0,,,
2023-08-03 10:07:06,"Chest & Triceps ",1h 14m,"Chest Fly (Dumbbell)",1,12.0,15,0,0,"",,
2023-08-03 10:07:06,"Chest & Triceps ",1h 14m,"Chest Fly (Dumbbell)",2,12.5,12,0,0,,,
2023-08-03 10:07:06,"Chest & Triceps ",1h 14m,"Chest Fly (Dumbbell)",3,12.5,8,0,0,,,
2023-08-03 10:07:06,"Chest & Triceps ",1h 14m,"Triceps Extension",1,32.0,16,0,0,"",,
2023-08-03 10:07:06,"Chest & Triceps ",1h 14m,"Triceps Extension",2,34.3,12,0,0,,,
2023-08-03 10:07:06,"Chest & Triceps ",1h 14m,"Triceps Extension",3,34.3,8,0,0,,,
2023-08-03 10:07:06,"Chest & Triceps ",1h 14m,"Triceps Pushdown (Cable - Straight Bar)",1,9.0,9,0,0,"",,
2023-08-03 10:07:06,"Chest & Triceps ",1h 14m,"Triceps Pushdown (Cable - Straight Bar)",2,9.0,8,0,0,,,
2023-08-03 10:07:06,"Chest & Triceps ",1h 14m,"Triceps Pushdown (Cable - Straight Bar)",3,9.0,4,0,0,,,
2023-08-06 10:00:39,"Back & Biceps",1h 37m,"Deadlift (Barbell)",1,40.0,6,0,0,"","",
2023-08-06 10:00:39,"Back & Biceps",1h 37m,"Deadlift (Barbell)",2,50.0,5,0,0,,,
2023-08-06 10:00:39,"Back & Biceps",1h 37m,"Deadlift (Barbell)",3,60.0,6,0,0,,,
2023-08-06 10:00:39,"Back & Biceps",1h 37m,"Deadlift (Barbell)",4,70.0,6,0,0,,,
2023-08-06 10:00:39,"Back & Biceps",1h 37m,"Deadlift (Barbell)",5,70.0,3,0,0,,,
2023-08-06 10:00:39,"Back & Biceps",1h 37m,"Deadlift (Barbell)",6,70.0,5,0,0,,,
2023-08-06 10:00:39,"Back & Biceps",1h 37m,"Deadlift (Barbell)",7,70.0,5,0,0,,,
2023-08-06 10:00:39,"Back & Biceps",1h 37m,"Deadlift (Barbell)",8,60.0,6,0,0,,,
2023-08-06 10:00:39,"Back & Biceps",1h 37m,"Lat Pulldown (Cable)",1,39.0,11,0,0,"",,
2023-08-06 10:00:39,"Back & Biceps",1h 37m,"Lat Pulldown (Cable)",2,39.0,14,0,0,,,
2023-08-06 10:00:39,"Back & Biceps",1h 37m,"Lat Pulldown (Cable)",3,39.0,13,0,0,,,
2023-08-06 10:00:39,"Back & Biceps",1h 37m,"Seated Row (Cable)",1,22.0,15,0,0,"",,
2023-08-06 10:00:39,"Back & Biceps",1h 37m,"Seated Row (Cable)",2,22.0,7,0,0,,,
2023-08-06 10:00:39,"Back & Biceps",1h 37m,"Seated Row (Cable)",3,22.0,8,0,0,,,
2023-08-07 11:56:10,"Shoulders + Glutes ",1h 10m,"Shoulder Press (Plate Loaded)",1,5.0,5,0,0,"","",
2023-08-07 11:56:10,"Shoulders + Glutes ",1h 10m,"Shoulder Press (Plate Loaded)",2,8.0,5,0,0,,,
2023-08-07 11:56:10,"Shoulders + Glutes ",1h 10m,"Shoulder Press (Plate Loaded)",3,10.0,3,0,0,,,
2023-08-07 11:56:10,"Shoulders + Glutes ",1h 10m,"Shoulder Press (Plate Loaded)",4,12.0,13,0,0,,,
2023-08-07 11:56:10,"Shoulders + Glutes ",1h 10m,"Shoulder Press (Plate Loaded)",5,12.0,10,0,0,,,
2023-08-07 11:56:10,"Shoulders + Glutes ",1h 10m,"Shoulder Press (Plate Loaded)",6,12.0,10,0,0,,,
2023-08-07 11:56:10,"Shoulders + Glutes ",1h 10m,"Lateral Raise (Cable)",1,4.5,13,0,0,"",,
2023-08-07 11:56:10,"Shoulders + Glutes ",1h 10m,"Lateral Raise (Cable)",2,4.5,14,0,0,,,
2023-08-07 11:56:10,"Shoulders + Glutes ",1h 10m,"Lateral Raise (Cable)",3,4.5,11,0,0,,,
2023-08-07 11:56:10,"Shoulders + Glutes ",1h 10m,"Face Pull (Cable)",1,34.3,8,0,0,"",,
2023-08-07 11:56:10,"Shoulders + Glutes ",1h 10m,"Face Pull (Cable)",2,34.5,12,0,0,,,
2023-08-07 11:56:10,"Shoulders + Glutes ",1h 10m,"Face Pull (Cable)",3,34.3,12,0,0,,,
2023-08-07 11:56:10,"Shoulders + Glutes ",1h 10m,"Hip Thrust (Barbell)",1,80.0,10,0,0,"",,
2023-08-07 11:56:10,"Shoulders + Glutes ",1h 10m,"Hip Thrust (Barbell)",2,90.0,8,0,0,,,
2023-08-07 11:56:10,"Shoulders + Glutes ",1h 10m,"Hip Thrust (Barbell)",3,90.0,10,0,0,,,
2023-08-08 09:15:39,"Legs",1h 16m,"Squat (Barbell)",1,40.0,5,0,0,"","",
2023-08-08 09:15:39,"Legs",1h 16m,"Squat (Barbell)",2,50.0,4,0,0,,,
2023-08-08 09:15:39,"Legs",1h 16m,"Squat (Barbell)",3,60.0,8,0,0,,,
2023-08-08 09:15:39,"Legs",1h 16m,"Squat (Barbell)",4,65.0,6,0,0,,,
2023-08-08 09:15:39,"Legs",1h 16m,"Squat (Barbell)",5,65.0,8,0,0,,,
2023-08-08 09:15:39,"Legs",1h 16m,"Squat (Barbell)",6,65.0,5,0,0,,,
2023-08-08 09:15:39,"Legs",1h 16m,"Squat (Barbell)",7,65.0,4,0,0,,,
2023-08-08 09:15:39,"Legs",1h 16m,"Leg Press",1,120.0,9,0,0,"",,
2023-08-08 09:15:39,"Legs",1h 16m,"Leg Press",2,120.0,8,0,0,,,
2023-08-08 09:15:39,"Legs",1h 16m,"Leg Press",3,120.0,8,0,0,,,
2023-08-08 09:15:39,"Legs",1h 16m,"Lunge (Barbell)",1,20.0,10,0,0,"",,
2023-08-08 09:15:39,"Legs",1h 16m,"Lunge (Barbell)",2,30.0,10,0,0,,,
2023-08-08 09:15:39,"Legs",1h 16m,"Lunge (Barbell)",3,30.0,8,0,0,,,
2023-08-10 11:10:11,"Chest & Triceps ",1h 15m,"Bench Press (Barbell)",1,20.0,5,0,0,"","",
2023-08-10 11:10:11,"Chest & Triceps ",1h 15m,"Bench Press (Barbell)",2,25.0,3,0,0,,,
2023-08-10 11:10:11,"Chest & Triceps ",1h 15m,"Bench Press (Barbell)",3,30.0,3,0,0,,,
2023-08-10 11:10:11,"Chest & Triceps ",1h 15m,"Bench Press (Barbell)",4,40.0,5,0,0,,,
2023-08-10 11:10:11,"Chest & Triceps ",1h 15m,"Bench Press (Barbell)",5,40.0,7,0,0,,,
2023-08-10 11:10:11,"Chest & Triceps ",1h 15m,"Bench Press (Barbell)",6,40.0,7,0,0,,,
2023-08-10 11:10:11,"Chest & Triceps ",1h 15m,"Incline Bench Press (Dumbbell)",1,12.5,10,0,0,"",,
2023-08-10 11:10:11,"Chest & Triceps ",1h 15m,"Incline Bench Press (Dumbbell)",2,12.5,10,0,0,,,
2023-08-10 11:10:11,"Chest & Triceps ",1h 15m,"Incline Bench Press (Dumbbell)",3,12.5,10,0,0,,,
2023-08-10 11:10:11,"Chest & Triceps ",1h 15m,"Chest Fly (Dumbbell)",1,12.5,10,0,0,"",,
2023-08-10 11:10:11,"Chest & Triceps ",1h 15m,"Chest Fly (Dumbbell)",2,12.5,11,0,0,,,
2023-08-10 11:10:11,"Chest & Triceps ",1h 15m,"Chest Fly (Dumbbell)",3,12.5,10,0,0,,,
2023-08-10 11:10:11,"Chest & Triceps ",1h 15m,"Triceps Extension",1,32.0,16,0,0,"",,
2023-08-10 11:10:11,"Chest & Triceps ",1h 15m,"Triceps Extension",2,34.5,12,0,0,,,
2023-08-10 11:10:11,"Chest & Triceps ",1h 15m,"Triceps Extension",3,34.5,12,0,0,,,
2023-08-10 11:10:11,"Chest & Triceps ",1h 15m,"Triceps Pushdown (Cable - Straight Bar)",1,9.0,10,0,0,"",,
2023-08-10 11:10:11,"Chest & Triceps ",1h 15m,"Triceps Pushdown (Cable - Straight Bar)",2,9.0,8,0,0,,,
2023-08-10 11:10:11,"Chest & Triceps ",1h 15m,"Triceps Pushdown (Cable - Straight Bar)",3,9.0,7,0,0,,,
2023-08-10 11:10:11,"Chest & Triceps ",1h 15m,"Bench Press (Barbell)",1,20.0,5,0,0,"","",
2023-08-10 11:10:11,"Chest & Triceps ",1h 15m,"Bench Press (Barbell)",2,25.0,3,0,0,,,
2023-08-10 11:10:11,"Chest & Triceps ",1h 15m,"Bench Press (Barbell)",3,30.0,3,0,0,,,
2023-08-10 11:10:11,"Chest & Triceps ",1h 15m,"Bench Press (Barbell)",4,40.0,5,0,0,,,
2023-08-10 11:10:11,"Chest & Triceps ",1h 15m,"Bench Press (Barbell)",5,40.0,7,0,0,,,
2023-08-10 11:10:11,"Chest & Triceps ",1h 15m,"Bench Press (Barbell)",6,40.0,7,0,0,,,
2023-08-10 11:10:11,"Chest & Triceps ",1h 15m,"Incline Bench Press (Dumbbell)",1,12.5,10,0,0,"",,
2023-08-10 11:10:11,"Chest & Triceps ",1h 15m,"Incline Bench Press (Dumbbell)",2,12.5,10,0,0,,,
2023-08-10 11:10:11,"Chest & Triceps ",1h 15m,"Incline Bench Press (Dumbbell)",3,12.5,10,0,0,,,
2023-08-10 11:10:11,"Chest & Triceps ",1h 15m,"Chest Fly (Dumbbell)",1,12.5,10,0,0,"",,
2023-08-10 11:10:11,"Chest & Triceps ",1h 15m,"Chest Fly (Dumbbell)",2,12.5,11,0,0,,,
2023-08-10 11:10:11,"Chest & Triceps ",1h 15m,"Chest Fly (Dumbbell)",3,12.5,10,0,0,,,
2023-08-10 11:10:11,"Chest & Triceps ",1h 15m,"Triceps Extension",1,32.0,16,0,0,"",,
2023-08-10 11:10:11,"Chest & Triceps ",1h 15m,"Triceps Extension",2,34.5,12,0,0,,,
2023-08-10 11:10:11,"Chest & Triceps ",1h 15m,"Triceps Extension",3,34.5,12,0,0,,,
2023-08-10 11:10:11,"Chest & Triceps ",1h 15m,"Triceps Pushdown (Cable - Straight Bar)",1,9.0,10,0,0,"",,
2023-08-10 11:10:11,"Chest & Triceps ",1h 15m,"Triceps Pushdown (Cable - Straight Bar)",2,9.0,8,0,0,,,
2023-08-10 11:10:11,"Chest & Triceps ",1h 15m,"Triceps Pushdown (Cable - Straight Bar)",3,9.0,7,0,0,,,
2023-08-11 12:04:43,"Back & Biceps",1h 19m,"Deadlift (Barbell)",1,30.0,5,0,0,"","",
2023-08-11 12:04:43,"Back & Biceps",1h 19m,"Deadlift (Barbell)",2,40.0,3,0,0,,,
2023-08-11 12:04:43,"Back & Biceps",1h 19m,"Deadlift (Barbell)",3,50.0,5,0,0,,,
2023-08-11 12:04:43,"Back & Biceps",1h 19m,"Deadlift (Barbell)",4,60.0,7,0,0,,,
2023-08-11 12:04:43,"Back & Biceps",1h 19m,"Deadlift (Barbell)",5,70.0,4,0,0,,,
2023-08-11 12:04:43,"Back & Biceps",1h 19m,"Deadlift (Barbell)",6,70.0,4,0,0,,,
2023-08-11 12:04:43,"Back & Biceps",1h 19m,"Deadlift (Barbell)",7,70.0,5,0,0,,,
2023-08-11 12:04:43,"Back & Biceps",1h 19m,"Deadlift (Barbell)",8,60.0,6,0,0,,,
2023-08-11 12:04:43,"Back & Biceps",1h 19m,"Lat Pulldown (Cable)",1,39.0,12,0,0,"",,
2023-08-11 12:04:43,"Back & Biceps",1h 19m,"Lat Pulldown (Cable)",2,39.0,12,0,0,,,
2023-08-11 12:04:43,"Back & Biceps",1h 19m,"Lat Pulldown (Cable)",3,39.0,10,0,0,,,
2023-08-11 12:04:43,"Back & Biceps",1h 19m,"Bent Over One Arm Row (Dumbbell)",1,12.0,13,0,0,"",,
2023-08-11 12:04:43,"Back & Biceps",1h 19m,"Bent Over One Arm Row (Dumbbell)",2,12.0,13,0,0,,,
2023-08-11 12:04:43,"Back & Biceps",1h 19m,"Bent Over One Arm Row (Dumbbell)",3,12.0,13,0,0,,,
2023-08-30 07:51:57,"Shoulders + Glutes ",1h 9m,"Shoulder Press (Plate Loaded)",1,6.0,5,0,0,"","",
2023-08-30 07:51:57,"Shoulders + Glutes ",1h 9m,"Shoulder Press (Plate Loaded)",2,10.0,5,0,0,,,
2023-08-30 07:51:57,"Shoulders + Glutes ",1h 9m,"Shoulder Press (Plate Loaded)",3,10.0,3,0,0,,,
2023-08-30 07:51:57,"Shoulders + Glutes ",1h 9m,"Shoulder Press (Plate Loaded)",4,12.0,13,0,0,,,
2023-08-30 07:51:57,"Shoulders + Glutes ",1h 9m,"Shoulder Press (Plate Loaded)",5,12.0,8,0,0,,,
2023-08-30 07:51:57,"Shoulders + Glutes ",1h 9m,"Shoulder Press (Plate Loaded)",6,12.0,6,0,0,,,
2023-08-30 07:51:57,"Shoulders + Glutes ",1h 9m,"Lateral Raise (Cable)",1,2.5,15,0,0,"",,
2023-08-30 07:51:57,"Shoulders + Glutes ",1h 9m,"Lateral Raise (Cable)",2,2.5,11,0,0,,,
2023-08-30 07:51:57,"Shoulders + Glutes ",1h 9m,"Lateral Raise (Cable)",3,4.5,11,0,0,,,
2023-08-30 07:51:57,"Shoulders + Glutes ",1h 9m,"Face Pull (Cable)",1,20.5,8,0,0,"",,
2023-08-30 07:51:57,"Shoulders + Glutes ",1h 9m,"Face Pull (Cable)",2,20.0,11,0,0,,,
2023-08-30 07:51:57,"Shoulders + Glutes ",1h 9m,"Face Pull (Cable)",3,20.0,8,0,0,,,
2023-08-30 07:51:57,"Shoulders + Glutes ",1h 9m,"Hip Thrust (Barbell)",1,80.0,6,0,0,"",,
2023-08-30 07:51:57,"Shoulders + Glutes ",1h 9m,"Hip Thrust (Barbell)",2,70.5,8,0,0,,,
2023-08-30 07:51:57,"Shoulders + Glutes ",1h 9m,"Hip Thrust (Barbell)",3,90.0,10,0,0,,,
2023-08-31 18:35:24,"Legs",54m,"Squat (Barbell)",1,40.0,5,0,0,"","",
2023-08-31 18:35:24,"Legs",54m,"Squat (Barbell)",2,50.0,4,0,0,,,
2023-08-31 18:35:24,"Legs",54m,"Squat (Barbell)",3,60.0,8,0,0,,,
2023-08-31 18:35:24,"Legs",54m,"Squat (Barbell)",4,60.0,8,0,0,,,
2023-08-31 18:35:24,"Legs",54m,"Squat (Barbell)",5,65.0,8,0,0,,,
2023-08-31 18:35:24,"Legs",54m,"Squat (Barbell)",6,65.0,5,0,0,,,
2023-08-31 18:35:24,"Legs",54m,"Squat (Barbell)",7,65.0,4,0,0,,,
2023-08-31 18:35:24,"Legs",54m,"Hip Adductor (Machine)",1,55.0,12,0,0,"",,
2023-08-31 18:35:24,"Legs",54m,"Hip Adductor (Machine)",2,55.0,12,0,0,,,
2023-08-31 18:35:24,"Legs",54m,"Hip Adductor (Machine)",3,55.0,12,0,0,,,
2023-08-31 18:35:24,"Legs",54m,"Lunge (Barbell)",1,30.0,10,0,0,"",,
2023-08-31 18:35:24,"Legs",54m,"Lunge (Barbell)",2,30.0,12,0,0,,,
2023-08-31 18:35:24,"Legs",54m,"Lunge (Barbell)",3,30.0,8,0,0,,,
2023-09-01 09:09:35,"Back & Biceps",1h 6m,"Deadlift (Barbell)",1,30.0,5,0,0,"","",
2023-09-01 09:09:35,"Back & Biceps",1h 6m,"Deadlift (Barbell)",2,40.0,5,0,0,,,
2023-09-01 09:09:35,"Back & Biceps",1h 6m,"Deadlift (Barbell)",3,60.0,3,0,0,,,
2023-09-01 09:09:35,"Back & Biceps",1h 6m,"Deadlift (Barbell)",4,70.0,3,0,0,,,
2023-09-01 09:09:35,"Back & Biceps",1h 6m,"Deadlift (Barbell)",5,40.0,4,0,0,,,
2023-09-01 09:09:35,"Back & Biceps",1h 6m,"Deadlift (Barbell)",6,70.0,5,0,0,,,
2023-09-01 09:09:35,"Back & Biceps",1h 6m,"Deadlift (Barbell)",7,60.0,7,0,0,,,
2023-09-01 09:09:35,"Back & Biceps",1h 6m,"Bicep Curl (Dumbbell)",1,8.0,8,0,0,"",,
2023-09-01 09:09:35,"Back & Biceps",1h 6m,"Bicep Curl (Dumbbell)",2,8.0,8,0,0,,,
2023-09-01 09:09:35,"Back & Biceps",1h 6m,"Bicep Curl (Dumbbell)",3,8.0,9,0,0,,,
2023-09-01 09:09:35,"Back & Biceps",1h 6m,"Lat Pulldown (Cable)",1,35.0,10,0,0,"",,
2023-09-01 09:09:35,"Back & Biceps",1h 6m,"Lat Pulldown (Cable)",2,40.0,10,0,0,,,
2023-09-01 09:09:35,"Back & Biceps",1h 6m,"Lat Pulldown (Cable)",3,40.0,9,0,0,,,
2023-09-01 09:09:35,"Back & Biceps",1h 6m,"Seated Row (Cable)",1,20.0,12,0,0,"",,
2023-09-01 09:09:35,"Back & Biceps",1h 6m,"Seated Row (Cable)",2,20.0,12,0,0,,,
2023-09-01 09:09:35,"Back & Biceps",1h 6m,"Seated Row (Cable)",3,20.0,12,0,0,,,
2023-09-04 19:24:30,"Chest & Triceps ",1h 23m,"Bench Press (Barbell)",1,40.0,5,0,0,"","",
2023-09-04 19:24:30,"Chest & Triceps ",1h 23m,"Bench Press (Barbell)",2,40.0,8,0,0,,,
2023-09-04 19:24:30,"Chest & Triceps ",1h 23m,"Bench Press (Barbell)",3,40.0,8,0,0,,,
2023-09-04 19:24:30,"Chest & Triceps ",1h 23m,"Incline Bench Press (Dumbbell)",1,20.0,7,0,0,"",,
2023-09-04 19:24:30,"Chest & Triceps ",1h 23m,"Incline Bench Press (Dumbbell)",2,25.0,5,0,0,,,
2023-09-04 19:24:30,"Chest & Triceps ",1h 23m,"Incline Bench Press (Dumbbell)",3,30.0,5,0,0,,,
2023-09-04 19:24:30,"Chest & Triceps ",1h 23m,"Incline Bench Press (Dumbbell)",4,40.0,3,0,0,,,
2023-09-04 19:24:30,"Chest & Triceps ",1h 23m,"Incline Bench Press (Dumbbell)",5,35.0,8,0,0,,,
2023-09-04 19:24:30,"Chest & Triceps ",1h 23m,"Incline Bench Press (Dumbbell)",6,35.0,8,0,0,,,
2023-09-04 19:24:30,"Chest & Triceps ",1h 23m,"Chest Fly (Dumbbell)",1,12.0,13,0,0,"",,
2023-09-04 19:24:30,"Chest & Triceps ",1h 23m,"Chest Fly (Dumbbell)",2,12.0,11,0,0,,,
2023-09-04 19:24:30,"Chest & Triceps ",1h 23m,"Chest Fly (Dumbbell)",3,12.0,11,0,0,,,
2023-09-04 19:24:30,"Chest & Triceps ",1h 23m,"Triceps Extension",1,12.0,5,0,0,"",,
2023-09-04 19:24:30,"Chest & Triceps ",1h 23m,"Triceps Extension",2,12.0,8,0,0,,,
2023-09-04 19:24:30,"Chest & Triceps ",1h 23m,"Triceps Extension",3,12.0,8,0,0,,,
2023-09-04 19:24:30,"Chest & Triceps ",1h 23m,"Overhead Triceps Extension",1,15.0,8,0,0,"",,
2023-09-04 19:24:30,"Chest & Triceps ",1h 23m,"Overhead Triceps Extension",2,15.0,8,0,0,,,
2023-09-04 19:24:30,"Chest & Triceps ",1h 23m,"Overhead Triceps Extension",3,15.0,12,0,0,,,
2023-09-06 08:46:08,"Shoulders + Glutes ",1h 10m,"Shoulder Press (Plate Loaded)",1,8.0,5,0,0,"","",
2023-09-06 08:46:08,"Shoulders + Glutes ",1h 10m,"Shoulder Press (Plate Loaded)",2,10.0,3,0,0,,,
2023-09-06 08:46:08,"Shoulders + Glutes ",1h 10m,"Shoulder Press (Plate Loaded)",3,10.0,3,0,0,,,
2023-09-06 08:46:08,"Shoulders + Glutes ",1h 10m,"Shoulder Press (Plate Loaded)",4,12.0,8,0,0,,,
2023-09-06 08:46:08,"Shoulders + Glutes ",1h 10m,"Shoulder Press (Plate Loaded)",5,12.0,13,0,0,,,
2023-09-06 08:46:08,"Shoulders + Glutes ",1h 10m,"Shoulder Press (Plate Loaded)",6,12.0,9,0,0,,,
2023-09-06 08:46:08,"Shoulders + Glutes ",1h 10m,"Lateral Raise (Cable)",1,2.5,15,0,0,"",,
2023-09-06 08:46:08,"Shoulders + Glutes ",1h 10m,"Lateral Raise (Cable)",2,2.5,16,0,0,,,
2023-09-06 08:46:08,"Shoulders + Glutes ",1h 10m,"Lateral Raise (Cable)",3,2.5,13,0,0,,,
2023-09-06 08:46:08,"Shoulders + Glutes ",1h 10m,"Face Pull (Cable)",1,20.5,8,0,0,"",,
2023-09-06 08:46:08,"Shoulders + Glutes ",1h 10m,"Face Pull (Cable)",2,20.0,12,0,0,,,
2023-09-06 08:46:08,"Shoulders + Glutes ",1h 10m,"Face Pull (Cable)",3,20.0,7,0,0,,,
2023-09-06 08:46:08,"Shoulders + Glutes ",1h 10m,"Hip Thrust (Barbell)",1,70.0,8,0,0,"",,
2023-09-06 08:46:08,"Shoulders + Glutes ",1h 10m,"Hip Thrust (Barbell)",2,70.0,9,0,0,,,
2023-09-06 08:46:08,"Shoulders + Glutes ",1h 10m,"Hip Thrust (Barbell)",3,70.0,8,0,0,,,
2023-09-07 10:08:48,"Legs",56m,"Squat (Barbell)",1,20.0,5,0,0,"","",
2023-09-07 10:08:48,"Legs",56m,"Squat (Barbell)",2,30.0,5,0,0,,,
2023-09-07 10:08:48,"Legs",56m,"Squat (Barbell)",3,40.0,2,0,0,,,
2023-09-07 10:08:48,"Legs",56m,"Squat (Barbell)",4,50.0,3,0,0,,,
2023-09-07 10:08:48,"Legs",56m,"Squat (Barbell)",5,60.0,5,0,0,,,
2023-09-07 10:08:48,"Legs",56m,"Squat (Barbell)",6,70.0,3,0,0,,,
2023-09-07 10:08:48,"Legs",56m,"Squat (Barbell)",7,70.0,4,0,0,,,
2023-09-07 10:08:48,"Legs",56m,"Leg Press",1,120.0,10,0,0,"",,
2023-09-07 10:08:48,"Legs",56m,"Leg Press",2,120.0,10,0,0,,,
2023-09-07 10:08:48,"Legs",56m,"Leg Press",3,120.0,8,0,0,,,
2023-09-08 08:08:51,"Back & Biceps",1h,"Deadlift (Barbell)",1,40.0,5,0,0,"","",
2023-09-08 08:08:51,"Back & Biceps",1h,"Deadlift (Barbell)",2,50.0,4,0,0,,,
2023-09-08 08:08:51,"Back & Biceps",1h,"Deadlift (Barbell)",3,60.0,4,0,0,,,
2023-09-08 08:08:51,"Back & Biceps",1h,"Deadlift (Barbell)",4,70.0,3,0,0,,,
2023-09-08 08:08:51,"Back & Biceps",1h,"Deadlift (Barbell)",5,80.0,1,0,0,,,
2023-09-08 08:08:51,"Back & Biceps",1h,"Deadlift (Barbell)",6,80.0,2,0,0,,,
2023-09-08 08:08:51,"Back & Biceps",1h,"Deadlift (Barbell)",7,70.0,4,0,0,,,
2023-09-08 08:08:51,"Back & Biceps",1h,"Lat Pulldown (Cable)",1,35.0,13,0,0,"",,
2023-09-08 08:08:51,"Back & Biceps",1h,"Lat Pulldown (Cable)",2,40.0,12,0,0,,,
2023-09-08 08:08:51,"Back & Biceps",1h,"Lat Pulldown (Cable)",3,40.0,12,0,0,,,
2023-09-08 08:08:51,"Back & Biceps",1h,"Bent Over One Arm Row (Dumbbell)",1,12.5,13,0,0,"",,
2023-09-08 08:08:51,"Back & Biceps",1h,"Bent Over One Arm Row (Dumbbell)",2,12.5,12,0,0,,,
2023-09-08 08:08:51,"Back & Biceps",1h,"Bent Over One Arm Row (Dumbbell)",3,14.0,12,0,0,,,
2023-09-11 07:56:09,"Chest & Triceps ",1h 2m,"Bench Press (Barbell)",1,20.0,6,0,0,"","",
2023-09-11 07:56:09,"Chest & Triceps ",1h 2m,"Bench Press (Barbell)",2,20.0,6,0,0,,,
2023-09-11 07:56:09,"Chest & Triceps ",1h 2m,"Bench Press (Barbell)",3,30.0,4,0,0,,,
2023-09-11 07:56:09,"Chest & Triceps ",1h 2m,"Bench Press (Barbell)",4,40.0,8,0,0,,,
2023-09-11 07:56:09,"Chest & Triceps ",1h 2m,"Bench Press (Barbell)",5,40.0,7,0,0,,,
2023-09-11 07:56:09,"Chest & Triceps ",1h 2m,"Bench Press (Barbell)",6,40.0,8,0,0,,,
2023-09-11 07:56:09,"Chest & Triceps ",1h 2m,"Incline Bench Press (Dumbbell)",1,12.0,11,0,0,"",,
2023-09-11 07:56:09,"Chest & Triceps ",1h 2m,"Incline Bench Press (Dumbbell)",2,12.0,12,0,0,,,
2023-09-11 07:56:09,"Chest & Triceps ",1h 2m,"Incline Bench Press (Dumbbell)",3,12.0,12,0,0,,,
2023-09-11 07:56:09,"Chest & Triceps ",1h 2m,"Chest Fly (Dumbbell)",1,12.0,14,0,0,"",,
2023-09-11 07:56:09,"Chest & Triceps ",1h 2m,"Chest Fly (Dumbbell)",2,12.0,12,0,0,,,
2023-09-11 07:56:09,"Chest & Triceps ",1h 2m,"Chest Fly (Dumbbell)",3,12.0,11,0,0,,,
2023-09-11 07:56:09,"Chest & Triceps ",1h 2m,"Triceps Extension",1,17.5,12,0,0,"",,
2023-09-11 07:56:09,"Chest & Triceps ",1h 2m,"Triceps Extension",2,17.5,11,0,0,,,
2023-09-11 07:56:09,"Chest & Triceps ",1h 2m,"Triceps Extension",3,17.5,11,0,0,,,
2023-09-11 07:56:09,"Chest & Triceps ",1h 2m,"Triceps Extension Straight (Uni)",1,2.5,9,0,0,"",,
2023-09-11 07:56:09,"Chest & Triceps ",1h 2m,"Triceps Extension Straight (Uni)",2,2.5,12,0,0,,,
2023-09-13 07:51:46,"Shoulders + Glutes ",1h 11m,"Shoulder Press (Plate Loaded)",1,10.0,4,0,0,"","",
2023-09-13 07:51:46,"Shoulders + Glutes ",1h 11m,"Shoulder Press (Plate Loaded)",2,10.0,4,0,0,,,
2023-09-13 07:51:46,"Shoulders + Glutes ",1h 11m,"Shoulder Press (Plate Loaded)",3,12.0,4,0,0,,,
2023-09-13 07:51:46,"Shoulders + Glutes ",1h 11m,"Shoulder Press (Plate Loaded)",4,14.0,6,0,0,,,
2023-09-13 07:51:46,"Shoulders + Glutes ",1h 11m,"Shoulder Press (Plate Loaded)",5,14.0,6,0,0,,,
2023-09-13 07:51:46,"Shoulders + Glutes ",1h 11m,"Shoulder Press (Plate Loaded)",6,14.0,4,0,0,,,
2023-09-13 07:51:46,"Shoulders + Glutes ",1h 11m,"Shoulder Press (Plate Loaded)",7,10.0,12,0,0,,,
2023-09-13 07:51:46,"Shoulders + Glutes ",1h 11m,"Lateral Raise (Cable)",1,2.5,14,0,0,"",,
2023-09-13 07:51:46,"Shoulders + Glutes ",1h 11m,"Lateral Raise (Cable)",2,2.5,15,0,0,,,
2023-09-13 07:51:46,"Shoulders + Glutes ",1h 11m,"Lateral Raise (Cable)",3,2.5,17,0,0,,,
2023-09-13 07:51:46,"Shoulders + Glutes ",1h 11m,"Face Pull (Cable)",1,20.5,10,0,0,"",,
2023-09-13 07:51:46,"Shoulders + Glutes ",1h 11m,"Face Pull (Cable)",2,20.0,10,0,0,,,
2023-09-13 07:51:46,"Shoulders + Glutes ",1h 11m,"Face Pull (Cable)",3,20.0,13,0,0,,,
2023-09-13 07:51:46,"Shoulders + Glutes ",1h 11m,"Hip Thrust (Barbell)",1,70.0,8,0,0,"",,
2023-09-13 07:51:46,"Shoulders + Glutes ",1h 11m,"Hip Thrust (Barbell)",2,70.0,9,0,0,,,
2023-09-13 07:51:46,"Shoulders + Glutes ",1h 11m,"Hip Thrust (Barbell)",3,70.0,8,0,0,,,
2023-09-14 19:38:34,"Legs",1h,"Squat (Barbell)",1,20.0,5,0,0,"","",
2023-09-14 19:38:34,"Legs",1h,"Squat (Barbell)",2,40.0,4,0,0,,,
2023-09-14 19:38:34,"Legs",1h,"Squat (Barbell)",3,50.0,4,0,0,,,
2023-09-14 19:38:34,"Legs",1h,"Squat (Barbell)",4,60.0,2,0,0,,,
2023-09-14 19:38:34,"Legs",1h,"Squat (Barbell)",5,70.0,3,0,0,,,
2023-09-14 19:38:34,"Legs",1h,"Squat (Barbell)",6,75.0,3,0,0,,,
2023-09-14 19:38:34,"Legs",1h,"Squat (Barbell)",7,75.0,2,0,0,,,
2023-09-14 19:38:34,"Legs",1h,"Leg Press",1,120.0,10,0,0,"",,
2023-09-14 19:38:34,"Legs",1h,"Leg Press",2,120.0,10,0,0,,,
2023-09-14 19:38:34,"Legs",1h,"Leg Press",3,120.0,9,0,0,,,
2023-09-14 19:38:34,"Legs",1h,"Lunge (Barbell)",1,40.0,9,0,0,"",,
2023-09-14 19:38:34,"Legs",1h,"Lunge (Barbell)",2,40.0,8,0,0,,,
2023-09-14 19:38:34,"Legs",1h,"Lunge (Barbell)",3,40.0,9,0,0,,,
2023-09-14 19:38:34,"Legs",1h,"Leg Extension (Machine)",1,40.0,8,0,0,"",,
2023-09-14 19:38:34,"Legs",1h,"Leg Extension (Machine)",2,40.0,13,0,0,,,
2023-09-14 19:38:34,"Legs",1h,"Leg Extension (Machine)",3,40.0,12,0,0,,,
2023-09-18 07:49:21,"Back & Biceps",58m,"Deadlift (Barbell)",1,40.0,5,0,0,"","",
2023-09-18 07:49:21,"Back & Biceps",58m,"Deadlift (Barbell)",2,50.0,5,0,0,,,
2023-09-18 07:49:21,"Back & Biceps",58m,"Deadlift (Barbell)",3,60.0,4,0,0,,,
2023-09-18 07:49:21,"Back & Biceps",58m,"Deadlift (Barbell)",4,70.0,4,0,0,,,
2023-09-18 07:49:21,"Back & Biceps",58m,"Deadlift (Barbell)",5,80.0,3,0,0,,,
2023-09-18 07:49:21,"Back & Biceps",58m,"Deadlift (Barbell)",6,80.0,2,0,0,,,
2023-09-18 07:49:21,"Back & Biceps",58m,"Deadlift (Barbell)",7,80.0,2,0,0,,,
2023-09-18 07:49:21,"Back & Biceps",58m,"Preacher Curl (Machine)",1,5.0,10,0,0,"",,
2023-09-18 07:49:21,"Back & Biceps",58m,"Preacher Curl (Machine)",2,5.0,12,0,0,,,
2023-09-18 07:49:21,"Back & Biceps",58m,"Pull Up (Assisted)",1,21.0,12,0,0,"",,
2023-09-18 07:49:21,"Back & Biceps",58m,"Pull Up (Assisted)",2,21.0,9,0,0,,,
2023-09-18 07:49:21,"Back & Biceps",58m,"Pull Up (Assisted)",3,21.0,11,0,0,,,
2023-09-18 07:49:21,"Back & Biceps",58m,"Bent Over One Arm Row (Dumbbell)",1,14.0,12,0,0,"",,
2023-09-18 07:49:21,"Back & Biceps",58m,"Bent Over One Arm Row (Dumbbell)",2,14.0,12,0,0,,,
2023-09-18 07:49:21,"Back & Biceps",58m,"Bent Over One Arm Row (Dumbbell)",3,14.0,12,0,0,,,
2023-09-19 07:49:08,"Chest & Triceps ",1h 6m,"Bench Press (Barbell)",1,20.0,5,0,0,"","",
2023-09-19 07:49:08,"Chest & Triceps ",1h 6m,"Bench Press (Barbell)",2,30.0,5,0,0,,,
2023-09-19 07:49:08,"Chest & Triceps ",1h 6m,"Bench Press (Barbell)",3,30.0,4,0,0,,,
2023-09-19 07:49:08,"Chest & Triceps ",1h 6m,"Bench Press (Barbell)",4,40.0,12,0,0,,,
2023-09-19 07:49:08,"Chest & Triceps ",1h 6m,"Bench Press (Barbell)",5,40.0,11,0,0,,,
2023-09-19 07:49:08,"Chest & Triceps ",1h 6m,"Bench Press (Barbell)",6,40.0,9,0,0,,,
2023-09-19 07:49:08,"Chest & Triceps ",1h 6m,"Incline Bench Press (Dumbbell)",1,14.0,8,0,0,"",,
2023-09-19 07:49:08,"Chest & Triceps ",1h 6m,"Incline Bench Press (Dumbbell)",2,14.0,10,0,0,,,
2023-09-19 07:49:08,"Chest & Triceps ",1h 6m,"Incline Bench Press (Dumbbell)",3,14.0,7,0,0,,,
2023-09-19 07:49:08,"Chest & Triceps ",1h 6m,"Chest Fly (Dumbbell)",1,12.0,12,0,0,"",,
2023-09-19 07:49:08,"Chest & Triceps ",1h 6m,"Chest Fly (Dumbbell)",2,12.0,13,0,0,,,
2023-09-19 07:49:08,"Chest & Triceps ",1h 6m,"Chest Fly (Dumbbell)",3,12.0,11,0,0,,,
2023-09-19 07:49:08,"Chest & Triceps ",1h 6m,"Triceps Extension",1,20.0,8,0,0,"",,
2023-09-19 07:49:08,"Chest & Triceps ",1h 6m,"Triceps Extension",2,20.0,12,0,0,,,
2023-09-19 07:49:08,"Chest & Triceps ",1h 6m,"Triceps Extension Straight (Uni)",1,2.5,15,0,0,"",,
2023-09-19 07:49:08,"Chest & Triceps ",1h 6m,"Triceps Extension Straight (Uni)",2,2.5,12,0,0,,,
2023-09-20 07:54:46,"Shoulders + Glutes ",1h 1m,"Shoulder Press (Plate Loaded)",1,10.0,5,0,0,"","",
2023-09-20 07:54:46,"Shoulders + Glutes ",1h 1m,"Shoulder Press (Plate Loaded)",2,12.0,4,0,0,,,
2023-09-20 07:54:46,"Shoulders + Glutes ",1h 1m,"Shoulder Press (Plate Loaded)",3,12.0,3,0,0,,,
2023-09-20 07:54:46,"Shoulders + Glutes ",1h 1m,"Shoulder Press (Plate Loaded)",4,14.0,7,0,0,,,
2023-09-20 07:54:46,"Shoulders + Glutes ",1h 1m,"Shoulder Press (Plate Loaded)",5,14.0,6,0,0,,,
2023-09-20 07:54:46,"Shoulders + Glutes ",1h 1m,"Shoulder Press (Plate Loaded)",6,14.0,4,0,0,,,
2023-09-20 07:54:46,"Shoulders + Glutes ",1h 1m,"Lateral Raise (Cable)",1,2.5,15,0,0,"",,
2023-09-20 07:54:46,"Shoulders + Glutes ",1h 1m,"Lateral Raise (Cable)",2,2.5,17,0,0,,,
2023-09-20 07:54:46,"Shoulders + Glutes ",1h 1m,"Lateral Raise (Cable)",3,2.5,17,0,0,,,
2023-09-20 07:54:46,"Shoulders + Glutes ",1h 1m,"Face Pull (Cable)",1,20.5,13,0,0,"",,
2023-09-20 07:54:46,"Shoulders + Glutes ",1h 1m,"Face Pull (Cable)",2,20.0,13,0,0,,,
2023-09-20 07:54:46,"Shoulders + Glutes ",1h 1m,"Face Pull (Cable)",3,20.0,13,0,0,,,
2023-09-20 07:54:46,"Shoulders + Glutes ",1h 1m,"Hip Thrust (Barbell)",1,70.0,8,0,0,"",,
2023-09-20 07:54:46,"Shoulders + Glutes ",1h 1m,"Hip Thrust (Barbell)",2,70.0,9,0,0,,,
2023-09-20 07:54:46,"Shoulders + Glutes ",1h 1m,"Hip Thrust (Barbell)",3,70.0,8,0,0,,,
2023-09-21 08:27:14,"Legs",57m,"Squat (Barbell)",1,20.0,5,0,0,"","",
2023-09-21 08:27:14,"Legs",57m,"Squat (Barbell)",2,40.0,4,0,0,,,
2023-09-21 08:27:14,"Legs",57m,"Squat (Barbell)",3,50.0,4,0,0,,,
2023-09-21 08:27:14,"Legs",57m,"Squat (Barbell)",4,60.0,6,0,0,,,
2023-09-21 08:27:14,"Legs",57m,"Squat (Barbell)",5,70.0,3,0,0,,,
2023-09-21 08:27:14,"Legs",57m,"Squat (Barbell)",6,70.0,3,0,0,,,
2023-09-21 08:27:14,"Legs",57m,"Squat (Barbell)",7,70.0,2,0,0,,,
2023-09-21 08:27:14,"Legs",57m,"Leg Press",1,120.0,11,0,0,"",,
2023-09-21 08:27:14,"Legs",57m,"Leg Press",2,120.0,12,0,0,,,
2023-09-21 08:27:14,"Legs",57m,"Leg Press",3,120.0,10,0,0,,,
2023-09-21 08:27:14,"Legs",57m,"Hip Adductor (Machine)",1,55.0,12,0,0,"",,
2023-09-21 08:27:14,"Legs",57m,"Hip Adductor (Machine)",2,55.0,14,0,0,,,
2023-09-21 08:27:14,"Legs",57m,"Lunge (Barbell)",1,40.0,9,0,0,"",,
2023-09-21 08:27:14,"Legs",57m,"Leg Extension (Machine)",1,50.0,13,0,0,"",,
2023-09-21 08:27:14,"Legs",57m,"Leg Extension (Machine)",2,50.0,13,0,0,,,
2023-09-26 08:08:17,"Back & Biceps",54m,"Deadlift (Barbell)",1,40.0,5,0,0,"","",
2023-09-26 08:08:17,"Back & Biceps",54m,"Deadlift (Barbell)",2,50.0,4,0,0,,,
2023-09-26 08:08:17,"Back & Biceps",54m,"Deadlift (Barbell)",3,60.0,6,0,0,,,
2023-09-26 08:08:17,"Back & Biceps",54m,"Deadlift (Barbell)",4,70.0,6,0,0,,,
2023-09-26 08:08:17,"Back & Biceps",54m,"Deadlift (Barbell)",5,80.0,3,0,0,,,
2023-09-26 08:08:17,"Back & Biceps",54m,"Deadlift (Barbell)",6,80.0,2,0,0,,,
2023-09-26 08:08:17,"Back & Biceps",54m,"Deadlift (Barbell)",7,80.0,2,0,0,,,
2023-09-26 08:08:17,"Back & Biceps",54m,"Lat Pulldown (Cable)",1,40.0,12,0,0,"",,
2023-09-26 08:08:17,"Back & Biceps",54m,"Lat Pulldown (Cable)",2,40.0,13,0,0,,,
2023-09-26 08:08:17,"Back & Biceps",54m,"Lat Pulldown (Cable)",3,40.0,12,0,0,,,
2023-09-26 08:08:17,"Back & Biceps",54m,"Bent Over One Arm Row (Dumbbell)",1,14.0,13,0,0,"",,
2023-09-26 08:08:17,"Back & Biceps",54m,"Bent Over One Arm Row (Dumbbell)",2,14.0,12,0,0,,,
2023-09-26 08:08:17,"Back & Biceps",54m,"Bent Over One Arm Row (Dumbbell)",3,14.0,13,0,0,,,
2023-09-29 07:23:14,"Chest & Triceps ",2m,"Bench Press (Barbell)",1,20.0,5,0,0,"","",
2023-09-29 07:26:08,"Chest & Triceps ",1h,"Bench Press (Barbell)",1,20.0,5,0,0,"","",
2023-09-29 07:26:08,"Chest & Triceps ",1h,"Bench Press (Barbell)",2,30.0,5,0,0,,,
2023-09-29 07:26:08,"Chest & Triceps ",1h,"Bench Press (Barbell)",3,30.0,4,0,0,,,
2023-09-29 07:26:08,"Chest & Triceps ",1h,"Bench Press (Barbell)",4,40.0,13,0,0,,,
2023-09-29 07:26:08,"Chest & Triceps ",1h,"Bench Press (Barbell)",5,40.0,12,0,0,,,
2023-09-29 07:26:08,"Chest & Triceps ",1h,"Bench Press (Barbell)",6,40.0,12,0,0,,,
2023-09-29 07:26:08,"Chest & Triceps ",1h,"Incline Bench Press (Dumbbell)",1,14.0,11,0,0,"",,
2023-09-29 07:26:08,"Chest & Triceps ",1h,"Incline Bench Press (Dumbbell)",2,14.0,10,0,0,,,
2023-09-29 07:26:08,"Chest & Triceps ",1h,"Incline Bench Press (Dumbbell)",3,14.0,9,0,0,,,
2023-09-29 07:26:08,"Chest & Triceps ",1h,"Chest Fly (Dumbbell)",1,14.0,8,0,0,"",,
2023-09-29 07:26:08,"Chest & Triceps ",1h,"Chest Fly (Dumbbell)",2,14.0,8,0,0,,,
2023-09-29 07:26:08,"Chest & Triceps ",1h,"Chest Fly (Dumbbell)",3,12.0,11,0,0,,,
2023-09-29 07:26:08,"Chest & Triceps ",1h,"Triceps Extension",1,17.5,9,0,0,"",,
2023-09-29 07:26:08,"Chest & Triceps ",1h,"Triceps Extension",2,17.5,8,0,0,,,
2023-09-29 07:26:08,"Chest & Triceps ",1h,"Triceps Extension Straight (Uni)",1,2.5,17,0,0,"",,
2023-09-29 07:26:08,"Chest & Triceps ",1h,"Triceps Extension Straight (Uni)",2,5.0,7,0,0,,,
2023-09-29 07:26:08,"Chest & Triceps ",1h,"Triceps Extension Straight (Uni)",3,5.0,6,0,0,,,
2023-10-02 17:52:24,"Shoulders + Glutes ",1h 4m,"Shoulder Press (Plate Loaded)",1,10.0,5,0,0,"","",
2023-10-02 17:52:24,"Shoulders + Glutes ",1h 4m,"Shoulder Press (Plate Loaded)",2,10.0,5,0,0,,,
2023-10-02 17:52:24,"Shoulders + Glutes ",1h 4m,"Shoulder Press (Plate Loaded)",3,14.0,2,0,0,,,
2023-10-02 17:52:24,"Shoulders + Glutes ",1h 4m,"Shoulder Press (Plate Loaded)",4,14.0,9,0,0,,,
2023-10-02 17:52:24,"Shoulders + Glutes ",1h 4m,"Shoulder Press (Plate Loaded)",5,14.0,8,0,0,,,
2023-10-02 17:52:24,"Shoulders + Glutes ",1h 4m,"Shoulder Press (Plate Loaded)",6,14.0,6,0,0,,,
2023-10-02 17:52:24,"Shoulders + Glutes ",1h 4m,"Shoulder Press (Plate Loaded)",7,9.0,9,0,0,,,
2023-10-02 17:52:24,"Shoulders + Glutes ",1h 4m,"Lateral Raise (Cable)",1,2.5,17,0,0,"",,
2023-10-02 17:52:24,"Shoulders + Glutes ",1h 4m,"Lateral Raise (Cable)",2,2.5,14,0,0,,,
2023-10-02 17:52:24,"Shoulders + Glutes ",1h 4m,"Lateral Raise (Cable)",3,3.75,9,0,0,,,
2023-10-02 17:52:24,"Shoulders + Glutes ",1h 4m,"Face Pull (Cable)",1,20.5,15,0,0,"",,
2023-10-02 17:52:24,"Shoulders + Glutes ",1h 4m,"Face Pull (Cable)",2,20.0,15,0,0,,,
2023-10-02 17:52:24,"Shoulders + Glutes ",1h 4m,"Face Pull (Cable)",3,18.75,10,0,0,,,
2023-10-02 17:52:24,"Shoulders + Glutes ",1h 4m,"Hip Abductor (Machine)",1,50.0,22,0,0,"",,
2023-10-02 17:52:24,"Shoulders + Glutes ",1h 4m,"Hip Abductor (Machine)",2,55.0,17,0,0,,,
2023-10-02 17:52:24,"Shoulders + Glutes ",1h 4m,"Hip Abductor (Machine)",3,55.0,17,0,0,,,
2023-10-02 17:52:24,"Shoulders + Glutes ",1h 4m,"Hip Abductor (Machine)",4,35.0,17,0,0,,,
2023-10-03 08:02:20,"Legs",1h 10m,"Squat (Barbell)",1,20.0,5,0,0,"","",
2023-10-03 08:02:20,"Legs",1h 10m,"Squat (Barbell)",2,40.0,4,0,0,,,
2023-10-03 08:02:20,"Legs",1h 10m,"Squat (Barbell)",3,50.0,4,0,0,,,
2023-10-03 08:02:20,"Legs",1h 10m,"Squat (Barbell)",4,60.0,4,0,0,,,
2023-10-03 08:02:20,"Legs",1h 10m,"Squat (Barbell)",5,70.0,3,0,0,,,
2023-10-03 08:02:20,"Legs",1h 10m,"Squat (Barbell)",6,70.0,3,0,0,,,
2023-10-03 08:02:20,"Legs",1h 10m,"Squat (Barbell)",7,70.0,2,0,0,,,
2023-10-03 08:02:20,"Legs",1h 10m,"Squat (Barbell)",8,60.0,3,0,0,,,
2023-10-03 08:02:20,"Legs",1h 10m,"Leg Press",1,90.0,13,0,0,"",,
2023-10-03 08:02:20,"Legs",1h 10m,"Leg Press",2,100.0,10,0,0,,,
2023-10-03 08:02:20,"Legs",1h 10m,"Leg Press",3,100.0,7,0,0,,,
2023-10-03 08:02:20,"Legs",1h 10m,"Lunge (Barbell)",1,40.0,6,0,0,"",,
2023-10-03 08:02:20,"Legs",1h 10m,"Lunge (Barbell)",2,40.0,7,0,0,,,
2023-10-03 08:02:20,"Legs",1h 10m,"Lunge (Barbell)",3,40.0,6,0,0,,,
2023-10-04 08:10:08,"Back & Biceps",49m,"Deadlift (Barbell)",1,40.0,5,0,0,"","",
2023-10-04 08:10:08,"Back & Biceps",49m,"Deadlift (Barbell)",2,50.0,5,0,0,,,
2023-10-04 08:10:08,"Back & Biceps",49m,"Deadlift (Barbell)",3,60.0,5,0,0,,,
2023-10-04 08:10:08,"Back & Biceps",49m,"Deadlift (Barbell)",4,70.0,4,0,0,,,
2023-10-04 08:10:08,"Back & Biceps",49m,"Deadlift (Barbell)",5,80.0,3,0,0,,,
2023-10-04 08:10:08,"Back & Biceps",49m,"Deadlift (Barbell)",6,80.0,2,0,0,,,
2023-10-04 08:10:08,"Back & Biceps",49m,"Pull Up (Assisted)",1,21.0,15,0,0,"",,
2023-10-04 08:10:08,"Back & Biceps",49m,"Pull Up (Assisted)",2,14.0,9,0,0,,,
2023-10-04 08:10:08,"Back & Biceps",49m,"Pull Up (Assisted)",3,14.0,6,0,0,,,
2023-10-04 08:10:08,"Back & Biceps",49m,"Seated Row (Cable)",1,15.5,7,0,0,"",,
2023-10-04 08:10:08,"Back & Biceps",49m,"Seated Row (Cable)",2,10.0,15,0,0,,,
2023-10-04 08:10:08,"Back & Biceps",49m,"Seated Row (Cable)",3,10.5,12,0,0,,,
2023-10-04 08:10:08,"Back & Biceps",49m,"Seated Row (Cable)",4,9.0,13,0,0,,,
2023-10-06 07:47:45,"Chest & Triceps ",56m,"Bench Press (Barbell)",1,20.0,8,0,0,"","",
2023-10-06 07:47:45,"Chest & Triceps ",56m,"Bench Press (Barbell)",2,30.0,5,0,0,,,
2023-10-06 07:47:45,"Chest & Triceps ",56m,"Bench Press (Barbell)",3,40.0,9,0,0,,,
2023-10-06 07:47:45,"Chest & Triceps ",56m,"Bench Press (Barbell)",4,40.0,9,0,0,,,
2023-10-06 07:47:45,"Chest & Triceps ",56m,"Bench Press (Barbell)",5,40.0,13,0,0,,,
2023-10-06 07:47:45,"Chest & Triceps ",56m,"Bench Press (Barbell)",6,40.0,10,0,0,,,
2023-10-06 07:47:45,"Chest & Triceps ",56m,"Incline Bench Press (Dumbbell)",1,14.0,11,0,0,"",,
2023-10-06 07:47:45,"Chest & Triceps ",56m,"Incline Bench Press (Dumbbell)",2,14.0,10,0,0,,,
2023-10-06 07:47:45,"Chest & Triceps ",56m,"Chest Fly (Dumbbell)",1,13.0,15,0,0,"",,
2023-10-06 07:47:45,"Chest & Triceps ",56m,"Chest Fly (Dumbbell)",2,14.0,10,0,0,,,
2023-10-06 07:47:45,"Chest & Triceps ",56m,"Triceps Extension Straight (Uni)",1,3.75,18,0,0,"",,
2023-10-06 07:47:45,"Chest & Triceps ",56m,"Triceps Extension Straight (Uni)",2,5.0,8,0,0,,,
2023-10-06 07:47:45,"Chest & Triceps ",56m,"Triceps Extension Straight (Uni)",3,5.0,7,0,0,,,
2023-10-09 07:47:27,"Shoulders + Glutes ",1h 1m,"Shoulder Press (Plate Loaded)",1,12.0,5,0,0,"","",
2023-10-09 07:47:27,"Shoulders + Glutes ",1h 1m,"Shoulder Press (Plate Loaded)",2,12.0,3,0,0,,,
2023-10-09 07:47:27,"Shoulders + Glutes ",1h 1m,"Shoulder Press (Plate Loaded)",3,14.0,7,0,0,,,
2023-10-09 07:47:27,"Shoulders + Glutes ",1h 1m,"Shoulder Press (Plate Loaded)",4,14.0,9,0,0,,,
2023-10-09 07:47:27,"Shoulders + Glutes ",1h 1m,"Shoulder Press (Plate Loaded)",5,14.0,6,0,0,,,
2023-10-09 07:47:27,"Shoulders + Glutes ",1h 1m,"Shoulder Press (Plate Loaded)",6,12.0,7,0,0,,,
2023-10-09 07:47:27,"Shoulders + Glutes ",1h 1m,"Lateral Raise (Cable)",1,2.5,20,0,0,"",,
2023-10-09 07:47:27,"Shoulders + Glutes ",1h 1m,"Lateral Raise (Cable)",2,2.5,16,0,0,,,
2023-10-09 07:47:27,"Shoulders + Glutes ",1h 1m,"Lateral Raise (Cable)",3,2.5,12,0,0,,,
2023-10-09 07:47:27,"Shoulders + Glutes ",1h 1m,"Face Pull (Cable)",1,20.5,17,0,0,"",,
2023-10-09 07:47:27,"Shoulders + Glutes ",1h 1m,"Face Pull (Cable)",2,20.0,10,0,0,,,
2023-10-09 07:47:27,"Shoulders + Glutes ",1h 1m,"Face Pull (Cable)",3,20.5,10,0,0,,,
2023-10-09 07:47:27,"Shoulders + Glutes ",1h 1m,"Hip Thrust (Barbell)",1,35.0,11,0,0,"",,
2023-10-09 07:47:27,"Shoulders + Glutes ",1h 1m,"Hip Thrust (Barbell)",2,35.0,12,0,0,,,
2023-10-09 07:47:27,"Shoulders + Glutes ",1h 1m,"Hip Thrust (Barbell)",3,70.0,8,0,0,,,
2023-10-10 07:51:58,"Legs",1h 4m,"Squat (Barbell)",1,20.0,5,0,0,"","",
2023-10-10 07:51:58,"Legs",1h 4m,"Squat (Barbell)",2,40.0,4,0,0,,,
2023-10-10 07:51:58,"Legs",1h 4m,"Squat (Barbell)",3,50.0,4,0,0,,,
2023-10-10 07:51:58,"Legs",1h 4m,"Squat (Barbell)",4,60.0,4,0,0,,,
2023-10-10 07:51:58,"Legs",1h 4m,"Squat (Barbell)",5,70.0,3,0,0,,,
2023-10-10 07:51:58,"Legs",1h 4m,"Squat (Barbell)",6,70.0,3,0,0,,,
2023-10-10 07:51:58,"Legs",1h 4m,"Squat (Barbell)",7,70.0,2,0,0,,,
2023-10-10 07:51:58,"Legs",1h 4m,"Leg Press",1,140.0,8,0,0,"",,
2023-10-10 07:51:58,"Legs",1h 4m,"Leg Press",2,100.0,10,0,0,,,
2023-10-10 07:51:58,"Legs",1h 4m,"Leg Press",3,140.0,6,0,0,,,
2023-10-10 07:51:58,"Legs",1h 4m,"Lunge (Barbell)",1,40.0,6,0,0,"",,
2023-10-10 07:51:58,"Legs",1h 4m,"Lunge (Barbell)",2,40.0,6,0,0,,,
2023-10-10 07:51:58,"Legs",1h 4m,"Lunge (Barbell)",3,40.0,6,0,0,,,
2023-10-12 07:46:13,"Back & Biceps",1h 2m,"Deadlift (Barbell)",1,40.0,9,0,0,"","",
2023-10-12 07:46:13,"Back & Biceps",1h 2m,"Deadlift (Barbell)",2,50.0,5,0,0,,,
2023-10-12 07:46:13,"Back & Biceps",1h 2m,"Deadlift (Barbell)",3,60.0,7,0,0,,,
2023-10-12 07:46:13,"Back & Biceps",1h 2m,"Deadlift (Barbell)",4,70.0,5,0,0,,,
2023-10-12 07:46:13,"Back & Biceps",1h 2m,"Deadlift (Barbell)",5,80.0,3,0,0,,,
2023-10-12 07:46:13,"Back & Biceps",1h 2m,"Deadlift (Barbell)",6,80.0,2,0,0,,,
2023-10-12 07:46:13,"Back & Biceps",1h 2m,"Deadlift (Barbell)",7,80.0,3,0,0,,,
2023-10-12 07:46:13,"Back & Biceps",1h 2m,"Lat Pulldown (Cable)",1,40.0,14,0,0,"",,
2023-10-12 07:46:13,"Back & Biceps",1h 2m,"Lat Pulldown (Cable)",2,40.0,14,0,0,,,
2023-10-12 07:46:13,"Back & Biceps",1h 2m,"Lat Pulldown (Cable)",3,40.0,10,0,0,,,
2023-10-12 07:46:13,"Back & Biceps",1h 2m,"Bent Over One Arm Row (Dumbbell)",1,14.0,15,0,0,"",,
2023-10-12 07:46:13,"Back & Biceps",1h 2m,"Bent Over One Arm Row (Dumbbell)",2,16.0,8,0,0,,,
2023-10-12 07:46:13,"Back & Biceps",1h 2m,"Bent Over One Arm Row (Dumbbell)",3,14.0,13,0,0,,,
2023-10-16 07:36:27,"Chest & Triceps ",1h 3m,"Bench Press (Barbell)",1,20.0,8,0,0,"","",
2023-10-16 07:36:27,"Chest & Triceps ",1h 3m,"Bench Press (Barbell)",2,30.0,5,0,0,,,
2023-10-16 07:36:27,"Chest & Triceps ",1h 3m,"Bench Press (Barbell)",3,30.0,5,0,0,,,
2023-10-16 07:36:27,"Chest & Triceps ",1h 3m,"Bench Press (Barbell)",4,40.0,14,0,0,,,
2023-10-16 07:36:27,"Chest & Triceps ",1h 3m,"Bench Press (Barbell)",5,40.0,13,0,0,,,
2023-10-16 07:36:27,"Chest & Triceps ",1h 3m,"Bench Press (Barbell)",6,40.0,15,0,0,,,
2023-10-16 07:36:27,"Chest & Triceps ",1h 3m,"Incline Bench Press (Dumbbell)",1,14.0,12,0,0,"",,
2023-10-16 07:36:27,"Chest & Triceps ",1h 3m,"Incline Bench Press (Dumbbell)",2,14.0,13,0,0,,,
2023-10-16 07:36:27,"Chest & Triceps ",1h 3m,"Incline Bench Press (Dumbbell)",3,14.0,11,0,0,,,
2023-10-16 07:36:27,"Chest & Triceps ",1h 3m,"Chest Fly (Dumbbell)",1,14.0,8,0,0,"",,
2023-10-16 07:36:27,"Chest & Triceps ",1h 3m,"Chest Fly (Dumbbell)",2,14.0,10,0,0,,,
2023-10-16 07:36:27,"Chest & Triceps ",1h 3m,"Chest Fly (Dumbbell)",3,14.0,8,0,0,,,
2023-10-16 07:36:27,"Chest & Triceps ",1h 3m,"Triceps Extension",1,17.6,8,0,0,"",,
2023-10-16 07:36:27,"Chest & Triceps ",1h 3m,"Triceps Extension",2,17.5,8,0,0,,,
2023-10-16 07:36:27,"Chest & Triceps ",1h 3m,"Triceps Extension Straight (Uni)",1,5.0,8,0,0,"",,
2023-10-16 07:36:27,"Chest & Triceps ",1h 3m,"Triceps Extension Straight (Uni)",2,5.0,8,0,0,,,
2023-10-16 07:36:27,"Chest & Triceps ",1h 3m,"Triceps Extension Straight (Uni)",3,5.0,8,0,0,,,
2023-10-17 08:01:26,"Shoulders + Glutes ",58m,"Shoulder Press (Plate Loaded)",1,12.0,5,0,0,"","",
2023-10-17 08:01:26,"Shoulders + Glutes ",58m,"Shoulder Press (Plate Loaded)",2,12.0,3,0,0,,,
2023-10-17 08:01:26,"Shoulders + Glutes ",58m,"Shoulder Press (Plate Loaded)",3,12.0,3,0,0,,,
2023-10-17 08:01:26,"Shoulders + Glutes ",58m,"Shoulder Press (Plate Loaded)",4,14.0,9,0,0,,,
2023-10-17 08:01:26,"Shoulders + Glutes ",58m,"Shoulder Press (Plate Loaded)",5,14.0,8,0,0,,,
2023-10-17 08:01:26,"Shoulders + Glutes ",58m,"Shoulder Press (Plate Loaded)",6,14.0,4,0,0,,,
2023-10-17 08:01:26,"Shoulders + Glutes ",58m,"Shoulder Press (Plate Loaded)",7,10.0,8,0,0,,,
2023-10-17 08:01:26,"Shoulders + Glutes ",58m,"Lateral Raise (Cable)",1,2.5,16,0,0,"Com pausa de 3s",,
2023-10-17 08:01:26,"Shoulders + Glutes ",58m,"Lateral Raise (Cable)",2,2.5,14,0,0,,,
2023-10-17 08:01:26,"Shoulders + Glutes ",58m,"Lateral Raise (Cable)",3,2.5,14,0,0,,,
2023-10-17 08:01:26,"Shoulders + Glutes ",58m,"Face Pull (Cable)",1,20.5,17,0,0,"",,
2023-10-17 08:01:26,"Shoulders + Glutes ",58m,"Face Pull (Cable)",2,22.5,8,0,0,,,
2023-10-17 08:01:26,"Shoulders + Glutes ",58m,"Face Pull (Cable)",3,22.5,6,0,0,,,
2023-10-17 08:01:26,"Shoulders + Glutes ",58m,"Hip Thrust (Barbell)",1,40.0,11,0,0,"",,
2023-10-17 08:01:26,"Shoulders + Glutes ",58m,"Hip Thrust (Barbell)",2,40.0,10,0,0,,,
2023-10-17 08:01:26,"Shoulders + Glutes ",58m,"Back Extension",1,10.0,12,0,0,"",,
2023-10-17 08:01:26,"Shoulders + Glutes ",58m,"Back Extension",2,10.0,8,0,0,,,
2023-10-18 07:39:07,"Legs",1h 15m,"Squat (Barbell)",1,20.0,5,0,0,"","",
2023-10-18 07:39:07,"Legs",1h 15m,"Squat (Barbell)",2,40.0,4,0,0,,,
2023-10-18 07:39:07,"Legs",1h 15m,"Squat (Barbell)",3,50.0,4,0,0,,,
2023-10-18 07:39:07,"Legs",1h 15m,"Squat (Barbell)",4,60.0,4,0,0,,,
2023-10-18 07:39:07,"Legs",1h 15m,"Squat (Barbell)",5,70.0,3,0,0,,,
2023-10-18 07:39:07,"Legs",1h 15m,"Squat (Barbell)",6,70.0,2,0,0,,,
2023-10-18 07:39:07,"Legs",1h 15m,"Squat (Barbell)",7,60.0,5,0,0,,,
2023-10-18 07:39:07,"Legs",1h 15m,"Leg Press",1,140.0,9,0,0,"",,
2023-10-18 07:39:07,"Legs",1h 15m,"Leg Press",2,140.0,10,0,0,,,
2023-10-18 07:39:07,"Legs",1h 15m,"Leg Press",3,140.0,10,0,0,,,
2023-10-18 07:39:07,"Legs",1h 15m,"Lunge (Barbell)",1,40.0,8,0,0,"",,
2023-10-18 07:39:07,"Legs",1h 15m,"Lunge (Barbell)",2,40.0,8,0,0,,,
2023-10-18 07:39:07,"Legs",1h 15m,"Lunge (Barbell)",3,40.0,9,0,0,,,
2023-10-20 07:42:04,"Back & Biceps",6m,"Deadlift (Barbell)",1,40.0,9,0,0,"","",
2023-10-20 07:48:29,"Back & Biceps",21s,"Deadlift (Barbell)",1,40.0,9,0,0,"","",
2023-10-20 07:49:00,"Back & Biceps",58m,"Deadlift (Barbell)",1,40.0,9,0,0,"","",
2023-10-20 07:49:00,"Back & Biceps",58m,"Deadlift (Barbell)",2,50.0,5,0,0,,,
2023-10-20 07:49:00,"Back & Biceps",58m,"Deadlift (Barbell)",3,60.0,5,0,0,,,
2023-10-20 07:49:00,"Back & Biceps",58m,"Deadlift (Barbell)",4,70.0,6,0,0,,,
2023-10-20 07:49:00,"Back & Biceps",58m,"Deadlift (Barbell)",5,80.0,3,0,0,,,
2023-10-20 07:49:00,"Back & Biceps",58m,"Deadlift (Barbell)",6,80.0,4,0,0,,,
2023-10-20 07:49:00,"Back & Biceps",58m,"Deadlift (Barbell)",7,80.0,2,0,0,,,
2023-10-20 07:49:00,"Back & Biceps",58m,"Preacher Curl (Machine)",1,10.0,8,0,0,"",,
2023-10-20 07:49:00,"Back & Biceps",58m,"Preacher Curl (Machine)",2,5.0,15,0,0,,,
2023-10-20 07:49:00,"Back & Biceps",58m,"Lat Pulldown (Cable)",1,40.0,15,0,0,"",,
2023-10-20 07:49:00,"Back & Biceps",58m,"Lat Pulldown (Cable)",2,40.0,14,0,0,,,
2023-10-20 07:49:00,"Back & Biceps",58m,"Seated Row (Cable)",1,15.0,15,0,0,"",,
2023-10-20 07:49:00,"Back & Biceps",58m,"Seated Row (Cable)",2,15.0,15,0,0,,,
2023-10-20 07:49:00,"Back & Biceps",58m,"Seated Row (Cable)",3,15.0,12,0,0,,,
2023-10-23 07:35:37,"Chest & Triceps ",1h,"Bench Press (Barbell)",1,20.0,8,0,0,"","",
2023-10-23 07:35:37,"Chest & Triceps ",1h,"Bench Press (Barbell)",2,30.0,3,0,0,,,
2023-10-23 07:35:37,"Chest & Triceps ",1h,"Bench Press (Barbell)",3,35.0,6,0,0,,,
2023-10-23 07:35:37,"Chest & Triceps ",1h,"Bench Press (Barbell)",4,45.0,6,0,0,,,
2023-10-23 07:35:37,"Chest & Triceps ",1h,"Bench Press (Barbell)",5,45.0,6,0,0,,,
2023-10-23 07:35:37,"Chest & Triceps ",1h,"Bench Press (Barbell)",6,45.0,6,0,0,,,
2023-10-23 07:35:37,"Chest & Triceps ",1h,"Incline Bench Press (Dumbbell)",1,14.0,15,0,0,"",,
2023-10-23 07:35:37,"Chest & Triceps ",1h,"Incline Bench Press (Dumbbell)",2,14.0,14,0,0,,,
2023-10-23 07:35:37,"Chest & Triceps ",1h,"Incline Bench Press (Dumbbell)",3,14.0,15,0,0,,,
2023-10-23 07:35:37,"Chest & Triceps ",1h,"Chest Fly (Dumbbell)",1,14.0,15,0,0,"",,
2023-10-23 07:35:37,"Chest & Triceps ",1h,"Chest Fly (Dumbbell)",2,14.0,13,0,0,,,
2023-10-23 07:35:37,"Chest & Triceps ",1h,"Chest Fly (Dumbbell)",3,14.0,10,0,0,,,
2023-10-23 07:35:37,"Chest & Triceps ",1h,"Triceps Extension Straight (Uni)",1,10.0,9,0,0,"",,
2023-10-23 07:35:37,"Chest & Triceps ",1h,"Triceps Extension Straight (Uni)",2,10.0,9,0,0,,,
2023-10-23 07:35:37,"Chest & Triceps ",1h,"Triceps Extension Straight (Uni)",3,10.0,9,0,0,,,
2023-10-24 07:37:06,"Shoulders + Glutes ",49m,"Shoulder Press (Plate Loaded)",1,10.0,3,0,0,"","",
2023-10-24 07:37:06,"Shoulders + Glutes ",49m,"Shoulder Press (Plate Loaded)",2,12.0,5,0,0,,,
2023-10-24 07:37:06,"Shoulders + Glutes ",49m,"Shoulder Press (Plate Loaded)",3,12.0,2,0,0,,,
2023-10-24 07:37:06,"Shoulders + Glutes ",49m,"Shoulder Press (Plate Loaded)",4,14.0,12,0,0,,,
2023-10-24 07:37:06,"Shoulders + Glutes ",49m,"Shoulder Press (Plate Loaded)",5,14.0,8,0,0,,,
2023-10-24 07:37:06,"Shoulders + Glutes ",49m,"Shoulder Press (Plate Loaded)",6,14.0,8,0,0,,,
2023-10-24 07:37:06,"Shoulders + Glutes ",49m,"Lateral Raise (Cable)",1,2.5,16,0,0,"",,
2023-10-24 07:37:06,"Shoulders + Glutes ",49m,"Lateral Raise (Cable)",2,2.5,16,0,0,,,
2023-10-24 07:37:06,"Shoulders + Glutes ",49m,"Lateral Raise (Cable)",3,2.5,17,0,0,,,
2023-10-24 07:37:06,"Shoulders + Glutes ",49m,"Face Pull (Cable)",1,22.5,12,0,0,"",,
2023-10-24 07:37:06,"Shoulders + Glutes ",49m,"Face Pull (Cable)",2,22.5,8,0,0,,,
2023-10-24 07:37:06,"Shoulders + Glutes ",49m,"Face Pull (Cable)",3,22.5,8,0,0,,,
2023-10-24 07:37:06,"Shoulders + Glutes ",49m,"Hip Thrust (Barbell)",1,45.0,9,0,0,"",,
2023-10-24 07:37:06,"Shoulders + Glutes ",49m,"Hip Thrust (Barbell)",2,45.0,10,0,0,,,
2023-10-24 07:37:06,"Shoulders + Glutes ",49m,"Hip Thrust (Barbell)",3,45.0,11,0,0,,,
2023-10-24 07:37:06,"Shoulders + Glutes ",49m,"Shoulder Press (Plate Loaded)",1,10.0,3,0,0,"","",
2023-10-24 07:37:06,"Shoulders + Glutes ",49m,"Shoulder Press (Plate Loaded)",2,12.0,5,0,0,,,
2023-10-24 07:37:06,"Shoulders + Glutes ",49m,"Shoulder Press (Plate Loaded)",3,12.0,2,0,0,,,
2023-10-24 07:37:06,"Shoulders + Glutes ",49m,"Shoulder Press (Plate Loaded)",4,14.0,12,0,0,,,
2023-10-24 07:37:06,"Shoulders + Glutes ",49m,"Shoulder Press (Plate Loaded)",5,14.0,8,0,0,,,
2023-10-24 07:37:06,"Shoulders + Glutes ",49m,"Shoulder Press (Plate Loaded)",6,14.0,8,0,0,,,
2023-10-24 07:37:06,"Shoulders + Glutes ",49m,"Lateral Raise (Cable)",1,2.5,16,0,0,"",,
2023-10-24 07:37:06,"Shoulders + Glutes ",49m,"Lateral Raise (Cable)",2,2.5,16,0,0,,,
2023-10-24 07:37:06,"Shoulders + Glutes ",49m,"Lateral Raise (Cable)",3,2.5,17,0,0,,,
2023-10-24 07:37:06,"Shoulders + Glutes ",49m,"Face Pull (Cable)",1,22.5,12,0,0,"",,
2023-10-24 07:37:06,"Shoulders + Glutes ",49m,"Face Pull (Cable)",2,22.5,8,0,0,,,
2023-10-24 07:37:06,"Shoulders + Glutes ",49m,"Face Pull (Cable)",3,22.5,8,0,0,,,
2023-10-24 07:37:06,"Shoulders + Glutes ",49m,"Hip Thrust (Barbell)",1,45.0,9,0,0,"",,
2023-10-24 07:37:06,"Shoulders + Glutes ",49m,"Hip Thrust (Barbell)",2,45.0,10,0,0,,,
2023-10-24 07:37:06,"Shoulders + Glutes ",49m,"Hip Thrust (Barbell)",3,45.0,11,0,0,,,
2023-10-25 07:33:52,"Legs",1h,"Squat (Barbell)",1,20.0,5,0,0,"","",
2023-10-25 07:33:52,"Legs",1h,"Squat (Barbell)",2,40.0,4,0,0,,,
2023-10-25 07:33:52,"Legs",1h,"Squat (Barbell)",3,50.0,5,0,0,,,
2023-10-25 07:33:52,"Legs",1h,"Squat (Barbell)",4,60.0,5,0,0,,,
2023-10-25 07:33:52,"Legs",1h,"Squat (Barbell)",5,62.5,5,0,0,,,
2023-10-25 07:33:52,"Legs",1h,"Squat (Barbell)",6,70.0,2,0,0,,,
2023-10-25 07:33:52,"Legs",1h,"Leg Press",1,140.0,11,0,0,"",,
2023-10-25 07:33:52,"Legs",1h,"Leg Press",2,140.0,10,0,0,,,
2023-10-25 07:33:52,"Legs",1h,"Leg Press",3,140.0,10,0,0,,,
2023-10-25 07:33:52,"Legs",1h,"Lunge (Barbell)",1,40.0,10,0,0,"",,
2023-10-25 07:33:52,"Legs",1h,"Lunge (Barbell)",2,40.0,10,0,0,,,
2023-10-25 07:33:52,"Legs",1h,"Lunge (Barbell)",3,40.0,10,0,0,,,
2023-10-25 07:33:52,"Legs",1h,"Squat (Barbell)",1,20.0,5,0,0,"","",
2023-10-25 07:33:52,"Legs",1h,"Squat (Barbell)",2,40.0,4,0,0,,,
2023-10-25 07:33:52,"Legs",1h,"Squat (Barbell)",3,50.0,5,0,0,,,
2023-10-25 07:33:52,"Legs",1h,"Squat (Barbell)",4,60.0,5,0,0,,,
2023-10-25 07:33:52,"Legs",1h,"Squat (Barbell)",5,62.5,5,0,0,,,
2023-10-25 07:33:52,"Legs",1h,"Squat (Barbell)",6,70.0,2,0,0,,,
2023-10-25 07:33:52,"Legs",1h,"Leg Press",1,140.0,11,0,0,"",,
2023-10-25 07:33:52,"Legs",1h,"Leg Press",2,140.0,10,0,0,,,
2023-10-25 07:33:52,"Legs",1h,"Leg Press",3,140.0,10,0,0,,,
2023-10-25 07:33:52,"Legs",1h,"Lunge (Barbell)",1,40.0,10,0,0,"",,
2023-10-25 07:33:52,"Legs",1h,"Lunge (Barbell)",2,40.0,10,0,0,,,
2023-10-25 07:33:52,"Legs",1h,"Lunge (Barbell)",3,40.0,10,0,0,,,
2023-10-26 07:40:21,"Back & Biceps",52m,"Preacher Curl (Machine)",1,10.0,10,0,0,"","",
2023-10-26 07:40:21,"Back & Biceps",52m,"Preacher Curl (Machine)",2,10.0,9,0,0,,,
2023-10-26 07:40:21,"Back & Biceps",52m,"Preacher Curl (Machine)",3,10.0,10,0,0,,,
2023-10-26 07:40:21,"Back & Biceps",52m,"Pull Up (Assisted)",1,14.0,9,0,0,"",,
2023-10-26 07:40:21,"Back & Biceps",52m,"Pull Up (Assisted)",2,14.0,12,0,0,,,
2023-10-26 07:40:21,"Back & Biceps",52m,"Pull Up (Assisted)",3,14.0,6,0,0,,,
2023-10-26 07:40:21,"Back & Biceps",52m,"Seated Row (Cable)",1,15.0,10,0,0,"",,
2023-10-26 07:40:21,"Back & Biceps",52m,"Seated Row (Cable)",2,15.0,15,0,0,,,
2023-10-26 07:40:21,"Back & Biceps",52m,"Seated Row (Cable)",3,15.0,14,0,0,,,
2023-10-26 07:40:21,"Back & Biceps",52m,"Lat Pulldown (Cable)",1,40.0,16,0,0,"",,
2023-10-26 07:40:21,"Back & Biceps",52m,"Lat Pulldown (Cable)",2,45.0,10,0,0,,,
2023-10-26 07:40:21,"Back & Biceps",52m,"Lat Pulldown (Cable)",3,45.0,10,0,0,,,
2023-10-30 07:36:00,"Chest & Triceps ",58m,"Bench Press (Barbell)",1,20.0,6,0,0,"","",
2023-10-30 07:36:00,"Chest & Triceps ",58m,"Bench Press (Barbell)",2,30.0,4,0,0,,,
2023-10-30 07:36:00,"Chest & Triceps ",58m,"Bench Press (Barbell)",3,40.0,15,0,0,,,
2023-10-30 07:36:00,"Chest & Triceps ",58m,"Bench Press (Barbell)",4,40.0,15,0,0,,,
2023-10-30 07:36:00,"Chest & Triceps ",58m,"Bench Press (Barbell)",5,40.0,15,0,0,,,
2023-10-30 07:36:00,"Chest & Triceps ",58m,"Incline Bench Press (Dumbbell)",1,14.0,12,0,0,"",,
2023-10-30 07:36:00,"Chest & Triceps ",58m,"Incline Bench Press (Dumbbell)",2,14.0,16,0,0,,,
2023-10-30 07:36:00,"Chest & Triceps ",58m,"Incline Bench Press (Dumbbell)",3,14.0,12,0,0,,,
2023-10-30 07:36:00,"Chest & Triceps ",58m,"Chest Fly (Dumbbell)",1,14.0,12,0,0,"",,
2023-10-30 07:36:00,"Chest & Triceps ",58m,"Chest Fly (Dumbbell)",2,14.0,16,0,0,,,
2023-10-30 07:36:00,"Chest & Triceps ",58m,"Triceps Extension Straight (Uni)",1,5.0,13,0,0,"",,
2023-10-30 07:36:00,"Chest & Triceps ",58m,"Triceps Extension Straight (Uni)",2,9.0,10,0,0,,,
2023-10-31 07:55:32,"Shoulders + Glutes ",59h 15m,"Lateral Raise (Cable)",1,3.75,12,0,0,"","",
2023-10-31 07:55:32,"Shoulders + Glutes ",59h 15m,"Lateral Raise (Cable)",2,3.5,13,0,0,,,
2023-10-31 07:55:32,"Shoulders + Glutes ",59h 15m,"Lateral Raise (Cable)",3,3.5,13,0,0,,,
2023-10-31 07:55:32,"Shoulders + Glutes ",59h 15m,"Face Pull (Cable)",1,20.0,15,0,0,"",,
2023-10-31 07:55:32,"Shoulders + Glutes ",59h 15m,"Face Pull (Cable)",2,22.5,8,0,0,,,
2023-10-31 07:55:32,"Shoulders + Glutes ",59h 15m,"Face Pull (Cable)",3,22.5,8,0,0,,,
2023-10-31 07:55:32,"Shoulders + Glutes ",59h 15m,"Face Pull (Cable)",4,12.5,13,0,0,,,
2023-10-31 07:55:32,"Shoulders + Glutes ",59h 15m,"Strict Military Press (Barbell)",1,20.0,10,0,0,"",,
2023-10-31 07:55:32,"Shoulders + Glutes ",59h 15m,"Strict Military Press (Barbell)",2,25.0,7,0,0,,,
2023-10-31 07:55:32,"Shoulders + Glutes ",59h 15m,"Strict Military Press (Barbell)",3,25.0,7,0,0,,,
2023-10-31 07:55:32,"Shoulders + Glutes ",59h 15m,"Strict Military Press (Barbell)",4,25.0,6,0,0,,,
2023-10-31 07:55:32,"Shoulders + Glutes ",59h 15m,"Hip Abductor (Machine)",1,55.0,16,0,0,"",,
2023-10-31 07:55:32,"Shoulders + Glutes ",59h 15m,"Hip Abductor (Machine)",2,60.0,8,0,0,,,
2023-10-31 07:55:32,"Shoulders + Glutes ",1h 53m,"Lateral Raise (Cable)",1,3.75,12,0,0,"","",
2023-10-31 07:55:32,"Shoulders + Glutes ",1h 53m,"Lateral Raise (Cable)",2,3.5,13,0,0,,,
2023-10-31 07:55:32,"Shoulders + Glutes ",1h 53m,"Lateral Raise (Cable)",3,3.5,13,0,0,,,
2023-10-31 07:55:32,"Shoulders + Glutes ",1h 53m,"Face Pull (Cable)",1,20.0,15,0,0,"",,
2023-10-31 07:55:32,"Shoulders + Glutes ",1h 53m,"Face Pull (Cable)",2,22.5,8,0,0,,,
2023-10-31 07:55:32,"Shoulders + Glutes ",1h 53m,"Face Pull (Cable)",3,22.5,8,0,0,,,
2023-10-31 07:55:32,"Shoulders + Glutes ",1h 53m,"Face Pull (Cable)",4,12.5,13,0,0,,,
2023-10-31 07:55:32,"Shoulders + Glutes ",1h 53m,"Strict Military Press (Barbell)",1,20.0,10,0,0,"",,
2023-10-31 07:55:32,"Shoulders + Glutes ",1h 53m,"Strict Military Press (Barbell)",2,25.0,7,0,0,,,
2023-10-31 07:55:32,"Shoulders + Glutes ",1h 53m,"Strict Military Press (Barbell)",3,25.0,7,0,0,,,
2023-10-31 07:55:32,"Shoulders + Glutes ",1h 53m,"Strict Military Press (Barbell)",4,25.0,6,0,0,,,
2023-10-31 07:55:32,"Shoulders + Glutes ",1h 53m,"Hip Abductor (Machine)",1,55.0,16,0,0,"",,
2023-10-31 07:55:32,"Shoulders + Glutes ",1h 53m,"Hip Abductor (Machine)",2,60.0,8,0,0,,,
2023-10-31 07:55:32,"Shoulders + Glutes ",59h 15m,"Lateral Raise (Cable)",1,3.75,12,0,0,"","",
2023-10-31 07:55:32,"Shoulders + Glutes ",59h 15m,"Lateral Raise (Cable)",2,3.5,13,0,0,,,
2023-10-31 07:55:32,"Shoulders + Glutes ",59h 15m,"Lateral Raise (Cable)",3,3.5,13,0,0,,,
2023-10-31 07:55:32,"Shoulders + Glutes ",59h 15m,"Face Pull (Cable)",1,20.0,15,0,0,"",,
2023-10-31 07:55:32,"Shoulders + Glutes ",59h 15m,"Face Pull (Cable)",2,22.5,8,0,0,,,
2023-10-31 07:55:32,"Shoulders + Glutes ",59h 15m,"Face Pull (Cable)",3,22.5,8,0,0,,,
2023-10-31 07:55:32,"Shoulders + Glutes ",59h 15m,"Face Pull (Cable)",4,12.5,13,0,0,,,
2023-10-31 07:55:32,"Shoulders + Glutes ",59h 15m,"Strict Military Press (Barbell)",1,20.0,10,0,0,"",,
2023-10-31 07:55:32,"Shoulders + Glutes ",59h 15m,"Strict Military Press (Barbell)",2,25.0,7,0,0,,,
2023-10-31 07:55:32,"Shoulders + Glutes ",59h 15m,"Strict Military Press (Barbell)",3,25.0,7,0,0,,,
2023-10-31 07:55:32,"Shoulders + Glutes ",59h 15m,"Strict Military Press (Barbell)",4,25.0,6,0,0,,,
2023-10-31 07:55:32,"Shoulders + Glutes ",59h 15m,"Hip Abductor (Machine)",1,55.0,16,0,0,"",,
2023-10-31 07:55:32,"Shoulders + Glutes ",59h 15m,"Hip Abductor (Machine)",2,60.0,8,0,0,,,
2023-10-31 07:55:32,"Shoulders + Glutes ",59h 15m,"Lateral Raise (Cable)",1,3.75,12,0,0,"","",
2023-10-31 07:55:32,"Shoulders + Glutes ",59h 15m,"Lateral Raise (Cable)",2,3.5,13,0,0,,,
2023-10-31 07:55:32,"Shoulders + Glutes ",59h 15m,"Lateral Raise (Cable)",3,3.5,13,0,0,,,
2023-10-31 07:55:32,"Shoulders + Glutes ",59h 15m,"Face Pull (Cable)",1,20.0,15,0,0,"",,
2023-10-31 07:55:32,"Shoulders + Glutes ",59h 15m,"Face Pull (Cable)",2,22.5,8,0,0,,,
2023-10-31 07:55:32,"Shoulders + Glutes ",59h 15m,"Face Pull (Cable)",3,22.5,8,0,0,,,
2023-10-31 07:55:32,"Shoulders + Glutes ",59h 15m,"Face Pull (Cable)",4,12.5,13,0,0,,,
2023-10-31 07:55:32,"Shoulders + Glutes ",59h 15m,"Strict Military Press (Barbell)",1,20.0,10,0,0,"",,
2023-10-31 07:55:32,"Shoulders + Glutes ",59h 15m,"Strict Military Press (Barbell)",2,25.0,7,0,0,,,
2023-10-31 07:55:32,"Shoulders + Glutes ",59h 15m,"Strict Military Press (Barbell)",3,25.0,7,0,0,,,
2023-10-31 07:55:32,"Shoulders + Glutes ",59h 15m,"Strict Military Press (Barbell)",4,25.0,6,0,0,,,
2023-10-31 07:55:32,"Shoulders + Glutes ",59h 15m,"Hip Abductor (Machine)",1,55.0,16,0,0,"",,
2023-10-31 07:55:32,"Shoulders + Glutes ",59h 15m,"Hip Abductor (Machine)",2,60.0,8,0,0,,,
2023-11-03 07:54:15,"Legs",1h 5m,"Squat (Barbell)",1,20.0,5,0,0,"","",
2023-11-03 07:54:15,"Legs",1h 5m,"Squat (Barbell)",2,40.0,4,0,0,,,
2023-11-03 07:54:15,"Legs",1h 5m,"Squat (Barbell)",3,50.0,5,0,0,,,
2023-11-03 07:54:15,"Legs",1h 5m,"Squat (Barbell)",4,60.0,6,0,0,,,
2023-11-03 07:54:15,"Legs",1h 5m,"Squat (Barbell)",5,70.0,3,0,0,,,
2023-11-03 07:54:15,"Legs",1h 5m,"Squat (Barbell)",6,70.0,4,0,0,,,
2023-11-03 07:54:15,"Legs",1h 5m,"Squat (Barbell)",7,70.0,3,0,0,,,
2023-11-03 07:54:15,"Legs",1h 5m,"Leg Press",1,140.0,10,0,0,"",,
2023-11-03 07:54:15,"Legs",1h 5m,"Leg Press",2,140.0,10,0,0,,,
2023-11-03 07:54:15,"Legs",1h 5m,"Leg Press",3,140.0,11,0,0,,,
2023-11-03 07:54:15,"Legs",1h 5m,"Bulgarian Split Squat",1,28.0,12,0,0,"",,
2023-11-03 07:54:15,"Legs",1h 5m,"Bulgarian Split Squat",2,28.0,12,0,0,,,
2023-11-03 07:54:15,"Legs",1h 5m,"Bulgarian Split Squat",3,28.0,12,0,0,,,
2023-11-06 08:01:28,"Back & Biceps",3m,"Deadlift (Barbell)",1,40.0,6,0,0,"","",
2023-11-06 08:05:05,"Back & Biceps",1h 1m,"Deadlift (Barbell)",1,40.0,6,0,0,"","",
2023-11-06 08:05:05,"Back & Biceps",1h 1m,"Deadlift (Barbell)",2,50.0,5,0,0,,,
2023-11-06 08:05:05,"Back & Biceps",1h 1m,"Deadlift (Barbell)",3,60.0,5,0,0,,,
2023-11-06 08:05:05,"Back & Biceps",1h 1m,"Deadlift (Barbell)",4,70.0,5,0,0,,,
2023-11-06 08:05:05,"Back & Biceps",1h 1m,"Deadlift (Barbell)",5,80.0,3,0,0,,,
2023-11-06 08:05:05,"Back & Biceps",1h 1m,"Deadlift (Barbell)",6,80.0,3,0,0,,,
2023-11-06 08:05:05,"Back & Biceps",1h 1m,"Deadlift (Barbell)",7,80.0,5,0,0,,,
2023-11-06 08:05:05,"Back & Biceps",1h 1m,"Bicep Curl (Dumbbell)",1,7.0,15,0,0,"",,
2023-11-06 08:05:05,"Back & Biceps",1h 1m,"Bicep Curl (Dumbbell)",2,7.0,15,0,0,,,
2023-11-06 08:05:05,"Back & Biceps",1h 1m,"Lat Pulldown (Cable)",1,40.0,13,0,0,"",,
2023-11-06 08:05:05,"Back & Biceps",1h 1m,"Lat Pulldown (Cable)",2,45.0,10,0,0,,,
2023-11-06 08:05:05,"Back & Biceps",1h 1m,"Lat Pulldown (Cable)",3,45.0,8,0,0,,,
2023-11-06 08:05:05,"Back & Biceps",1h 1m,"Bent Over One Arm Row (Dumbbell)",1,16.0,14,0,0,"",,
2023-11-06 08:05:05,"Back & Biceps",1h 1m,"Bent Over One Arm Row (Dumbbell)",2,16.0,13,0,0,,,
2023-11-06 08:05:05,"Back & Biceps",1h 1m,"Bent Over One Arm Row (Dumbbell)",3,16.0,11,0,0,,,
2023-11-06 08:05:05,"Back & Biceps",1h 1m,"Deadlift (Barbell)",1,40.0,6,0,0,"","",
2023-11-06 08:05:05,"Back & Biceps",1h 1m,"Deadlift (Barbell)",2,50.0,5,0,0,,,
2023-11-06 08:05:05,"Back & Biceps",1h 1m,"Deadlift (Barbell)",3,60.0,5,0,0,,,
2023-11-06 08:05:05,"Back & Biceps",1h 1m,"Deadlift (Barbell)",4,70.0,5,0,0,,,
2023-11-06 08:05:05,"Back & Biceps",1h 1m,"Deadlift (Barbell)",5,80.0,3,0,0,,,
2023-11-06 08:05:05,"Back & Biceps",1h 1m,"Deadlift (Barbell)",6,80.0,3,0,0,,,
2023-11-06 08:05:05,"Back & Biceps",1h 1m,"Deadlift (Barbell)",7,80.0,5,0,0,,,
2023-11-06 08:05:05,"Back & Biceps",1h 1m,"Bicep Curl (Dumbbell)",1,7.0,15,0,0,"",,
2023-11-06 08:05:05,"Back & Biceps",1h 1m,"Bicep Curl (Dumbbell)",2,7.0,15,0,0,,,
2023-11-06 08:05:05,"Back & Biceps",1h 1m,"Lat Pulldown (Cable)",1,40.0,13,0,0,"",,
2023-11-06 08:05:05,"Back & Biceps",1h 1m,"Lat Pulldown (Cable)",2,45.0,10,0,0,,,
2023-11-06 08:05:05,"Back & Biceps",1h 1m,"Lat Pulldown (Cable)",3,45.0,8,0,0,,,
2023-11-06 08:05:05,"Back & Biceps",1h 1m,"Bent Over One Arm Row (Dumbbell)",1,16.0,14,0,0,"",,
2023-11-06 08:05:05,"Back & Biceps",1h 1m,"Bent Over One Arm Row (Dumbbell)",2,16.0,13,0,0,,,
2023-11-06 08:05:05,"Back & Biceps",1h 1m,"Bent Over One Arm Row (Dumbbell)",3,16.0,11,0,0,,,
2023-11-07 07:57:37,"Chest & Triceps ",57m,"Bench Press (Barbell)",1,20.0,6,0,0,"","",
2023-11-07 07:57:37,"Chest & Triceps ",57m,"Bench Press (Barbell)",2,30.0,4,0,0,,,
2023-11-07 07:57:37,"Chest & Triceps ",57m,"Bench Press (Barbell)",3,35.0,5,0,0,,,
2023-11-07 07:57:37,"Chest & Triceps ",57m,"Bench Press (Barbell)",4,45.0,6,0,0,,,
2023-11-07 07:57:37,"Chest & Triceps ",57m,"Bench Press (Barbell)",5,45.0,5,0,0,,,
2023-11-07 07:57:37,"Chest & Triceps ",57m,"Bench Press (Barbell)",6,45.0,6,0,0,,,
2023-11-07 07:57:37,"Chest & Triceps ",57m,"Incline Bench Press (Dumbbell)",1,16.0,6,0,0,"",,
2023-11-07 07:57:37,"Chest & Triceps ",57m,"Incline Bench Press (Dumbbell)",2,16.0,6,0,0,,,
2023-11-07 07:57:37,"Chest & Triceps ",57m,"Incline Bench Press (Dumbbell)",3,16.0,7,0,0,,,
2023-11-07 07:57:37,"Chest & Triceps ",57m,"Chest Fly (Dumbbell)",1,14.0,12,0,0,"",,
2023-11-07 07:57:37,"Chest & Triceps ",57m,"Chest Fly (Dumbbell)",2,14.0,12,0,0,,,
2023-11-07 07:57:37,"Chest & Triceps ",57m,"Chest Fly (Dumbbell)",3,14.0,12,0,0,,,
2023-11-07 07:57:37,"Chest & Triceps ",57m,"Triceps Extension Straight (Uni)",1,6.25,14,0,0,"",,
2023-11-07 07:57:37,"Chest & Triceps ",57m,"Triceps Extension Straight (Uni)",2,6.25,13,0,0,,,
2023-11-07 07:57:37,"Chest & Triceps ",57m,"Triceps Extension Straight (Uni)",3,6.25,8,0,0,,,
2023-11-07 07:57:37,"Chest & Triceps ",57m,"Bench Press (Barbell)",1,20.0,6,0,0,"","",
2023-11-07 07:57:37,"Chest & Triceps ",57m,"Bench Press (Barbell)",2,30.0,4,0,0,,,
2023-11-07 07:57:37,"Chest & Triceps ",57m,"Bench Press (Barbell)",3,35.0,5,0,0,,,
2023-11-07 07:57:37,"Chest & Triceps ",57m,"Bench Press (Barbell)",4,45.0,6,0,0,,,
2023-11-07 07:57:37,"Chest & Triceps ",57m,"Bench Press (Barbell)",5,45.0,5,0,0,,,
2023-11-07 07:57:37,"Chest & Triceps ",57m,"Bench Press (Barbell)",6,45.0,6,0,0,,,
2023-11-07 07:57:37,"Chest & Triceps ",57m,"Incline Bench Press (Dumbbell)",1,16.0,6,0,0,"",,
2023-11-07 07:57:37,"Chest & Triceps ",57m,"Incline Bench Press (Dumbbell)",2,16.0,6,0,0,,,
2023-11-07 07:57:37,"Chest & Triceps ",57m,"Incline Bench Press (Dumbbell)",3,16.0,7,0,0,,,
2023-11-07 07:57:37,"Chest & Triceps ",57m,"Chest Fly (Dumbbell)",1,14.0,12,0,0,"",,
2023-11-07 07:57:37,"Chest & Triceps ",57m,"Chest Fly (Dumbbell)",2,14.0,12,0,0,,,
2023-11-07 07:57:37,"Chest & Triceps ",57m,"Chest Fly (Dumbbell)",3,14.0,12,0,0,,,
2023-11-07 07:57:37,"Chest & Triceps ",57m,"Triceps Extension Straight (Uni)",1,6.25,14,0,0,"",,
2023-11-07 07:57:37,"Chest & Triceps ",57m,"Triceps Extension Straight (Uni)",2,6.25,13,0,0,,,
2023-11-07 07:57:37,"Chest & Triceps ",57m,"Triceps Extension Straight (Uni)",3,6.25,8,0,0,,,
2023-11-08 08:04:49,"Shoulders + Glutes ",1h 1m,"Lateral Raise (Cable)",1,3.75,12,0,0,"","",
2023-11-08 08:04:49,"Shoulders + Glutes ",1h 1m,"Lateral Raise (Cable)",2,3.75,11,0,0,,,
2023-11-08 08:04:49,"Shoulders + Glutes ",1h 1m,"Lateral Raise (Cable)",3,3.75,14,0,0,,,
2023-11-08 08:04:49,"Shoulders + Glutes ",1h 1m,"Face Pull (Cable)",1,17.5,13,0,0,"",,
2023-11-08 08:04:49,"Shoulders + Glutes ",1h 1m,"Face Pull (Cable)",2,17.5,13,0,0,,,
2023-11-08 08:04:49,"Shoulders + Glutes ",1h 1m,"Face Pull (Cable)",3,20.0,12,0,0,,,
2023-11-08 08:04:49,"Shoulders + Glutes ",1h 1m,"Face Pull (Cable)",4,10.0,8,0,0,,,
2023-11-08 08:04:49,"Shoulders + Glutes ",1h 1m,"Strict Military Press (Barbell)",1,20.0,5,0,0,"",,
2023-11-08 08:04:49,"Shoulders + Glutes ",1h 1m,"Strict Military Press (Barbell)",2,25.0,8,0,0,,,
2023-11-08 08:04:49,"Shoulders + Glutes ",1h 1m,"Strict Military Press (Barbell)",3,25.0,8,0,0,,,
2023-11-08 08:04:49,"Shoulders + Glutes ",1h 1m,"Strict Military Press (Barbell)",4,25.0,8,0,0,,,
2023-11-08 08:04:49,"Shoulders + Glutes ",1h 1m,"Strict Military Press (Barbell)",5,25.0,7,0,0,,,
2023-11-08 08:04:49,"Shoulders + Glutes ",1h 1m,"Strict Military Press (Barbell)",6,25.0,5,0,0,,,
2023-11-08 08:04:49,"Shoulders + Glutes ",1h 1m,"Hip Thrust (Barbell)",1,80.0,9,0,0,"",,
2023-11-08 08:04:49,"Shoulders + Glutes ",1h 1m,"Hip Thrust (Barbell)",2,80.0,13,0,0,,,
2023-11-08 08:04:49,"Shoulders + Glutes ",1h 1m,"Hip Thrust (Barbell)",3,80.0,13,0,0,,,
2023-11-08 08:04:49,"Shoulders + Glutes ",1h 1m,"Lateral Raise (Cable)",1,3.75,12,0,0,"","",
2023-11-08 08:04:49,"Shoulders + Glutes ",1h 1m,"Lateral Raise (Cable)",2,3.75,11,0,0,,,
2023-11-08 08:04:49,"Shoulders + Glutes ",1h 1m,"Lateral Raise (Cable)",3,3.75,14,0,0,,,
2023-11-08 08:04:49,"Shoulders + Glutes ",1h 1m,"Face Pull (Cable)",1,17.5,13,0,0,"",,
2023-11-08 08:04:49,"Shoulders + Glutes ",1h 1m,"Face Pull (Cable)",2,17.5,13,0,0,,,
2023-11-08 08:04:49,"Shoulders + Glutes ",1h 1m,"Face Pull (Cable)",3,20.0,12,0,0,,,
2023-11-08 08:04:49,"Shoulders + Glutes ",1h 1m,"Face Pull (Cable)",4,10.0,8,0,0,,,
2023-11-08 08:04:49,"Shoulders + Glutes ",1h 1m,"Strict Military Press (Barbell)",1,20.0,5,0,0,"",,
2023-11-08 08:04:49,"Shoulders + Glutes ",1h 1m,"Strict Military Press (Barbell)",2,25.0,8,0,0,,,
2023-11-08 08:04:49,"Shoulders + Glutes ",1h 1m,"Strict Military Press (Barbell)",3,25.0,8,0,0,,,
2023-11-08 08:04:49,"Shoulders + Glutes ",1h 1m,"Strict Military Press (Barbell)",4,25.0,8,0,0,,,
2023-11-08 08:04:49,"Shoulders + Glutes ",1h 1m,"Strict Military Press (Barbell)",5,25.0,7,0,0,,,
2023-11-08 08:04:49,"Shoulders + Glutes ",1h 1m,"Strict Military Press (Barbell)",6,25.0,5,0,0,,,
2023-11-08 08:04:49,"Shoulders + Glutes ",1h 1m,"Hip Thrust (Barbell)",1,80.0,9,0,0,"",,
2023-11-08 08:04:49,"Shoulders + Glutes ",1h 1m,"Hip Thrust (Barbell)",2,80.0,13,0,0,,,
2023-11-08 08:04:49,"Shoulders + Glutes ",1h 1m,"Hip Thrust (Barbell)",3,80.0,13,0,0,,,
2023-11-13 07:55:11,"Legs",1h 2m,"Squat (Barbell)",1,20.0,5,0,0,"","",
2023-11-13 07:55:11,"Legs",1h 2m,"Squat (Barbell)",2,40.0,4,0,0,,,
2023-11-13 07:55:11,"Legs",1h 2m,"Squat (Barbell)",3,50.0,5,0,0,,,
2023-11-13 07:55:11,"Legs",1h 2m,"Squat (Barbell)",4,60.0,8,0,0,,,
2023-11-13 07:55:11,"Legs",1h 2m,"Squat (Barbell)",5,70.0,6,0,0,,,
2023-11-13 07:55:11,"Legs",1h 2m,"Squat (Barbell)",6,70.0,6,0,0,,,
2023-11-13 07:55:11,"Legs",1h 2m,"Squat (Barbell)",7,70.0,3,0,0,,,
2023-11-13 07:55:11,"Legs",1h 2m,"Leg Press",1,140.0,9,0,0,"",,
2023-11-13 07:55:11,"Legs",1h 2m,"Leg Press",2,140.0,13,0,0,,,
2023-11-13 07:55:11,"Legs",1h 2m,"Leg Press",3,140.0,11,0,0,,,
2023-11-13 07:55:11,"Legs",1h 2m,"Bulgarian Split Squat",1,28.0,13,0,0,"",,
2023-11-13 07:55:11,"Legs",1h 2m,"Bulgarian Split Squat",2,28.0,13,0,0,,,
2023-11-13 07:55:11,"Legs",1h 2m,"Bulgarian Split Squat",3,28.0,13,0,0,,,
2023-11-13 07:55:11,"Legs",1h 2m,"Squat (Barbell)",1,20.0,5,0,0,"","",
2023-11-13 07:55:11,"Legs",1h 2m,"Squat (Barbell)",2,40.0,4,0,0,,,
2023-11-13 07:55:11,"Legs",1h 2m,"Squat (Barbell)",3,50.0,5,0,0,,,
2023-11-13 07:55:11,"Legs",1h 2m,"Squat (Barbell)",4,60.0,8,0,0,,,
2023-11-13 07:55:11,"Legs",1h 2m,"Squat (Barbell)",5,70.0,6,0,0,,,
2023-11-13 07:55:11,"Legs",1h 2m,"Squat (Barbell)",6,70.0,6,0,0,,,
2023-11-13 07:55:11,"Legs",1h 2m,"Squat (Barbell)",7,70.0,3,0,0,,,
2023-11-13 07:55:11,"Legs",1h 2m,"Leg Press",1,140.0,9,0,0,"",,
2023-11-13 07:55:11,"Legs",1h 2m,"Leg Press",2,140.0,12,0,0,,,
2023-11-13 07:55:11,"Legs",1h 2m,"Bulgarian Split Squat",1,28.0,13,0,0,"",,
2023-11-13 07:55:11,"Legs",1h 2m,"Bulgarian Split Squat",2,28.0,13,0,0,,,
2023-11-13 07:55:11,"Legs",1h 2m,"Bulgarian Split Squat",3,28.0,13,0,0,,,
2023-11-14 07:59:24,"Chest & Triceps ",54m,"Bench Press (Barbell)",1,20.0,5,0,0,"","",
2023-11-14 07:59:24,"Chest & Triceps ",54m,"Bench Press (Barbell)",2,30.0,3,0,0,,,
2023-11-14 07:59:24,"Chest & Triceps ",54m,"Bench Press (Barbell)",3,40.0,5,0,0,,,
2023-11-14 07:59:24,"Chest & Triceps ",54m,"Bench Press (Barbell)",4,45.0,6,0,0,,,
2023-11-14 07:59:24,"Chest & Triceps ",54m,"Bench Press (Barbell)",5,45.0,6,0,0,,,
2023-11-14 07:59:24,"Chest & Triceps ",54m,"Bench Press (Barbell)",6,45.0,8,0,0,,,
2023-11-14 07:59:24,"Chest & Triceps ",54m,"Incline Bench Press (Dumbbell)",1,16.0,9,0,0,"",,
2023-11-14 07:59:24,"Chest & Triceps ",54m,"Incline Bench Press (Dumbbell)",2,16.0,7,0,0,,,
2023-11-14 07:59:24,"Chest & Triceps ",54m,"Incline Bench Press (Dumbbell)",3,16.0,7,0,0,,,
2023-11-14 07:59:24,"Chest & Triceps ",54m,"Chest Fly (Dumbbell)",1,14.0,12,0,0,"",,
2023-11-14 07:59:24,"Chest & Triceps ",54m,"Chest Fly (Dumbbell)",2,14.0,13,0,0,,,
2023-11-14 07:59:24,"Chest & Triceps ",54m,"Chest Fly (Dumbbell)",3,14.0,12,0,0,,,
2023-11-14 07:59:24,"Chest & Triceps ",54m,"Triceps Extension",1,17.5,15,0,0,"",,
2023-11-14 07:59:24,"Chest & Triceps ",54m,"Triceps Extension",2,20.0,7,0,0,,,
2023-11-14 07:59:24,"Chest & Triceps ",54m,"Triceps Extension Straight (Uni)",1,6.25,15,0,0,"",,
2023-11-14 07:59:24,"Chest & Triceps ",54m,"Triceps Extension Straight (Uni)",2,6.35,11,0,0,,,
2023-11-14 07:59:24,"Chest & Triceps ",54m,"Bench Press (Barbell)",1,20.0,5,0,0,"","",
2023-11-14 07:59:24,"Chest & Triceps ",54m,"Bench Press (Barbell)",2,30.0,3,0,0,,,
2023-11-14 07:59:24,"Chest & Triceps ",54m,"Bench Press (Barbell)",3,40.0,5,0,0,,,
2023-11-14 07:59:24,"Chest & Triceps ",54m,"Bench Press (Barbell)",4,45.0,6,0,0,,,
2023-11-14 07:59:24,"Chest & Triceps ",54m,"Bench Press (Barbell)",5,45.0,6,0,0,,,
2023-11-14 07:59:24,"Chest & Triceps ",54m,"Bench Press (Barbell)",6,45.0,8,0,0,,,
2023-11-14 07:59:24,"Chest & Triceps ",54m,"Incline Bench Press (Dumbbell)",1,16.0,9,0,0,"",,
2023-11-14 07:59:24,"Chest & Triceps ",54m,"Incline Bench Press (Dumbbell)",2,16.0,7,0,0,,,
2023-11-14 07:59:24,"Chest & Triceps ",54m,"Incline Bench Press (Dumbbell)",3,16.0,7,0,0,,,
2023-11-14 07:59:24,"Chest & Triceps ",54m,"Chest Fly (Dumbbell)",1,14.0,12,0,0,"",,
2023-11-14 07:59:24,"Chest & Triceps ",54m,"Chest Fly (Dumbbell)",2,14.0,13,0,0,,,
2023-11-14 07:59:24,"Chest & Triceps ",54m,"Chest Fly (Dumbbell)",3,14.0,12,0,0,,,
2023-11-14 07:59:24,"Chest & Triceps ",54m,"Triceps Extension",1,17.5,15,0,0,"",,
2023-11-14 07:59:24,"Chest & Triceps ",54m,"Triceps Extension",2,20.0,7,0,0,,,
2023-11-14 07:59:24,"Chest & Triceps ",54m,"Triceps Extension Straight (Uni)",1,6.25,15,0,0,"",,
2023-11-14 07:59:24,"Chest & Triceps ",54m,"Triceps Extension Straight (Uni)",2,6.35,11,0,0,,,
2023-11-15 08:21:28,"Back & Biceps",51m,"Deadlift (Barbell)",1,40.0,6,0,0,"","",
2023-11-15 08:21:28,"Back & Biceps",51m,"Deadlift (Barbell)",2,50.0,5,0,0,,,
2023-11-15 08:21:28,"Back & Biceps",51m,"Deadlift (Barbell)",3,60.0,5,0,0,,,
2023-11-15 08:21:28,"Back & Biceps",51m,"Deadlift (Barbell)",4,70.0,5,0,0,,,
2023-11-15 08:21:28,"Back & Biceps",51m,"Deadlift (Barbell)",5,80.0,3,0,0,,,
2023-11-15 08:21:28,"Back & Biceps",51m,"Deadlift (Barbell)",6,80.0,3,0,0,,,
2023-11-15 08:21:28,"Back & Biceps",51m,"Deadlift (Barbell)",7,80.0,3,0,0,,,
2023-11-15 08:21:28,"Back & Biceps",51m,"Bicep Curl (Dumbbell)",1,9.0,12,0,0,"",,
2023-11-15 08:21:28,"Back & Biceps",51m,"Bicep Curl (Dumbbell)",2,9.0,10,0,0,,,
2023-11-15 08:21:28,"Back & Biceps",51m,"Bicep Curl (Dumbbell)",3,9.0,8,0,0,,,
2023-11-15 08:21:28,"Back & Biceps",51m,"Seated Row (Cable)",1,15.0,15,0,0,"",,
2023-11-15 08:21:28,"Back & Biceps",51m,"Seated Row (Cable)",2,20.0,5,0,0,,,
2023-11-15 08:21:28,"Back & Biceps",51m,"Seated Row (Cable)",3,15.0,15,0,0,,,
2023-11-15 08:21:28,"Back & Biceps",51m,"Pull Up (Assisted)",1,14.0,10,0,0,"",,
2023-11-15 08:21:28,"Back & Biceps",51m,"Pull Up (Assisted)",2,14.0,13,0,0,,,
2023-11-15 08:21:28,"Back & Biceps",51m,"Pull Up (Assisted)",3,14.0,7,0,0,,,
2023-11-15 08:21:28,"Back & Biceps",51m,"Deadlift (Barbell)",1,40.0,6,0,0,"","",
2023-11-15 08:21:28,"Back & Biceps",51m,"Deadlift (Barbell)",2,50.0,5,0,0,,,
2023-11-15 08:21:28,"Back & Biceps",51m,"Deadlift (Barbell)",3,60.0,5,0,0,,,
2023-11-15 08:21:28,"Back & Biceps",51m,"Deadlift (Barbell)",4,70.0,5,0,0,,,
2023-11-15 08:21:28,"Back & Biceps",51m,"Deadlift (Barbell)",5,80.0,3,0,0,,,
2023-11-15 08:21:28,"Back & Biceps",51m,"Deadlift (Barbell)",6,80.0,3,0,0,,,
2023-11-15 08:21:28,"Back & Biceps",51m,"Deadlift (Barbell)",7,80.0,3,0,0,,,
2023-11-15 08:21:28,"Back & Biceps",51m,"Bicep Curl (Dumbbell)",1,9.0,12,0,0,"",,
2023-11-15 08:21:28,"Back & Biceps",51m,"Bicep Curl (Dumbbell)",2,9.0,10,0,0,,,
2023-11-15 08:21:28,"Back & Biceps",51m,"Bicep Curl (Dumbbell)",3,9.0,8,0,0,,,
2023-11-15 08:21:28,"Back & Biceps",51m,"Seated Row (Cable)",1,15.0,15,0,0,"",,
2023-11-15 08:21:28,"Back & Biceps",51m,"Seated Row (Cable)",2,20.0,5,0,0,,,
2023-11-15 08:21:28,"Back & Biceps",51m,"Seated Row (Cable)",3,15.0,15,0,0,,,
2023-11-15 08:21:28,"Back & Biceps",51m,"Pull Up (Assisted)",1,14.0,10,0,0,"",,
2023-11-15 08:21:28,"Back & Biceps",51m,"Pull Up (Assisted)",2,14.0,13,0,0,,,
2023-11-15 08:21:28,"Back & Biceps",51m,"Pull Up (Assisted)",3,14.0,7,0,0,,,
2023-11-17 08:06:51,"Shoulders + Glutes ",51m,"Lateral Raise (Cable)",1,3.75,12,0,0,"","",
2023-11-17 08:06:51,"Shoulders + Glutes ",51m,"Lateral Raise (Cable)",2,3.75,11,0,0,,,
2023-11-17 08:06:51,"Shoulders + Glutes ",51m,"Lateral Raise (Cable)",3,3.75,12,0,0,,,
2023-11-17 08:06:51,"Shoulders + Glutes ",51m,"Face Pull (Cable)",1,22.5,9,0,0,"",,
2023-11-17 08:06:51,"Shoulders + Glutes ",51m,"Face Pull (Cable)",2,22.5,8,0,0,,,
2023-11-17 08:06:51,"Shoulders + Glutes ",51m,"Strict Military Press (Barbell)",1,20.0,5,0,0,"",,
2023-11-17 08:06:51,"Shoulders + Glutes ",51m,"Strict Military Press (Barbell)",2,20.0,5,0,0,,,
2023-11-17 08:06:51,"Shoulders + Glutes ",51m,"Strict Military Press (Barbell)",3,25.0,8,0,0,,,
2023-11-17 08:06:51,"Shoulders + Glutes ",51m,"Strict Military Press (Barbell)",4,25.0,10,0,0,,,
2023-11-17 08:06:51,"Shoulders + Glutes ",51m,"Strict Military Press (Barbell)",5,25.0,10,0,0,,,
2023-11-17 08:06:51,"Shoulders + Glutes ",51m,"Strict Military Press (Barbell)",6,25.0,7,0,0,,,
2023-11-17 08:06:51,"Shoulders + Glutes ",51m,"Hip Thrust (Barbell)",1,90.0,8,0,0,"",,
2023-11-17 08:06:51,"Shoulders + Glutes ",51m,"Hip Thrust (Barbell)",2,90.0,10,0,0,,,
2023-11-17 08:06:51,"Shoulders + Glutes ",51m,"Hip Thrust (Barbell)",3,100.0,6,0,0,,,
2023-11-17 08:06:51,"Shoulders + Glutes ",51m,"Lateral Raise (Cable)",1,3.75,12,0,0,"","",
2023-11-17 08:06:51,"Shoulders + Glutes ",51m,"Lateral Raise (Cable)",2,3.75,11,0,0,,,
2023-11-17 08:06:51,"Shoulders + Glutes ",51m,"Lateral Raise (Cable)",3,3.75,12,0,0,,,
2023-11-17 08:06:51,"Shoulders + Glutes ",51m,"Face Pull (Cable)",1,22.5,9,0,0,"",,
2023-11-17 08:06:51,"Shoulders + Glutes ",51m,"Face Pull (Cable)",2,22.5,8,0,0,,,
2023-11-17 08:06:51,"Shoulders + Glutes ",51m,"Strict Military Press (Barbell)",1,20.0,5,0,0,"",,
2023-11-17 08:06:51,"Shoulders + Glutes ",51m,"Strict Military Press (Barbell)",2,20.0,5,0,0,,,
2023-11-17 08:06:51,"Shoulders + Glutes ",51m,"Strict Military Press (Barbell)",3,25.0,8,0,0,,,
2023-11-17 08:06:51,"Shoulders + Glutes ",51m,"Strict Military Press (Barbell)",4,25.0,10,0,0,,,
2023-11-17 08:06:51,"Shoulders + Glutes ",51m,"Strict Military Press (Barbell)",5,25.0,10,0,0,,,
2023-11-17 08:06:51,"Shoulders + Glutes ",51m,"Strict Military Press (Barbell)",6,25.0,7,0,0,,,
2023-11-17 08:06:51,"Shoulders + Glutes ",51m,"Hip Thrust (Barbell)",1,90.0,8,0,0,"",,
2023-11-17 08:06:51,"Shoulders + Glutes ",51m,"Hip Thrust (Barbell)",2,90.0,10,0,0,,,
2023-11-17 08:06:51,"Shoulders + Glutes ",51m,"Hip Thrust (Barbell)",3,100.0,6,0,0,,,
2023-11-20 07:58:03,"Legs",1h 5m,"Squat (Barbell)",1,20.0,5,0,0,"","",
2023-11-20 07:58:03,"Legs",1h 5m,"Squat (Barbell)",2,40.0,4,0,0,,,
2023-11-20 07:58:03,"Legs",1h 5m,"Squat (Barbell)",3,50.0,5,0,0,,,
2023-11-20 07:58:03,"Legs",1h 5m,"Squat (Barbell)",4,60.0,3,0,0,,,
2023-11-20 07:58:03,"Legs",1h 5m,"Squat (Barbell)",5,75.0,3,0,0,,,
2023-11-20 07:58:03,"Legs",1h 5m,"Squat (Barbell)",6,75.0,2,0,0,,,
2023-11-20 07:58:03,"Legs",1h 5m,"Squat (Barbell)",7,75.0,3,0,0,,,
2023-11-20 07:58:03,"Legs",1h 5m,"Squat (Barbell)",8,70.0,2,0,0,,,
2023-11-20 07:58:03,"Legs",1h 5m,"Leg Press",1,110.0,13,0,0,"",,
2023-11-20 07:58:03,"Legs",1h 5m,"Leg Press",2,110.0,13,0,0,,,
2023-11-20 07:58:03,"Legs",1h 5m,"Leg Press",3,120.0,9,0,0,,,
2023-11-20 07:58:03,"Legs",1h 5m,"Bulgarian Split Squat",1,36.0,10,0,0,"",,
2023-11-20 07:58:03,"Legs",1h 5m,"Bulgarian Split Squat",2,36.0,8,0,0,,,
2023-11-20 07:58:03,"Legs",1h 5m,"Bulgarian Split Squat",3,36.0,10,0,0,,,
2023-11-20 07:58:03,"Legs",1h 5m,"Squat (Barbell)",1,20.0,5,0,0,"","",
2023-11-20 07:58:03,"Legs",1h 5m,"Squat (Barbell)",2,40.0,4,0,0,,,
2023-11-20 07:58:03,"Legs",1h 5m,"Squat (Barbell)",3,50.0,5,0,0,,,
2023-11-20 07:58:03,"Legs",1h 5m,"Squat (Barbell)",4,60.0,3,0,0,,,
2023-11-20 07:58:03,"Legs",1h 5m,"Squat (Barbell)",5,75.0,3,0,0,,,
2023-11-20 07:58:03,"Legs",1h 5m,"Squat (Barbell)",6,75.0,2,0,0,,,
2023-11-20 07:58:03,"Legs",1h 5m,"Squat (Barbell)",7,75.0,3,0,0,,,
2023-11-20 07:58:03,"Legs",1h 5m,"Squat (Barbell)",8,70.0,2,0,0,,,
2023-11-20 07:58:03,"Legs",1h 5m,"Leg Press",1,110.0,13,0,0,"",,
2023-11-20 07:58:03,"Legs",1h 5m,"Leg Press",2,110.0,13,0,0,,,
2023-11-20 07:58:03,"Legs",1h 5m,"Leg Press",3,120.0,9,0,0,,,
2023-11-20 07:58:03,"Legs",1h 5m,"Bulgarian Split Squat",1,36.0,10,0,0,"",,
2023-11-20 07:58:03,"Legs",1h 5m,"Bulgarian Split Squat",2,36.0,8,0,0,,,
2023-11-20 07:58:03,"Legs",1h 5m,"Bulgarian Split Squat",3,36.0,10,0,0,,,
2023-11-21 07:53:01,"Chest & Triceps ",59m,"Bench Press (Barbell)",1,20.0,5,0,0,"","",
2023-11-21 07:53:01,"Chest & Triceps ",59m,"Bench Press (Barbell)",2,30.0,3,0,0,,,
2023-11-21 07:53:01,"Chest & Triceps ",59m,"Bench Press (Barbell)",3,40.0,5,0,0,,,
2023-11-21 07:53:01,"Chest & Triceps ",59m,"Bench Press (Barbell)",4,45.0,7,0,0,,,
2023-11-21 07:53:01,"Chest & Triceps ",59m,"Bench Press (Barbell)",5,45.0,7,0,0,,,
2023-11-21 07:53:01,"Chest & Triceps ",59m,"Bench Press (Barbell)",6,45.0,7,0,0,,,
2023-11-21 07:53:01,"Chest & Triceps ",59m,"Incline Bench Press (Dumbbell)",1,16.0,10,0,0,"",,
2023-11-21 07:53:01,"Chest & Triceps ",59m,"Incline Bench Press (Dumbbell)",2,16.0,8,0,0,,,
2023-11-21 07:53:01,"Chest & Triceps ",59m,"Incline Bench Press (Dumbbell)",3,16.0,6,0,0,,,
2023-11-21 07:53:01,"Chest & Triceps ",59m,"Chest Fly (Dumbbell)",1,14.0,12,0,0,"",,
2023-11-21 07:53:01,"Chest & Triceps ",59m,"Chest Fly (Dumbbell)",2,16.0,6,0,0,,,
2023-11-21 07:53:01,"Chest & Triceps ",59m,"Triceps Extension",1,20.0,10,0,0,"",,
2023-11-21 07:53:01,"Chest & Triceps ",59m,"Triceps Extension",2,20.0,13,0,0,,,
2023-11-21 07:53:01,"Chest & Triceps ",59m,"Triceps Extension Straight (Uni)",1,7.5,6,0,0,"",,
2023-11-21 07:53:01,"Chest & Triceps ",59m,"Triceps Extension Straight (Uni)",2,7.5,9,0,0,,,
2023-11-21 07:53:01,"Chest & Triceps ",59m,"Triceps Extension Straight (Uni)",3,7.5,4,0,0,,,
2023-11-21 07:53:01,"Chest & Triceps ",59m,"Bench Press (Barbell)",1,20.0,5,0,0,"","",
2023-11-21 07:53:01,"Chest & Triceps ",59m,"Bench Press (Barbell)",2,30.0,3,0,0,,,
2023-11-21 07:53:01,"Chest & Triceps ",59m,"Bench Press (Barbell)",3,40.0,5,0,0,,,
2023-11-21 07:53:01,"Chest & Triceps ",59m,"Bench Press (Barbell)",4,45.0,7,0,0,,,
2023-11-21 07:53:01,"Chest & Triceps ",59m,"Bench Press (Barbell)",5,45.0,7,0,0,,,
2023-11-21 07:53:01,"Chest & Triceps ",59m,"Bench Press (Barbell)",6,45.0,7,0,0,,,
2023-11-21 07:53:01,"Chest & Triceps ",59m,"Incline Bench Press (Dumbbell)",1,16.0,10,0,0,"",,
2023-11-21 07:53:01,"Chest & Triceps ",59m,"Incline Bench Press (Dumbbell)",2,16.0,8,0,0,,,
2023-11-21 07:53:01,"Chest & Triceps ",59m,"Incline Bench Press (Dumbbell)",3,16.0,6,0,0,,,
2023-11-21 07:53:01,"Chest & Triceps ",59m,"Chest Fly (Dumbbell)",1,14.0,12,0,0,"",,
2023-11-21 07:53:01,"Chest & Triceps ",59m,"Chest Fly (Dumbbell)",2,16.0,6,0,0,,,
2023-11-21 07:53:01,"Chest & Triceps ",59m,"Triceps Extension",1,20.0,10,0,0,"",,
2023-11-21 07:53:01,"Chest & Triceps ",59m,"Triceps Extension",2,20.0,13,0,0,,,
2023-11-21 07:53:01,"Chest & Triceps ",59m,"Triceps Extension Straight (Uni)",1,7.5,6,0,0,"",,
2023-11-21 07:53:01,"Chest & Triceps ",59m,"Triceps Extension Straight (Uni)",2,7.5,9,0,0,,,
2023-11-21 07:53:01,"Chest & Triceps ",59m,"Triceps Extension Straight (Uni)",3,7.5,4,0,0,,,
2023-11-22 07:51:01,"Back & Biceps",1h 1m,"Deadlift (Barbell)",1,40.0,5,0,0,"","",
2023-11-22 07:51:01,"Back & Biceps",1h 1m,"Deadlift (Barbell)",2,50.0,4,0,0,,,
2023-11-22 07:51:01,"Back & Biceps",1h 1m,"Deadlift (Barbell)",3,60.0,4,0,0,,,
2023-11-22 07:51:01,"Back & Biceps",1h 1m,"Deadlift (Barbell)",4,75.0,4,0,0,,,
2023-11-22 07:51:01,"Back & Biceps",1h 1m,"Deadlift (Barbell)",5,75.0,4,0,0,,,
2023-11-22 07:51:01,"Back & Biceps",1h 1m,"Deadlift (Barbell)",6,75.0,3,0,0,,,
2023-11-22 07:51:01,"Back & Biceps",1h 1m,"Bicep Curl (Dumbbell)",1,9.0,15,0,0,"",,
2023-11-22 07:51:01,"Back & Biceps",1h 1m,"Bicep Curl (Dumbbell)",2,9.0,10,0,0,,,
2023-11-22 07:51:01,"Back & Biceps",1h 1m,"Lat Pulldown (Cable)",1,40.0,8,0,0,"",,
2023-11-22 07:51:01,"Back & Biceps",1h 1m,"Lat Pulldown (Cable)",2,45.0,8,0,0,,,
2023-11-22 07:51:01,"Back & Biceps",1h 1m,"Lat Pulldown (Cable)",3,45.0,9,0,0,,,
2023-11-22 07:51:01,"Back & Biceps",1h 1m,"Bent Over One Arm Row (Dumbbell)",1,18.0,8,0,0,"",,
2023-11-22 07:51:01,"Back & Biceps",1h 1m,"Bent Over One Arm Row (Dumbbell)",2,18.0,8,0,0,,,
2023-11-22 07:51:01,"Back & Biceps",1h 1m,"Bent Over One Arm Row (Dumbbell)",3,18.0,8,0,0,,,
2023-11-22 07:51:01,"Back & Biceps",1h 1m,"Deadlift (Barbell)",1,40.0,5,0,0,"","",
2023-11-22 07:51:01,"Back & Biceps",1h 1m,"Deadlift (Barbell)",2,50.0,4,0,0,,,
2023-11-22 07:51:01,"Back & Biceps",1h 1m,"Deadlift (Barbell)",3,60.0,4,0,0,,,
2023-11-22 07:51:01,"Back & Biceps",1h 1m,"Deadlift (Barbell)",4,75.0,4,0,0,,,
2023-11-22 07:51:01,"Back & Biceps",1h 1m,"Deadlift (Barbell)",5,75.0,4,0,0,,,
2023-11-22 07:51:01,"Back & Biceps",1h 1m,"Deadlift (Barbell)",6,75.0,3,0,0,,,
2023-11-22 07:51:01,"Back & Biceps",1h 1m,"Bicep Curl (Dumbbell)",1,9.0,15,0,0,"",,
2023-11-22 07:51:01,"Back & Biceps",1h 1m,"Bicep Curl (Dumbbell)",2,9.0,10,0,0,,,
2023-11-22 07:51:01,"Back & Biceps",1h 1m,"Lat Pulldown (Cable)",1,40.0,8,0,0,"",,
2023-11-22 07:51:01,"Back & Biceps",1h 1m,"Lat Pulldown (Cable)",2,45.0,8,0,0,,,
2023-11-22 07:51:01,"Back & Biceps",1h 1m,"Lat Pulldown (Cable)",3,45.0,9,0,0,,,
2023-11-22 07:51:01,"Back & Biceps",1h 1m,"Bent Over One Arm Row (Dumbbell)",1,18.0,8,0,0,"",,
2023-11-22 07:51:01,"Back & Biceps",1h 1m,"Bent Over One Arm Row (Dumbbell)",2,18.0,8,0,0,,,
2023-11-22 07:51:01,"Back & Biceps",1h 1m,"Bent Over One Arm Row (Dumbbell)",3,18.0,8,0,0,,,
2023-11-24 07:56:59,"Shoulders + Glutes ",48m,"Lateral Raise (Cable)",1,3.75,12,0,0,"","",
2023-11-24 07:56:59,"Shoulders + Glutes ",48m,"Lateral Raise (Cable)",2,5.0,5,0,0,,,
2023-11-24 07:56:59,"Shoulders + Glutes ",48m,"Lateral Raise (Cable)",3,4.0,12,0,0,,,
2023-11-24 07:56:59,"Shoulders + Glutes ",48m,"Face Pull (Cable)",1,20.0,10,0,0,"",,
2023-11-24 07:56:59,"Shoulders + Glutes ",48m,"Face Pull (Cable)",2,22.5,9,0,0,,,
2023-11-24 07:56:59,"Shoulders + Glutes ",48m,"Face Pull (Cable)",3,22.5,8,0,0,,,
2023-11-24 07:56:59,"Shoulders + Glutes ",48m,"Strict Military Press (Barbell)",1,20.0,3,0,0,"",,
2023-11-24 07:56:59,"Shoulders + Glutes ",48m,"Strict Military Press (Barbell)",2,25.0,3,0,0,,,
2023-11-24 07:56:59,"Shoulders + Glutes ",48m,"Strict Military Press (Barbell)",3,30.0,4,0,0,,,
2023-11-24 07:56:59,"Shoulders + Glutes ",48m,"Strict Military Press (Barbell)",4,30.0,4,0,0,,,
2023-11-24 07:56:59,"Shoulders + Glutes ",48m,"Strict Military Press (Barbell)",5,30.0,5,0,0,,,
2023-11-24 07:56:59,"Shoulders + Glutes ",48m,"Strict Military Press (Barbell)",6,25.0,11,0,0,,,
2023-11-24 07:56:59,"Shoulders + Glutes ",48m,"Strict Military Press (Barbell)",7,25.0,6,0,0,,,
2023-11-24 07:56:59,"Shoulders + Glutes ",48m,"Lateral Raise (Cable)",1,3.75,12,0,0,"","",
2023-11-24 07:56:59,"Shoulders + Glutes ",48m,"Lateral Raise (Cable)",2,5.0,5,0,0,,,
2023-11-24 07:56:59,"Shoulders + Glutes ",48m,"Lateral Raise (Cable)",3,4.0,12,0,0,,,
2023-11-24 07:56:59,"Shoulders + Glutes ",48m,"Face Pull (Cable)",1,20.0,10,0,0,"",,
2023-11-24 07:56:59,"Shoulders + Glutes ",48m,"Face Pull (Cable)",2,22.5,9,0,0,,,
2023-11-24 07:56:59,"Shoulders + Glutes ",48m,"Face Pull (Cable)",3,22.5,8,0,0,,,
2023-11-24 07:56:59,"Shoulders + Glutes ",48m,"Strict Military Press (Barbell)",1,20.0,3,0,0,"",,
2023-11-24 07:56:59,"Shoulders + Glutes ",48m,"Strict Military Press (Barbell)",2,25.0,3,0,0,,,
2023-11-24 07:56:59,"Shoulders + Glutes ",48m,"Strict Military Press (Barbell)",3,30.0,4,0,0,,,
2023-11-24 07:56:59,"Shoulders + Glutes ",48m,"Strict Military Press (Barbell)",4,30.0,4,0,0,,,
2023-11-24 07:56:59,"Shoulders + Glutes ",48m,"Strict Military Press (Barbell)",5,30.0,5,0,0,,,
2023-11-24 07:56:59,"Shoulders + Glutes ",48m,"Strict Military Press (Barbell)",6,25.0,11,0,0,,,
2023-11-24 07:56:59,"Shoulders + Glutes ",48m,"Strict Military Press (Barbell)",7,25.0,6,0,0,,,
2023-11-30 08:42:19,"Legs",48m,"Squat (Barbell)",1,20.0,5,0,0,"","",
2023-11-30 08:42:19,"Legs",48m,"Squat (Barbell)",2,40.0,4,0,0,,,
2023-11-30 08:42:19,"Legs",48m,"Squat (Barbell)",3,50.0,5,0,0,,,
2023-11-30 08:42:19,"Legs",48m,"Squat (Barbell)",4,60.0,6,0,0,,,
2023-11-30 08:42:19,"Legs",48m,"Squat (Barbell)",5,60.0,4,0,0,,,
2023-11-30 08:42:19,"Legs",48m,"Squat (Barbell)",6,60.0,4,0,0,,,
2023-11-30 08:42:19,"Legs",48m,"Leg Press",1,70.0,15,0,0,"Uni lateral\n",,
2023-11-30 08:42:19,"Legs",48m,"Leg Press",2,75.0,17,0,0,,,
2023-11-30 08:42:19,"Legs",48m,"Leg Press",3,75.0,17,0,0,,,
2023-11-30 08:42:19,"Legs",48m,"Bulgarian Split Squat",1,32.0,10,0,0,"",,
2023-11-30 08:42:19,"Legs",48m,"Bulgarian Split Squat",2,32.0,9,0,0,,,
2023-12-04 08:45:15,"Legs",53m,"Squat (Barbell)",1,20.0,5,0,0,"","",
2023-12-04 08:45:15,"Legs",53m,"Squat (Barbell)",2,40.0,4,0,0,,,
2023-12-04 08:45:15,"Legs",53m,"Squat (Barbell)",3,50.0,5,0,0,,,
2023-12-04 08:45:15,"Legs",53m,"Squat (Barbell)",4,70.0,4,0,0,,,
2023-12-04 08:45:15,"Legs",53m,"Squat (Barbell)",5,70.0,4,0,0,,,
2023-12-04 08:45:15,"Legs",53m,"Squat (Barbell)",6,70.0,3,0,0,,,
2023-12-04 08:45:15,"Legs",53m,"Leg Press",1,140.0,10,0,0,"",,
2023-12-04 08:45:15,"Legs",53m,"Leg Press",2,140.0,10,0,0,,,
2023-12-04 08:45:15,"Legs",53m,"Leg Press",3,140.0,10,0,0,,,
2023-12-04 08:45:15,"Legs",53m,"Hip Thrust (Barbell)",1,100.0,9,0,0,"",,
2023-12-04 08:45:15,"Legs",53m,"Hip Thrust (Barbell)",2,100.0,8,0,0,,,
2023-12-04 08:45:15,"Legs",53m,"Hip Thrust (Barbell)",3,100.0,8,0,0,,,
2023-12-04 08:45:15,"Legs",53m,"Bulgarian Split Squat",1,36.0,9,0,0,"",,
2023-12-04 08:45:15,"Legs",53m,"Bulgarian Split Squat",2,36.0,9,0,0,,,
2023-12-04 08:45:15,"Legs",53m,"Bulgarian Split Squat",3,36.0,7,0,0,,,
2023-12-05 08:30:23,"Chest & Triceps ",59m,"Bench Press (Barbell)",1,20.0,5,0,0,"","",
2023-12-05 08:30:23,"Chest & Triceps ",59m,"Bench Press (Barbell)",2,30.0,3,0,0,,,
2023-12-05 08:30:23,"Chest & Triceps ",59m,"Bench Press (Barbell)",3,40.0,3,0,0,,,
2023-12-05 08:30:23,"Chest & Triceps ",59m,"Bench Press (Barbell)",4,45.0,9,0,0,,,
2023-12-05 08:30:23,"Chest & Triceps ",59m,"Bench Press (Barbell)",5,45.0,7,0,0,,,
2023-12-05 08:30:23,"Chest & Triceps ",59m,"Incline Bench Press (Dumbbell)",1,16.0,9,0,0,"",,
2023-12-05 08:30:23,"Chest & Triceps ",59m,"Incline Bench Press (Dumbbell)",2,16.0,9,0,0,,,
2023-12-05 08:30:23,"Chest & Triceps ",59m,"Incline Bench Press (Dumbbell)",3,16.0,6,0,0,,,
2023-12-05 08:30:23,"Chest & Triceps ",59m,"Chest Fly (Dumbbell)",1,14.0,12,0,0,"",,
2023-12-05 08:30:23,"Chest & Triceps ",59m,"Chest Fly (Dumbbell)",2,14.0,12,0,0,,,
2023-12-05 08:30:23,"Chest & Triceps ",59m,"Triceps Extension",1,20.0,7,0,0,"",,
2023-12-05 08:30:23,"Chest & Triceps ",59m,"Triceps Extension",2,20.0,8,0,0,,,
2023-12-05 08:30:23,"Chest & Triceps ",59m,"Triceps Extension Straight (Uni)",1,7.5,6,0,0,"",,
2023-12-05 08:30:23,"Chest & Triceps ",59m,"Triceps Extension Straight (Uni)",2,7.5,6,0,0,,,
2023-12-05 08:30:23,"Chest & Triceps ",59m,"Triceps Extension Straight (Uni)",3,5.0,8,0,0,,,
2023-12-06 08:45:12,"Back & Biceps",1h 4m,"Romanian Deadlift (Barbell)",1,20.0,5,0,0,"","",
2023-12-06 08:45:12,"Back & Biceps",1h 4m,"Romanian Deadlift (Barbell)",2,30.0,5,0,0,,,
2023-12-06 08:45:12,"Back & Biceps",1h 4m,"Romanian Deadlift (Barbell)",3,40.0,5,0,0,,,
2023-12-06 08:45:12,"Back & Biceps",1h 4m,"Romanian Deadlift (Barbell)",4,50.0,13,0,0,,,
2023-12-06 08:45:12,"Back & Biceps",1h 4m,"Romanian Deadlift (Barbell)",5,60.0,8,0,0,,,
2023-12-06 08:45:12,"Back & Biceps",1h 4m,"Romanian Deadlift (Barbell)",6,60.0,8,0,0,,,
2023-12-06 08:45:12,"Back & Biceps",1h 4m,"Lat Pulldown (Cable)",1,40.0,10,0,0,"",,
2023-12-06 08:45:12,"Back & Biceps",1h 4m,"Lat Pulldown (Cable)",2,40.0,10,0,0,,,
2023-12-06 08:45:12,"Back & Biceps",1h 4m,"Lat Pulldown (Cable)",3,45.0,8,0,0,,,
2023-12-06 08:45:12,"Back & Biceps",1h 4m,"Lat Pulldown (Cable)",4,45.0,6,0,0,,,
2023-12-06 08:45:12,"Back & Biceps",1h 4m,"Seated Row (Cable)",1,20.0,5,0,0,"",,
2023-12-06 08:45:12,"Back & Biceps",1h 4m,"Seated Row (Cable)",2,15.0,12,0,0,,,
2023-12-06 08:45:12,"Back & Biceps",1h 4m,"Seated Row (Cable)",3,15.0,15,0,0,,,
2023-12-07 08:28:44,"Shoulders + Glutes ",53m,"Lateral Raise (Cable)",1,3.75,12,0,0,"","",
2023-12-07 08:28:44,"Shoulders + Glutes ",53m,"Lateral Raise (Cable)",2,3.5,15,0,0,,,
2023-12-07 08:28:44,"Shoulders + Glutes ",53m,"Lateral Raise (Cable)",3,4.0,12,0,0,,,
2023-12-07 08:28:44,"Shoulders + Glutes ",53m,"Face Pull (Cable)",1,20.0,11,0,0,"",,
2023-12-07 08:28:44,"Shoulders + Glutes ",53m,"Face Pull (Cable)",2,20.0,13,0,0,,,
2023-12-07 08:28:44,"Shoulders + Glutes ",53m,"Strict Military Press (Barbell)",1,20.0,3,0,0,"",,
2023-12-07 08:28:44,"Shoulders + Glutes ",53m,"Strict Military Press (Barbell)",2,25.0,3,0,0,,,
2023-12-07 08:28:44,"Shoulders + Glutes ",53m,"Strict Military Press (Barbell)",3,30.0,6,0,0,,,
2023-12-07 08:28:44,"Shoulders + Glutes ",53m,"Strict Military Press (Barbell)",4,30.0,6,0,0,,,
2023-12-07 08:28:44,"Shoulders + Glutes ",53m,"Strict Military Press (Barbell)",5,25.0,10,0,0,,,
2023-12-07 08:28:44,"Shoulders + Glutes ",53m,"Strict Military Press (Barbell)",6,25.0,10,0,0,,,
2023-12-11 07:59:07,"Legs",1h 13m,"Squat (Barbell)",1,20.0,5,0,0,"","",
2023-12-11 07:59:07,"Legs",1h 13m,"Squat (Barbell)",2,40.0,4,0,0,,,
2023-12-11 07:59:07,"Legs",1h 13m,"Squat (Barbell)",3,50.0,5,0,0,,,
2023-12-11 07:59:07,"Legs",1h 13m,"Squat (Barbell)",4,70.0,4,0,0,,,
2023-12-11 07:59:07,"Legs",1h 13m,"Squat (Barbell)",5,70.0,4,0,0,,,
2023-12-11 07:59:07,"Legs",1h 13m,"Squat (Barbell)",6,70.0,4,0,0,,,
2023-12-11 07:59:07,"Legs",1h 13m,"Squat (Barbell)",7,70.0,4,0,0,,,
2023-12-11 07:59:07,"Legs",1h 13m,"Leg Press",1,140.0,11,0,0,"",,
2023-12-11 07:59:07,"Legs",1h 13m,"Leg Press",2,140.0,10,0,0,,,
2023-12-11 07:59:07,"Legs",1h 13m,"Leg Press",3,140.0,11,0,0,,,
2023-12-11 07:59:07,"Legs",1h 13m,"Bulgarian Split Squat",1,40.0,6,0,0,"",,
2023-12-11 07:59:07,"Legs",1h 13m,"Bulgarian Split Squat",2,40.0,6,0,0,,,
2023-12-11 07:59:07,"Legs",1h 13m,"Bulgarian Split Squat",3,40.0,7,0,0,,,
2023-12-11 07:59:07,"Legs",1h 13m,"Bulgarian Split Squat",4,40.0,7,0,0,,,
2023-12-11 07:59:07,"Legs",1h 13m,"Hip Thrust (Barbell)",1,100.0,10,0,0,"",,
2023-12-11 07:59:07,"Legs",1h 13m,"Hip Thrust (Barbell)",2,100.0,9,0,0,,,
2023-12-11 07:59:07,"Legs",1h 13m,"Hip Thrust (Barbell)",3,100.0,7,0,0,,,
2023-12-13 08:02:52,"Back & Biceps",1h 13m,"Romanian Deadlift (Barbell)",1,20.0,5,0,0,"","",
2023-12-13 08:02:52,"Back & Biceps",1h 13m,"Romanian Deadlift (Barbell)",2,30.0,5,0,0,,,
2023-12-13 08:02:52,"Back & Biceps",1h 13m,"Romanian Deadlift (Barbell)",3,40.0,5,0,0,,,
2023-12-13 08:02:52,"Back & Biceps",1h 13m,"Romanian Deadlift (Barbell)",4,50.0,5,0,0,,,
2023-12-13 08:02:52,"Back & Biceps",1h 13m,"Romanian Deadlift (Barbell)",5,60.0,12,0,0,,,
2023-12-13 08:02:52,"Back & Biceps",1h 13m,"Romanian Deadlift (Barbell)",6,60.0,13,0,0,,,
2023-12-13 08:02:52,"Back & Biceps",1h 13m,"Romanian Deadlift (Barbell)",7,65.0,8,0,0,,,
2023-12-13 08:02:52,"Back & Biceps",1h 13m,"Romanian Deadlift (Barbell)",8,65.0,9,0,0,,,
2023-12-13 08:02:52,"Back & Biceps",1h 13m,"Lat Pulldown (Cable)",1,45.0,9,0,0,"",,
2023-12-13 08:02:52,"Back & Biceps",1h 13m,"Lat Pulldown (Cable)",2,45.0,9,0,0,,,
2023-12-13 08:02:52,"Back & Biceps",1h 13m,"Lat Pulldown (Cable)",3,50.0,5,0,0,,,
2023-12-13 08:02:52,"Back & Biceps",1h 13m,"Bent Over One Arm Row (Dumbbell)",1,18.0,13,0,0,"",,
2023-12-13 08:02:52,"Back & Biceps",1h 13m,"Bent Over One Arm Row (Dumbbell)",2,20.0,6,0,0,,,
2023-12-13 08:02:52,"Back & Biceps",1h 13m,"Bent Over One Arm Row (Dumbbell)",3,20.0,6,0,0,,,
2023-12-14 08:15:28,"Chest & Triceps ",56m,"Bench Press (Barbell)",1,20.0,5,0,0,"","",
2023-12-14 08:15:28,"Chest & Triceps ",56m,"Bench Press (Barbell)",2,30.0,4,0,0,,,
2023-12-14 08:15:28,"Chest & Triceps ",56m,"Bench Press (Barbell)",3,40.0,3,0,0,,,
2023-12-14 08:15:28,"Chest & Triceps ",56m,"Bench Press (Barbell)",4,45.0,11,0,0,,,
2023-12-14 08:15:28,"Chest & Triceps ",56m,"Bench Press (Barbell)",5,50.0,5,0,0,,,
2023-12-14 08:15:28,"Chest & Triceps ",56m,"Bench Press (Barbell)",6,50.0,3,0,0,,,
2023-12-14 08:15:28,"Chest & Triceps ",56m,"Incline Bench Press (Dumbbell)",1,16.0,10,0,0,"",,
2023-12-14 08:15:28,"Chest & Triceps ",56m,"Incline Bench Press (Dumbbell)",2,16.0,9,0,0,,,
2023-12-14 08:15:28,"Chest & Triceps ",56m,"Incline Bench Press (Dumbbell)",3,16.0,8,0,0,,,
2023-12-14 08:15:28,"Chest & Triceps ",56m,"Chest Fly (Dumbbell)",1,16.0,5,0,0,"",,
2023-12-14 08:15:28,"Chest & Triceps ",56m,"Chest Fly (Dumbbell)",2,16.0,4,0,0,,,
2023-12-14 08:15:28,"Chest & Triceps ",56m,"Chest Fly (Dumbbell)",3,16.0,4,0,0,,,
2023-12-14 08:15:28,"Chest & Triceps ",56m,"Triceps Extension Straight (Uni)",1,7.5,6,0,0,"",,
2023-12-14 08:15:28,"Chest & Triceps ",56m,"Triceps Extension Straight (Uni)",2,7.5,6,0,0,,,
2023-12-14 08:15:28,"Chest & Triceps ",56m,"Triceps Dip",1,0.0,4,0,0,"",,
2023-12-14 08:15:28,"Chest & Triceps ",56m,"Triceps Dip",2,0.0,3,0,0,,,
2023-12-14 08:15:28,"Chest & Triceps ",56m,"Triceps Dip",3,0.0,4,0,0,,,
2023-12-15 08:09:30,"Shoulders + Glutes ",48m,"Lateral Raise (Cable)",1,3.75,16,0,0,"","",
2023-12-15 08:09:30,"Shoulders + Glutes ",48m,"Lateral Raise (Cable)",2,3.5,16,0,0,,,
2023-12-15 08:09:30,"Shoulders + Glutes ",48m,"Lateral Raise (Cable)",3,4.0,17,0,0,,,
2023-12-15 08:09:30,"Shoulders + Glutes ",48m,"Face Pull (Cable)",1,22.0,12,0,0,"",,
2023-12-15 08:09:30,"Shoulders + Glutes ",48m,"Face Pull (Cable)",2,22.0,8,0,0,,,
2023-12-15 08:09:30,"Shoulders + Glutes ",48m,"Strict Military Press (Barbell)",1,20.0,3,0,0,"",,
2023-12-15 08:09:30,"Shoulders + Glutes ",48m,"Strict Military Press (Barbell)",2,25.0,3,0,0,,,
2023-12-15 08:09:30,"Shoulders + Glutes ",48m,"Strict Military Press (Barbell)",3,25.0,3,0,0,,,
2023-12-15 08:09:30,"Shoulders + Glutes ",48m,"Strict Military Press (Barbell)",4,30.0,5,0,0,,,
2023-12-15 08:09:30,"Shoulders + Glutes ",48m,"Strict Military Press (Barbell)",5,30.0,4,0,0,,,
2023-12-15 08:09:30,"Shoulders + Glutes ",48m,"Strict Military Press (Barbell)",6,25.0,13,0,0,,,
2023-12-15 08:09:30,"Shoulders + Glutes ",48m,"Strict Military Press (Barbell)",7,20.0,11,0,0,,,
2023-12-19 20:23:48,"Legs",1h 8m,"Squat (Barbell)",1,20.0,5,0,0,"","",
2023-12-19 20:23:48,"Legs",1h 8m,"Squat (Barbell)",2,40.0,4,0,0,,,
2023-12-19 20:23:48,"Legs",1h 8m,"Squat (Barbell)",3,50.0,5,0,0,,,
2023-12-19 20:23:48,"Legs",1h 8m,"Squat (Barbell)",4,60.0,6,0,0,,,
2023-12-19 20:23:48,"Legs",1h 8m,"Squat (Barbell)",5,60.0,7,0,0,,,
2023-12-19 20:23:48,"Legs",1h 8m,"Squat (Barbell)",6,60.0,7,0,0,,,
2023-12-19 20:23:48,"Legs",1h 8m,"Leg Press",1,120.0,8,0,0,"",,
2023-12-19 20:23:48,"Legs",1h 8m,"Leg Press",2,120.0,10,0,0,,,
2023-12-19 20:23:48,"Legs",1h 8m,"Leg Press",3,120.0,15,0,0,,,
2023-12-19 20:23:48,"Legs",1h 8m,"Bulgarian Split Squat",1,36.0,10,0,0,"",,
2023-12-19 20:23:48,"Legs",1h 8m,"Bulgarian Split Squat",2,36.0,10,0,0,,,
2023-12-19 20:23:48,"Legs",1h 8m,"Bulgarian Split Squat",3,36.0,8,0,0,,,
2023-12-19 20:23:48,"Legs",1h 8m,"Hip Thrust (Barbell)",1,100.0,10,0,0,"",,
2023-12-19 20:23:48,"Legs",1h 8m,"Hip Thrust (Barbell)",2,100.0,9,0,0,,,
2023-12-19 20:23:48,"Legs",1h 8m,"Hip Thrust (Barbell)",3,100.0,7,0,0,,,
2023-12-20 11:17:16,"Chest & Triceps ",46m,"Bench Press (Barbell)",1,20.0,5,0,0,"","",
2023-12-20 11:17:16,"Chest & Triceps ",46m,"Bench Press (Barbell)",2,30.0,4,0,0,,,
2023-12-20 11:17:16,"Chest & Triceps ",46m,"Bench Press (Barbell)",3,40.0,3,0,0,,,
2023-12-20 11:17:16,"Chest & Triceps ",46m,"Bench Press (Barbell)",4,45.0,7,0,0,,,
2023-12-20 11:17:16,"Chest & Triceps ",46m,"Bench Press (Barbell)",5,45.0,7,0,0,,,
2023-12-20 11:17:16,"Chest & Triceps ",46m,"Bench Press (Barbell)",6,45.0,6,0,0,,,
2023-12-20 11:17:16,"Chest & Triceps ",46m,"Incline Bench Press (Dumbbell)",1,16.0,9,0,0,"",,
2023-12-20 11:17:16,"Chest & Triceps ",46m,"Incline Bench Press (Dumbbell)",2,16.0,9,0,0,,,
2023-12-20 11:17:16,"Chest & Triceps ",46m,"Incline Bench Press (Dumbbell)",3,14.0,7,0,0,,,
2023-12-20 11:17:16,"Chest & Triceps ",46m,"Triceps Extension",1,20.0,7,0,0,"",,
2023-12-20 11:17:16,"Chest & Triceps ",46m,"Triceps Extension",2,20.0,8,0,0,,,
2023-12-20 11:17:16,"Chest & Triceps ",46m,"Triceps Extension Straight (Uni)",1,5.0,20,0,0,"",,
2023-12-20 11:17:16,"Chest & Triceps ",46m,"Triceps Extension Straight (Uni)",2,10.0,10,0,0,,,
2023-12-28 22:09:47,"Back & Biceps",49m,"Romanian Deadlift (Barbell)",1,20.0,5,0,0,"","",
2023-12-28 22:09:47,"Back & Biceps",49m,"Romanian Deadlift (Barbell)",2,30.0,5,0,0,,,
2023-12-28 22:09:47,"Back & Biceps",49m,"Romanian Deadlift (Barbell)",3,40.0,5,0,0,,,
2023-12-28 22:09:47,"Back & Biceps",49m,"Romanian Deadlift (Barbell)",4,60.0,13,0,0,,,
2023-12-28 22:09:47,"Back & Biceps",49m,"Romanian Deadlift (Barbell)",5,70.0,13,0,0,,,
2023-12-28 22:09:47,"Back & Biceps",49m,"Romanian Deadlift (Barbell)",6,70.0,9,0,0,,,
2023-12-28 22:09:47,"Back & Biceps",49m,"Romanian Deadlift (Barbell)",7,65.0,9,0,0,,,
2023-12-28 22:09:47,"Back & Biceps",49m,"Pull Up (Assisted)",1,14.0,10,0,0,"",,
2023-12-28 22:09:47,"Back & Biceps",49m,"Pull Up (Assisted)",2,14.0,13,0,0,,,
2023-12-28 22:09:47,"Back & Biceps",49m,"Pull Up (Assisted)",3,14.0,8,0,0,,,
2023-12-28 22:09:47,"Back & Biceps",49m,"Bent Over One Arm Row (Dumbbell)",1,20.0,9,0,0,"",,
2023-12-28 22:09:47,"Back & Biceps",49m,"Bent Over One Arm Row (Dumbbell)",2,20.0,9,0,0,,,
2023-12-28 22:09:47,"Back & Biceps",49m,"Bent Over One Arm Row (Dumbbell)",3,20.0,8,0,0,,,
2023-12-28 22:09:47,"Back & Biceps",49m,"Bicep Curl (Dumbbell)",1,8.0,12,0,0,"",,
2023-12-28 22:09:47,"Back & Biceps",49m,"Bicep Curl (Dumbbell)",2,8.0,13,0,0,,,
2023-12-29 20:56:48,"Shoulders + Glutes ",50m,"Lateral Raise (Cable)",1,4.0,16,0,0,"","",
2023-12-29 20:56:48,"Shoulders + Glutes ",50m,"Lateral Raise (Cable)",2,3.5,16,0,0,,,
2023-12-29 20:56:48,"Shoulders + Glutes ",50m,"Lateral Raise (Cable)",3,4.0,17,0,0,,,
2023-12-29 20:56:48,"Shoulders + Glutes ",50m,"Face Pull (Cable)",1,22.0,12,0,0,"",,
2023-12-29 20:56:48,"Shoulders + Glutes ",50m,"Face Pull (Cable)",2,22.0,9,0,0,,,
2023-12-29 20:56:48,"Shoulders + Glutes ",50m,"Face Pull (Cable)",3,22.0,8,0,0,,,
2023-12-29 20:56:48,"Shoulders + Glutes ",50m,"Strict Military Press (Barbell)",1,20.0,3,0,0,"",,
2023-12-29 20:56:48,"Shoulders + Glutes ",50m,"Strict Military Press (Barbell)",2,25.0,3,0,0,,,
2023-12-29 20:56:48,"Shoulders + Glutes ",50m,"Strict Military Press (Barbell)",3,25.0,3,0,0,,,
2023-12-29 20:56:48,"Shoulders + Glutes ",50m,"Strict Military Press (Barbell)",4,30.0,8,0,0,,,
2023-12-29 20:56:48,"Shoulders + Glutes ",50m,"Strict Military Press (Barbell)",5,30.0,7,0,0,,,
2023-12-29 20:56:48,"Shoulders + Glutes ",50m,"Strict Military Press (Barbell)",6,25.0,13,0,0,,,
2023-12-29 20:56:48,"Shoulders + Glutes ",50m,"Lateral Raise (Cable)",1,4.0,16,0,0,"","",
2023-12-29 20:56:48,"Shoulders + Glutes ",50m,"Lateral Raise (Cable)",2,3.5,16,0,0,,,
2023-12-29 20:56:48,"Shoulders + Glutes ",50m,"Lateral Raise (Cable)",3,4.0,17,0,0,,,
2023-12-29 20:56:48,"Shoulders + Glutes ",50m,"Face Pull (Cable)",1,22.0,12,0,0,"",,
2023-12-29 20:56:48,"Shoulders + Glutes ",50m,"Face Pull (Cable)",2,22.0,9,0,0,,,
2023-12-29 20:56:48,"Shoulders + Glutes ",50m,"Face Pull (Cable)",3,22.0,8,0,0,,,
2023-12-29 20:56:48,"Shoulders + Glutes ",50m,"Strict Military Press (Barbell)",1,20.0,3,0,0,"",,
2023-12-29 20:56:48,"Shoulders + Glutes ",50m,"Strict Military Press (Barbell)",2,25.0,3,0,0,,,
2023-12-29 20:56:48,"Shoulders + Glutes ",50m,"Strict Military Press (Barbell)",3,25.0,3,0,0,,,
2023-12-29 20:56:48,"Shoulders + Glutes ",50m,"Strict Military Press (Barbell)",4,30.0,8,0,0,,,
2023-12-29 20:56:48,"Shoulders + Glutes ",50m,"Strict Military Press (Barbell)",5,30.0,7,0,0,,,
2023-12-29 20:56:48,"Shoulders + Glutes ",50m,"Strict Military Press (Barbell)",6,25.0,13,0,0,,,
2024-01-02 21:48:16,"Legs",1h 18m,"Squat (Barbell)",1,20.0,5,0,0,"","",
2024-01-02 21:48:16,"Legs",1h 18m,"Squat (Barbell)",2,40.0,4,0,0,,,
2024-01-02 21:48:16,"Legs",1h 18m,"Squat (Barbell)",3,50.0,5,0,0,,,
2024-01-02 21:48:16,"Legs",1h 18m,"Squat (Barbell)",4,60.0,6,0,0,,,
2024-01-02 21:48:16,"Legs",1h 18m,"Squat (Barbell)",5,70.0,4,0,0,,,
2024-01-02 21:48:16,"Legs",1h 18m,"Squat (Barbell)",6,70.0,4,0,0,,,
2024-01-02 21:48:16,"Legs",1h 18m,"Squat (Barbell)",7,70.0,4,0,0,,,
2024-01-02 21:48:16,"Legs",1h 18m,"Leg Press",1,130.0,10,0,0,"",,
2024-01-02 21:48:16,"Legs",1h 18m,"Leg Press",2,130.0,10,0,0,,,
2024-01-02 21:48:16,"Legs",1h 18m,"Leg Press",3,130.0,8,0,0,,,
2024-01-02 21:48:16,"Legs",1h 18m,"Bulgarian Split Squat",1,40.0,5,0,0,"",,
2024-01-02 21:48:16,"Legs",1h 18m,"Bulgarian Split Squat",2,40.0,6,0,0,,,
2024-01-02 21:48:16,"Legs",1h 18m,"Bulgarian Split Squat",3,40.0,6,0,0,,,
2024-01-02 21:48:16,"Legs",1h 18m,"Hip Thrust (Barbell)",1,80.0,12,0,0,"",,
2024-01-02 21:48:16,"Legs",1h 18m,"Hip Thrust (Barbell)",2,100.0,9,0,0,,,
2024-01-02 21:48:16,"Legs",1h 18m,"Hip Thrust (Barbell)",3,100.0,7,0,0,,,
2024-01-03 22:13:10,"Chest & Triceps ",1h 14m,"Bench Press (Barbell)",1,40.0,10,0,0,"","",
2024-01-03 22:13:10,"Chest & Triceps ",1h 14m,"Bench Press (Barbell)",2,40.0,15,0,0,,,
2024-01-03 22:13:10,"Chest & Triceps ",1h 14m,"Bench Press (Barbell)",3,45.0,6,0,0,,,
2024-01-03 22:13:10,"Chest & Triceps ",1h 14m,"Incline Bench Press (Dumbbell)",1,14.0,9,0,0,"",,
2024-01-03 22:13:10,"Chest & Triceps ",1h 14m,"Incline Bench Press (Dumbbell)",2,14.0,15,0,0,,,
2024-01-03 22:13:10,"Chest & Triceps ",1h 14m,"Incline Bench Press (Dumbbell)",3,14.0,6,0,0,,,
2024-01-03 22:13:10,"Chest & Triceps ",1h 14m,"Chest Fly (Dumbbell)",1,12.0,15,0,0,"",,
2024-01-03 22:13:10,"Chest & Triceps ",1h 14m,"Chest Fly (Dumbbell)",2,12.0,15,0,0,,,
2024-01-03 22:13:10,"Chest & Triceps ",1h 14m,"Chest Fly (Dumbbell)",3,12.0,15,0,0,,,
2024-01-03 22:13:10,"Chest & Triceps ",1h 14m,"Chest Fly (Dumbbell)",4,12.0,12,0,0,,,
2024-01-03 22:13:10,"Chest & Triceps ",1h 14m,"Triceps Extension",1,20.0,7,0,0,"",,
2024-01-03 22:13:10,"Chest & Triceps ",1h 14m,"Triceps Extension",2,20.0,8,0,0,,,
2024-01-03 22:13:10,"Chest & Triceps ",1h 14m,"Triceps Extension",3,17.5,11,0,0,,,
2024-01-03 22:13:10,"Chest & Triceps ",1h 14m,"Triceps Extension Straight (Uni)",1,5.0,20,0,0,"",,
2024-01-03 22:13:10,"Chest & Triceps ",1h 14m,"Triceps Extension Straight (Uni)",2,10.0,6,0,0,,,
2024-01-03 22:13:10,"Chest & Triceps ",1h 14m,"Triceps Extension Straight (Uni)",3,10.0,8,0,0,,,
2024-01-04 13:31:16,"Back & Biceps",1h 1m,"Romanian Deadlift (Barbell)",1,20.0,5,0,0,"","",
2024-01-04 13:31:16,"Back & Biceps",1h 1m,"Romanian Deadlift (Barbell)",2,30.0,5,0,0,,,
2024-01-04 13:31:16,"Back & Biceps",1h 1m,"Romanian Deadlift (Barbell)",3,40.0,5,0,0,,,
2024-01-04 13:31:16,"Back & Biceps",1h 1m,"Romanian Deadlift (Barbell)",4,50.0,5,0,0,,,
2024-01-04 13:31:16,"Back & Biceps",1h 1m,"Romanian Deadlift (Barbell)",5,70.0,6,0,0,,,
2024-01-04 13:31:16,"Back & Biceps",1h 1m,"Romanian Deadlift (Barbell)",6,70.0,10,0,0,,,
2024-01-04 13:31:16,"Back & Biceps",1h 1m,"Romanian Deadlift (Barbell)",7,70.0,13,0,0,,,
2024-01-04 13:31:16,"Back & Biceps",1h 1m,"Romanian Deadlift (Barbell)",8,70.0,10,0,0,,,
2024-01-04 13:31:16,"Back & Biceps",1h 1m,"Lat Pulldown (Cable)",1,40.5,12,0,0,"",,
2024-01-04 13:31:16,"Back & Biceps",1h 1m,"Lat Pulldown (Cable)",2,40.0,15,0,0,,,
2024-01-04 13:31:16,"Back & Biceps",1h 1m,"Lat Pulldown (Cable)",3,45.0,8,0,0,,,
2024-01-04 13:31:16,"Back & Biceps",1h 1m,"Bent Over One Arm Row (Dumbbell)",1,20.0,11,0,0,"",,
2024-01-04 13:31:16,"Back & Biceps",1h 1m,"Bent Over One Arm Row (Dumbbell)",2,20.0,9,0,0,,,
2024-01-04 13:31:16,"Back & Biceps",1h 1m,"Bent Over One Arm Row (Dumbbell)",3,20.0,8,0,0,,,
2024-01-04 13:31:16,"Back & Biceps",1h 1m,"Bicep Curl (Dumbbell)",1,10.0,10,0,0,"",,
2024-01-04 13:31:16,"Back & Biceps",1h 1m,"Bicep Curl (Dumbbell)",2,10.0,10,0,0,,,
2024-01-04 13:31:16,"Back & Biceps",1h 1m,"Bicep Curl (Dumbbell)",3,10.0,8,0,0,,,
2024-01-05 20:41:32,"Shoulders + Glutes ",46m,"Lateral Raise (Cable)",1,5.0,12,0,0,"","",
2024-01-05 20:41:32,"Shoulders + Glutes ",46m,"Lateral Raise (Cable)",2,3.5,16,0,0,,,
2024-01-05 20:41:32,"Shoulders + Glutes ",46m,"Lateral Raise (Cable)",3,4.0,17,0,0,,,
2024-01-05 20:41:32,"Shoulders + Glutes ",46m,"Face Pull (Cable)",1,22.0,12,0,0,"",,
2024-01-05 20:41:32,"Shoulders + Glutes ",46m,"Face Pull (Cable)",2,22.0,10,0,0,,,
2024-01-05 20:41:32,"Shoulders + Glutes ",46m,"Face Pull (Cable)",3,22.0,10,0,0,,,
2024-01-05 20:41:32,"Shoulders + Glutes ",46m,"Strict Military Press (Barbell)",1,20.0,3,0,0,"",,
2024-01-05 20:41:32,"Shoulders + Glutes ",46m,"Strict Military Press (Barbell)",2,25.0,3,0,0,,,
2024-01-05 20:41:32,"Shoulders + Glutes ",46m,"Strict Military Press (Barbell)",3,25.0,3,0,0,,,
2024-01-05 20:41:32,"Shoulders + Glutes ",46m,"Strict Military Press (Barbell)",4,40.0,6,0,0,,,
2024-01-05 20:41:32,"Shoulders + Glutes ",46m,"Strict Military Press (Barbell)",5,40.0,3,0,0,,,
2024-01-05 20:41:32,"Shoulders + Glutes ",46m,"Strict Military Press (Barbell)",6,35.0,10,0,0,,,
2024-01-05 20:41:32,"Shoulders + Glutes ",46m,"Strict Military Press (Barbell)",7,35.0,8,0,0,,,
2024-01-05 20:41:32,"Shoulders + Glutes ",46m,"Strict Military Press (Barbell)",8,35.0,10,0,0,,,
2024-01-08 22:21:08,"Legs",5m,"Squat (Barbell)",1,20.0,5,0,0,"","",
2024-01-08 22:21:08,"Legs",5m,"Squat (Barbell)",2,40.0,4,0,0,,,
2024-01-08 22:21:08,"Legs",5m,"Squat (Barbell)",3,60.0,3,0,0,,,
2024-01-08 22:26:49,"Legs",59m,"Squat (Barbell)",1,20.0,5,0,0,"","",
2024-01-08 22:26:49,"Legs",59m,"Squat (Barbell)",2,40.0,4,0,0,,,
2024-01-08 22:26:49,"Legs",59m,"Squat (Barbell)",3,50.0,5,0,0,,,
2024-01-08 22:26:49,"Legs",59m,"Squat (Barbell)",4,70.0,4,0,0,,,
2024-01-08 22:26:49,"Legs",59m,"Squat (Barbell)",5,70.0,4,0,0,,,
2024-01-08 22:26:49,"Legs",59m,"Squat (Barbell)",6,70.0,4,0,0,,,
2024-01-08 22:26:49,"Legs",59m,"Squat (Barbell)",7,70.0,4,0,0,,,
2024-01-08 22:26:49,"Legs",59m,"Leg Press",1,140.0,8,0,0,"",,
2024-01-08 22:26:49,"Legs",59m,"Leg Press",2,140.0,8,0,0,,,
2024-01-08 22:26:49,"Legs",59m,"Leg Press",3,140.0,8,0,0,,,
2024-01-08 22:26:49,"Legs",59m,"Leg Press",4,140.0,8,0,0,,,
2024-01-08 22:26:49,"Legs",59m,"Bulgarian Split Squat",1,36.0,8,0,0,"",,
2024-01-08 22:26:49,"Legs",59m,"Bulgarian Split Squat",2,36.0,10,0,0,,,
2024-01-08 22:26:49,"Legs",59m,"Bulgarian Split Squat",3,35.0,10,0,0,,,
2024-01-08 22:26:49,"Legs",59m,"Hip Abductor (Machine)",1,55.0,16,0,0,"",,
2024-01-08 22:26:49,"Legs",59m,"Hip Abductor (Machine)",2,55.0,10,0,0,,,
2024-01-09 22:01:18,"Chest & Triceps ",52m,"Bench Press (Barbell)",1,20.0,5,0,0,"","",
2024-01-09 22:01:18,"Chest & Triceps ",52m,"Bench Press (Barbell)",2,30.0,5,0,0,,,
2024-01-09 22:01:18,"Chest & Triceps ",52m,"Bench Press (Barbell)",3,35.0,5,0,0,,,
2024-01-09 22:01:18,"Chest & Triceps ",52m,"Bench Press (Barbell)",4,40.0,5,0,0,,,
2024-01-09 22:01:18,"Chest & Triceps ",52m,"Bench Press (Barbell)",5,45.0,18,0,0,,,
2024-01-09 22:01:18,"Chest & Triceps ",52m,"Bench Press (Barbell)",6,45.0,8,0,0,,,
2024-01-09 22:01:18,"Chest & Triceps ",52m,"Bench Press (Barbell)",7,45.0,8,0,0,,,
2024-01-09 22:01:18,"Chest & Triceps ",52m,"Incline Bench Press (Dumbbell)",1,16.0,4,0,0,"",,
2024-01-09 22:01:18,"Chest & Triceps ",52m,"Incline Bench Press (Dumbbell)",2,14.0,6,0,0,,,
2024-01-09 22:01:18,"Chest & Triceps ",52m,"Incline Bench Press (Dumbbell)",3,14.0,8,0,0,,,
2024-01-09 22:01:18,"Chest & Triceps ",52m,"Chest Fly (Dumbbell)",1,12.0,13,0,0,"",,
2024-01-09 22:01:18,"Chest & Triceps ",52m,"Chest Fly (Dumbbell)",2,12.0,13,0,0,,,
2024-01-09 22:01:18,"Chest & Triceps ",52m,"Triceps Extension Straight (Uni)",1,7.5,13,0,0,"",,
2024-01-09 22:01:18,"Chest & Triceps ",52m,"Triceps Extension Straight (Uni)",2,10.0,6,0,0,,,
2024-01-09 22:01:18,"Chest & Triceps ",52m,"Triceps Extension Straight (Uni)",3,10.0,6,0,0,,,
2024-01-12 08:31:29,"Back & Biceps",1h 4m,"Romanian Deadlift (Barbell)",1,20.0,5,0,0,"","",
2024-01-12 08:31:29,"Back & Biceps",1h 4m,"Romanian Deadlift (Barbell)",2,30.0,5,0,0,,,
2024-01-12 08:31:29,"Back & Biceps",1h 4m,"Romanian Deadlift (Barbell)",3,40.0,5,0,0,,,
2024-01-12 08:31:29,"Back & Biceps",1h 4m,"Romanian Deadlift (Barbell)",4,50.0,5,0,0,,,
2024-01-12 08:31:29,"Back & Biceps",1h 4m,"Romanian Deadlift (Barbell)",5,60.0,11,0,0,,,
2024-01-12 08:31:29,"Back & Biceps",1h 4m,"Romanian Deadlift (Barbell)",6,70.0,6,0,0,,,
2024-01-12 08:31:29,"Back & Biceps",1h 4m,"Romanian Deadlift (Barbell)",7,70.0,9,0,0,,,
2024-01-12 08:31:29,"Back & Biceps",1h 4m,"Romanian Deadlift (Barbell)",8,70.0,10,0,0,,,
2024-01-12 08:31:29,"Back & Biceps",1h 4m,"Pull Up (Assisted)",1,14.0,10,0,0,"",,
2024-01-12 08:31:29,"Back & Biceps",1h 4m,"Pull Up (Assisted)",2,14.0,12,0,0,,,
2024-01-12 08:31:29,"Back & Biceps",1h 4m,"Pull Up (Assisted)",3,14.0,8,0,0,,,
2024-01-12 08:31:29,"Back & Biceps",1h 4m,"Bent Over One Arm Row (Dumbbell)",1,20.0,12,0,0,"",,
2024-01-12 08:31:29,"Back & Biceps",1h 4m,"Bent Over One Arm Row (Dumbbell)",2,20.0,12,0,0,,,
2024-01-12 08:31:29,"Back & Biceps",1h 4m,"Bent Over One Arm Row (Dumbbell)",3,20.0,10,0,0,,,
2024-01-12 08:31:29,"Back & Biceps",1h 4m,"Bicep Curl (Dumbbell)",1,9.0,9,0,0,"",,
2024-01-12 08:31:29,"Back & Biceps",1h 4m,"Bicep Curl (Dumbbell)",2,10.0,8,0,0,,,
2024-01-12 08:31:29,"Back & Biceps",1h 4m,"Concentration Curl (Dumbbell)",1,6.0,7,0,0,"",,
2024-01-12 08:31:29,"Back & Biceps",1h 4m,"Concentration Curl (Dumbbell)",2,6.0,5,0,0,,,
2024-01-14 12:48:04,"Shoulders + Glutes ",9m,"Strict Military Press (Barbell)",1,20.0,3,0,0,"","",
2024-01-14 12:48:04,"Shoulders + Glutes ",9m,"Strict Military Press (Barbell)",2,25.0,12,0,0,,,
2024-01-14 12:57:50,"Shoulders + Glutes ",49m,"Lateral Raise (Dumbbell)",1,6.0,12,0,0,"","",
2024-01-14 12:57:50,"Shoulders + Glutes ",49m,"Lateral Raise (Dumbbell)",2,6.0,14,0,0,,,
2024-01-14 12:57:50,"Shoulders + Glutes ",49m,"Strict Military Press (Barbell)",1,20.0,3,0,0,"",,
2024-01-14 12:57:50,"Shoulders + Glutes ",49m,"Strict Military Press (Barbell)",2,25.0,12,0,0,,,
2024-01-14 12:57:50,"Shoulders + Glutes ",49m,"Strict Military Press (Barbell)",3,30.0,6,0,0,,,
2024-01-14 12:57:50,"Shoulders + Glutes ",49m,"Strict Military Press (Barbell)",4,30.0,4,0,0,,,
2024-01-14 12:57:50,"Shoulders + Glutes ",49m,"Strict Military Press (Barbell)",5,25.0,12,0,0,,,
2024-01-14 12:57:50,"Shoulders + Glutes ",49m,"Strict Military Press (Barbell)",6,25.0,8,0,0,,,
2024-01-14 12:57:50,"Shoulders + Glutes ",49m,"Flat Leg Raise",1,0,15,0,0,"",,
2024-01-14 12:57:50,"Shoulders + Glutes ",49m,"Flat Leg Raise",2,0,20,0,0,,,
2024-01-14 12:57:50,"Shoulders + Glutes ",49m,"Flat Leg Raise",3,0,20,0,0,,,
2024-01-14 12:57:50,"Shoulders + Glutes ",49m,"Crunch",1,0,20,0,0,"",,
2024-01-14 12:57:50,"Shoulders + Glutes ",49m,"Crunch",2,0,20,0,0,,,
2024-01-14 12:57:50,"Shoulders + Glutes ",49m,"Crunch",3,0,15,0,0,,,
2024-01-14 12:57:50,"Shoulders + Glutes ",49m,"Kettle Bell Single Leg Raises",1,8.0,15,0,0,"",,
2024-01-14 12:57:50,"Shoulders + Glutes ",49m,"Kettle Bell Single Leg Raises",2,8.0,20,0,0,,,
2024-01-14 12:57:50,"Shoulders + Glutes ",49m,"Kettle Bell Single Leg Raises",3,8.0,20,0,0,,,
2024-01-14 12:57:50,"Shoulders + Glutes ",49m,"Lateral Raise (Dumbbell)",1,6.0,12,0,0,"","",
2024-01-14 12:57:50,"Shoulders + Glutes ",49m,"Lateral Raise (Dumbbell)",2,6.0,14,0,0,,,
2024-01-14 12:57:50,"Shoulders + Glutes ",49m,"Strict Military Press (Barbell)",1,20.0,3,0,0,"",,
2024-01-14 12:57:50,"Shoulders + Glutes ",49m,"Strict Military Press (Barbell)",2,25.0,12,0,0,,,
2024-01-14 12:57:50,"Shoulders + Glutes ",49m,"Strict Military Press (Barbell)",3,30.0,6,0,0,,,
2024-01-14 12:57:50,"Shoulders + Glutes ",49m,"Strict Military Press (Barbell)",4,30.0,4,0,0,,,
2024-01-14 12:57:50,"Shoulders + Glutes ",49m,"Strict Military Press (Barbell)",5,25.0,12,0,0,,,
2024-01-14 12:57:50,"Shoulders + Glutes ",49m,"Strict Military Press (Barbell)",6,25.0,8,0,0,,,
2024-01-14 12:57:50,"Shoulders + Glutes ",49m,"Flat Leg Raise",1,0,15,0,0,"",,
2024-01-14 12:57:50,"Shoulders + Glutes ",49m,"Flat Leg Raise",2,0,20,0,0,,,
2024-01-14 12:57:50,"Shoulders + Glutes ",49m,"Flat Leg Raise",3,0,20,0,0,,,
2024-01-14 12:57:50,"Shoulders + Glutes ",49m,"Crunch",1,0,20,0,0,"",,
2024-01-14 12:57:50,"Shoulders + Glutes ",49m,"Crunch",2,0,20,0,0,,,
2024-01-14 12:57:50,"Shoulders + Glutes ",49m,"Crunch",3,0,15,0,0,,,
2024-01-14 12:57:50,"Shoulders + Glutes ",49m,"Kettle Bell Single Leg Raises",1,8.0,15,0,0,"",,
2024-01-14 12:57:50,"Shoulders + Glutes ",49m,"Kettle Bell Single Leg Raises",2,8.0,20,0,0,,,
2024-01-14 12:57:50,"Shoulders + Glutes ",49m,"Kettle Bell Single Leg Raises",3,8.0,20,0,0,,,
2024-01-15 08:05:55,"Legs",1h 7m,"Squat (Barbell)",1,20.0,5,0,0,"","",
2024-01-15 08:05:55,"Legs",1h 7m,"Squat (Barbell)",2,40.0,4,0,0,,,
2024-01-15 08:05:55,"Legs",1h 7m,"Squat (Barbell)",3,50.0,5,0,0,,,
2024-01-15 08:05:55,"Legs",1h 7m,"Squat (Barbell)",4,70.0,4,0,0,,,
2024-01-15 08:05:55,"Legs",1h 7m,"Squat (Barbell)",5,70.0,5,0,0,,,
2024-01-15 08:05:55,"Legs",1h 7m,"Squat (Barbell)",6,70.0,4,0,0,,,
2024-01-15 08:05:55,"Legs",1h 7m,"Squat (Barbell)",7,70.0,4,0,0,,,
2024-01-15 08:05:55,"Legs",1h 7m,"Leg Press",1,140.0,11,0,0,"",,
2024-01-15 08:05:55,"Legs",1h 7m,"Leg Press",2,140.0,12,0,0,,,
2024-01-15 08:05:55,"Legs",1h 7m,"Leg Press",3,140.0,9,0,0,,,
2024-01-15 08:05:55,"Legs",1h 7m,"Bulgarian Split Squat",1,40.0,8,0,0,"",,
2024-01-15 08:05:55,"Legs",1h 7m,"Bulgarian Split Squat",2,40.0,8,0,0,,,
2024-01-15 08:05:55,"Legs",1h 7m,"Bulgarian Split Squat",3,40.0,8,0,0,,,
2024-01-15 08:05:55,"Legs",1h 7m,"Hip Thrust (Barbell)",1,100.0,8,0,0,"",,
2024-01-15 08:05:55,"Legs",1h 7m,"Hip Thrust (Barbell)",2,100.0,10,0,0,,,
2024-01-15 08:05:55,"Legs",1h 7m,"Hip Thrust (Barbell)",3,100.0,7,0,0,,,
2024-01-16 08:18:00,"Chest & Triceps ",1h,"Bench Press (Barbell)",1,20.0,5,0,0,"","",
2024-01-16 08:18:00,"Chest & Triceps ",1h,"Bench Press (Barbell)",2,30.0,5,0,0,,,
2024-01-16 08:18:00,"Chest & Triceps ",1h,"Bench Press (Barbell)",3,35.0,5,0,0,,,
2024-01-16 08:18:00,"Chest & Triceps ",1h,"Bench Press (Barbell)",4,45.0,10,0,0,,,
2024-01-16 08:18:00,"Chest & Triceps ",1h,"Bench Press (Barbell)",5,45.0,10,0,0,,,
2024-01-16 08:18:00,"Chest & Triceps ",1h,"Bench Press (Barbell)",6,40.0,12,0,0,,,
2024-01-16 08:18:00,"Chest & Triceps ",1h,"Incline Bench Press (Dumbbell)",1,18.0,6,0,0,"",,
2024-01-16 08:18:00,"Chest & Triceps ",1h,"Incline Bench Press (Dumbbell)",2,16.0,7,0,0,,,
2024-01-16 08:18:00,"Chest & Triceps ",1h,"Incline Bench Press (Dumbbell)",3,16.0,9,0,0,,,
2024-01-16 08:18:00,"Chest & Triceps ",1h,"Chest Fly (Dumbbell)",1,16.0,6,0,0,"",,
2024-01-16 08:18:00,"Chest & Triceps ",1h,"Chest Fly (Dumbbell)",2,16.0,4,0,0,,,
2024-01-16 08:18:00,"Chest & Triceps ",1h,"Triceps Extension Straight (Uni)",1,5.0,18,0,0,"",,
2024-01-16 08:18:00,"Chest & Triceps ",1h,"Triceps Extension Straight (Uni)",2,7.5,9,0,0,,,
2024-01-16 08:18:00,"Chest & Triceps ",1h,"Triceps Extension Straight (Uni)",3,7.5,9,0,0,,,
2024-01-17 07:57:22,"Back & Biceps",1h 14m,"Romanian Deadlift (Barbell)",1,20.0,5,0,0,"","",
2024-01-17 07:57:22,"Back & Biceps",1h 14m,"Romanian Deadlift (Barbell)",2,40.0,5,0,0,,,
2024-01-17 07:57:22,"Back & Biceps",1h 14m,"Romanian Deadlift (Barbell)",3,50.0,5,0,0,,,
2024-01-17 07:57:22,"Back & Biceps",1h 14m,"Romanian Deadlift (Barbell)",4,60.0,16,0,0,,,
2024-01-17 07:57:22,"Back & Biceps",1h 14m,"Romanian Deadlift (Barbell)",5,70.0,9,0,0,,,
2024-01-17 07:57:22,"Back & Biceps",1h 14m,"Romanian Deadlift (Barbell)",6,70.0,9,0,0,,,
2024-01-17 07:57:22,"Back & Biceps",1h 14m,"Romanian Deadlift (Barbell)",7,70.0,10,0,0,,,
2024-01-17 07:57:22,"Back & Biceps",1h 14m,"Lat Pulldown (Cable)",1,45.0,6,0,0,"",,
2024-01-17 07:57:22,"Back & Biceps",1h 14m,"Lat Pulldown (Cable)",2,45.0,10,0,0,,,
2024-01-17 07:57:22,"Back & Biceps",1h 14m,"Lat Pulldown (Cable)",3,45.0,9,0,0,,,
2024-01-17 07:57:22,"Back & Biceps",1h 14m,"Seated Row (Cable)",1,15.0,10,0,0,"",,
2024-01-17 07:57:22,"Back & Biceps",1h 14m,"Seated Row (Cable)",2,15.0,12,0,0,,,
2024-01-17 07:57:22,"Back & Biceps",1h 14m,"Seated Row (Cable)",3,15.0,12,0,0,,,
2024-01-17 07:57:22,"Back & Biceps",1h 14m,"Bicep Curl (Dumbbell)",1,9.0,10,0,0,"",,
2024-01-17 07:57:22,"Back & Biceps",1h 14m,"Bicep Curl (Dumbbell)",2,9.0,9,0,0,,,
2024-01-17 07:57:22,"Back & Biceps",1h 14m,"Concentration Curl (Dumbbell)",1,6.0,9,0,0,"",,
2024-01-17 07:57:22,"Back & Biceps",1h 14m,"Concentration Curl (Dumbbell)",2,6.0,10,0,0,,,
2024-01-22 08:52:02,"Shoulders + Glutes ",52m,"Lateral Raise (Cable)",1,5.0,6,0,0,"","",
2024-01-22 08:52:02,"Shoulders + Glutes ",52m,"Lateral Raise (Cable)",2,2.5,17,0,0,,,
2024-01-22 08:52:02,"Shoulders + Glutes ",52m,"Lateral Raise (Cable)",3,4.0,10,0,0,,,
2024-01-22 08:52:02,"Shoulders + Glutes ",52m,"Strict Military Press (Barbell)",1,20.0,3,0,0,"",,
2024-01-22 08:52:02,"Shoulders + Glutes ",52m,"Strict Military Press (Barbell)",2,25.0,12,0,0,,,
2024-01-22 08:52:02,"Shoulders + Glutes ",52m,"Strict Military Press (Barbell)",3,30.0,8,0,0,,,
2024-01-22 08:52:02,"Shoulders + Glutes ",52m,"Strict Military Press (Barbell)",4,30.0,6,0,0,,,
2024-01-22 08:52:02,"Shoulders + Glutes ",52m,"Strict Military Press (Barbell)",5,30.0,4,0,0,,,
2024-01-22 08:52:02,"Shoulders + Glutes ",52m,"Flat Leg Raise",1,0,19,0,0,"",,
2024-01-22 08:52:02,"Shoulders + Glutes ",52m,"Flat Leg Raise",2,0,12,0,0,,,
2024-01-22 08:52:02,"Shoulders + Glutes ",52m,"Flat Leg Raise",3,0,13,0,0,,,
2024-01-22 08:52:02,"Shoulders + Glutes ",52m,"Crunch",1,0,20,0,0,"",,
2024-01-22 08:52:02,"Shoulders + Glutes ",52m,"Crunch",2,5.0,7,0,0,,,
2024-01-22 08:52:02,"Shoulders + Glutes ",52m,"Crunch",3,5.0,6,0,0,,,
2024-01-22 08:52:02,"Shoulders + Glutes ",52m,"Kettle Bell Single Leg Raises",1,12.0,17,0,0,"",,
2024-01-22 08:52:02,"Shoulders + Glutes ",52m,"Kettle Bell Single Leg Raises",2,12.0,18,0,0,,,
2024-01-22 08:52:02,"Shoulders + Glutes ",52m,"Kettle Bell Single Leg Raises",3,12.0,17,0,0,,,
2024-01-22 08:52:02,"Shoulders + Glutes ",52m,"Face Pull (Cable)",1,20.0,12,0,0,"",,
2024-01-22 08:52:02,"Shoulders + Glutes ",52m,"Face Pull (Cable)",2,22.0,10,0,0,,,
2024-01-23 08:40:23,"Legs",56m,"Squat (Barbell)",1,20.0,5,0,0,"","",
2024-01-23 08:40:23,"Legs",56m,"Squat (Barbell)",2,40.0,4,0,0,,,
2024-01-23 08:40:23,"Legs",56m,"Squat (Barbell)",3,60.0,3,0,0,,,
2024-01-23 08:40:23,"Legs",56m,"Squat (Barbell)",4,70.0,5,0,0,,,
2024-01-23 08:40:23,"Legs",56m,"Squat (Barbell)",5,70.0,5,0,0,,,
2024-01-23 08:40:23,"Legs",56m,"Squat (Barbell)",6,70.0,4,0,0,,,
2024-01-23 08:40:23,"Legs",56m,"Squat (Barbell)",7,70.0,4,0,0,,,
2024-01-23 08:40:23,"Legs",56m,"Bulgarian Split Squat",1,40.0,9,0,0,"",,
2024-01-23 08:40:23,"Legs",56m,"Bulgarian Split Squat",2,40.0,8,0,0,,,
2024-01-23 08:40:23,"Legs",56m,"Bulgarian Split Squat",3,40.0,5,0,0,,,
2024-01-23 08:40:23,"Legs",56m,"Leg Press",1,140.0,12,0,0,"",,
2024-01-23 08:40:23,"Legs",56m,"Leg Press",2,140.0,12,0,0,,,
2024-01-23 08:40:23,"Legs",56m,"Leg Press",3,140.0,12,0,0,,,
2024-01-23 08:40:23,"Legs",56m,"Leg Press",4,140.0,9,0,0,,,
2024-01-24 08:18:53,"Chest & Triceps ",56m,"Bench Press (Barbell)",1,20.0,5,0,0,"","",
2024-01-24 08:18:53,"Chest & Triceps ",56m,"Bench Press (Barbell)",2,40.0,12,0,0,,,
2024-01-24 08:18:53,"Chest & Triceps ",56m,"Bench Press (Barbell)",3,45.0,10,0,0,,,
2024-01-24 08:18:53,"Chest & Triceps ",56m,"Bench Press (Barbell)",4,45.0,10,0,0,,,
2024-01-24 08:18:53,"Chest & Triceps ",56m,"Incline Bench Press (Dumbbell)",1,16.0,12,0,0,"",,
2024-01-24 08:18:53,"Chest & Triceps ",56m,"Incline Bench Press (Dumbbell)",2,16.0,8,0,0,,,
2024-01-24 08:18:53,"Chest & Triceps ",56m,"Incline Bench Press (Dumbbell)",3,16.0,8,0,0,,,
2024-01-24 08:18:53,"Chest & Triceps ",56m,"Chest Fly (Dumbbell)",1,14.0,15,0,0,"",,
2024-01-24 08:18:53,"Chest & Triceps ",56m,"Chest Fly (Dumbbell)",2,14.0,15,0,0,,,
2024-01-24 08:18:53,"Chest & Triceps ",56m,"Chest Fly (Dumbbell)",3,14.0,12,0,0,,,
2024-01-24 08:18:53,"Chest & Triceps ",56m,"Triceps Extension",1,10.0,12,0,0,"",,
2024-01-24 08:18:53,"Chest & Triceps ",56m,"Triceps Extension",2,10.0,12,0,0,,,
2024-01-24 08:18:53,"Chest & Triceps ",56m,"Triceps Extension Straight (Uni)",1,7.5,12,0,0,"",,
2024-01-24 08:18:53,"Chest & Triceps ",56m,"Triceps Extension Straight (Uni)",2,7.5,9,0,0,,,
2024-01-24 08:18:53,"Chest & Triceps ",56m,"Triceps Extension Straight (Uni)",3,7.5,9,0,0,,,
2024-01-26 08:11:11,"Back & Biceps",1h 3m,"Deadlift (Barbell)",1,40.0,5,0,0,"","",
2024-01-26 08:11:11,"Back & Biceps",1h 3m,"Deadlift (Barbell)",2,60.0,4,0,0,,,
2024-01-26 08:11:11,"Back & Biceps",1h 3m,"Deadlift (Barbell)",3,75.0,9,0,0,,,
2024-01-26 08:11:11,"Back & Biceps",1h 3m,"Deadlift (Barbell)",4,80.0,5,0,0,,,
2024-01-26 08:11:11,"Back & Biceps",1h 3m,"Deadlift (Barbell)",5,80.0,4,0,0,,,
2024-01-26 08:11:11,"Back & Biceps",1h 3m,"Deadlift (Barbell)",6,80.0,5,0,0,,,
2024-01-26 08:11:11,"Back & Biceps",1h 3m,"Lat Pulldown (Cable)",1,45.0,7,0,0,"",,
2024-01-26 08:11:11,"Back & Biceps",1h 3m,"Lat Pulldown (Cable)",2,45.0,11,0,0,,,
2024-01-26 08:11:11,"Back & Biceps",1h 3m,"Lat Pulldown (Cable)",3,45.0,9,0,0,,,
2024-01-26 08:11:11,"Back & Biceps",1h 3m,"Seated Row (Cable)",1,15.0,15,0,0,"",,
2024-01-26 08:11:11,"Back & Biceps",1h 3m,"Seated Row (Cable)",2,20.0,7,0,0,,,
2024-01-26 08:11:11,"Back & Biceps",1h 3m,"Seated Row (Cable)",3,16.25,11,0,0,,,
2024-01-26 08:11:11,"Back & Biceps",1h 3m,"Bicep Curl (Dumbbell)",1,9.0,12,0,0,"",,
2024-01-26 08:11:11,"Back & Biceps",1h 3m,"Bicep Curl (Dumbbell)",2,9.0,6,0,0,,,
2024-01-26 08:11:11,"Back & Biceps",1h 3m,"Concentration Curl (Dumbbell)",1,6.0,9,0,0,"",,
2024-01-26 08:11:11,"Back & Biceps",1h 3m,"Concentration Curl (Dumbbell)",2,6.0,10,0,0,,,
2024-01-29 08:32:27,"Shoulders + Glutes ",55m,"Lateral Raise (Dumbbell)",1,7.0,14,0,0,"","",
2024-01-29 08:32:27,"Shoulders + Glutes ",55m,"Lateral Raise (Dumbbell)",2,7.0,12,0,0,,,
2024-01-29 08:32:27,"Shoulders + Glutes ",55m,"Strict Military Press (Barbell)",1,20.0,3,0,0,"",,
2024-01-29 08:32:27,"Shoulders + Glutes ",55m,"Strict Military Press (Barbell)",2,25.0,12,0,0,,,
2024-01-29 08:32:27,"Shoulders + Glutes ",55m,"Strict Military Press (Barbell)",3,30.0,8,0,0,,,
2024-01-29 08:32:27,"Shoulders + Glutes ",55m,"Strict Military Press (Barbell)",4,30.0,4,0,0,,,
2024-01-29 08:32:27,"Shoulders + Glutes ",55m,"Strict Military Press (Barbell)",5,30.0,6,0,0,,,
2024-01-29 08:32:27,"Shoulders + Glutes ",55m,"Strict Military Press (Barbell)",6,25.0,12,0,0,,,
2024-01-29 08:32:27,"Shoulders + Glutes ",55m,"Flat Leg Raise",1,0,21,0,0,"",,
2024-01-29 08:32:27,"Shoulders + Glutes ",55m,"Flat Leg Raise",2,0,12,0,0,,,
2024-01-29 08:32:27,"Shoulders + Glutes ",55m,"Crunch",1,0,21,0,0,"",,
2024-01-29 08:32:27,"Shoulders + Glutes ",55m,"Crunch",2,0.0,15,0,0,,,
2024-01-29 08:32:27,"Shoulders + Glutes ",55m,"Crunch",3,5.0,6,0,0,,,
2024-01-29 08:32:27,"Shoulders + Glutes ",55m,"Kettle Bell Single Leg Raises",1,12.0,21,0,0,"",,
2024-01-29 08:32:27,"Shoulders + Glutes ",55m,"Kettle Bell Single Leg Raises",2,12.0,20,0,0,,,
2024-01-29 08:32:27,"Shoulders + Glutes ",55m,"Kettle Bell Single Leg Raises",3,12.0,17,0,0,,,
2024-01-29 08:32:27,"Shoulders + Glutes ",55m,"Face Pull (Cable)",1,20.0,12,0,0,"",,
2024-01-29 08:32:27,"Shoulders + Glutes ",55m,"Face Pull (Cable)",2,20.0,12,0,0,,,
2024-01-30 08:27:21,"Legs",39m,"Squat (Barbell)",1,20.0,5,0,0,"","",
2024-01-30 08:27:21,"Legs",39m,"Squat (Barbell)",2,60.0,10,0,0,,,
2024-01-30 08:27:21,"Legs",39m,"Squat (Barbell)",3,65.0,8,0,0,,,
2024-01-30 08:27:21,"Legs",39m,"Squat (Barbell)",4,65.0,8,0,0,,,
2024-01-30 08:27:21,"Legs",39m,"Squat (Barbell)",5,65.0,3,0,0,,,
2024-01-30 08:27:21,"Legs",39m,"Bulgarian Split Squat",1,36.0,12,0,0,"",,
2024-01-30 08:27:21,"Legs",39m,"Bulgarian Split Squat",2,36.0,11,0,0,,,
2024-01-30 08:27:21,"Legs",39m,"Bulgarian Split Squat",3,36.0,9,0,0,,,
2024-01-30 08:27:21,"Legs",39m,"Bulgarian Split Squat",4,36.0,12,0,0,,,
2024-01-30 08:27:21,"Legs",39m,"Hip Abductor (Machine)",1,55.0,12,0,0,"",,
2024-01-30 08:27:21,"Legs",39m,"Hip Abductor (Machine)",2,55.0,8,0,0,,,
2024-01-31 08:26:47,"Chest & Triceps ",51m,"Bench Press (Barbell)",1,20.0,8,0,0,"","",
2024-01-31 08:26:47,"Chest & Triceps ",51m,"Bench Press (Barbell)",2,45.0,10,0,0,,,
2024-01-31 08:26:47,"Chest & Triceps ",51m,"Bench Press (Barbell)",3,45.0,13,0,0,,,
2024-01-31 08:26:47,"Chest & Triceps ",51m,"Bench Press (Barbell)",4,45.0,12,0,0,,,
2024-01-31 08:26:47,"Chest & Triceps ",51m,"Incline Bench Press (Dumbbell)",1,16.0,15,0,0,"",,
2024-01-31 08:26:47,"Chest & Triceps ",51m,"Incline Bench Press (Dumbbell)",2,16.0,9,0,0,,,
2024-01-31 08:26:47,"Chest & Triceps ",51m,"Incline Bench Press (Dumbbell)",3,16.0,10,0,0,,,
2024-01-31 08:26:47,"Chest & Triceps ",51m,"Chest Fly (Dumbbell)",1,16.0,8,0,0,"",,
2024-01-31 08:26:47,"Chest & Triceps ",51m,"Chest Fly (Dumbbell)",2,16.0,8,0,0,,,
2024-01-31 08:26:47,"Chest & Triceps ",51m,"Chest Fly (Dumbbell)",3,16.0,6,0,0,,,
2024-01-31 08:26:47,"Chest & Triceps ",51m,"Triceps Dip",1,0,5,0,0,"",,
2024-01-31 08:26:47,"Chest & Triceps ",51m,"Triceps Dip",2,0,4,0,0,,,
2024-01-31 08:26:47,"Chest & Triceps ",51m,"Triceps Dip",3,0,3,0,0,,,
2024-01-31 08:26:47,"Chest & Triceps ",51m,"Triceps Extension Straight (Uni)",1,7.5,13,0,0,"",,
2024-01-31 08:26:47,"Chest & Triceps ",51m,"Triceps Extension Straight (Uni)",2,7.5,11,0,0,,,
2024-01-31 08:26:47,"Chest & Triceps ",51m,"Triceps Extension Straight (Uni)",3,7.5,8,0,0,,,
2024-02-02 08:19:46,"Back & Biceps",1h,"Deadlift (Barbell)",1,60.0,5,0,0,"","",
2024-02-02 08:19:46,"Back & Biceps",1h,"Deadlift (Barbell)",2,70.0,10,0,0,,,
2024-02-02 08:19:46,"Back & Biceps",1h,"Deadlift (Barbell)",3,75.0,10,0,0,,,
2024-02-02 08:19:46,"Back & Biceps",1h,"Deadlift (Barbell)",4,80.0,10,0,0,,,
2024-02-02 08:19:46,"Back & Biceps",1h,"Deadlift (Barbell)",5,90.0,2,0,0,,,
2024-02-02 08:19:46,"Back & Biceps",1h,"Lat Pulldown (Cable)",1,45.0,12,0,0,"",,
2024-02-02 08:19:46,"Back & Biceps",1h,"Lat Pulldown (Cable)",2,45.0,11,0,0,,,
2024-02-02 08:19:46,"Back & Biceps",1h,"Lat Pulldown (Cable)",3,45.0,10,0,0,,,
2024-02-02 08:19:46,"Back & Biceps",1h,"Lat Pulldown (Cable)",4,45.0,6,0,0,,,
2024-02-02 08:19:46,"Back & Biceps",1h,"Seated Row (Cable)",1,20.0,8,0,0,"",,
2024-02-02 08:19:46,"Back & Biceps",1h,"Seated Row (Cable)",2,20.0,7,0,0,,,
2024-02-02 08:19:46,"Back & Biceps",1h,"Seated Row (Cable)",3,20.0,6,0,0,,,
2024-02-02 08:19:46,"Back & Biceps",1h,"Romanian Deadlift (Barbell)",1,60.0,5,0,0,"","",
2024-02-02 08:19:46,"Back & Biceps",1h,"Romanian Deadlift (Barbell)",2,70.0,10,0,0,,,
2024-02-02 08:19:46,"Back & Biceps",1h,"Romanian Deadlift (Barbell)",3,75.0,10,0,0,,,
2024-02-02 08:19:46,"Back & Biceps",1h,"Romanian Deadlift (Barbell)",4,80.0,10,0,0,,,
2024-02-02 08:19:46,"Back & Biceps",1h,"Romanian Deadlift (Barbell)",5,90.0,2,0,0,,,
2024-02-02 08:19:46,"Back & Biceps",1h,"Lat Pulldown (Cable)",1,45.0,12,0,0,"",,
2024-02-02 08:19:46,"Back & Biceps",1h,"Lat Pulldown (Cable)",2,45.0,11,0,0,,,
2024-02-02 08:19:46,"Back & Biceps",1h,"Lat Pulldown (Cable)",3,45.0,10,0,0,,,
2024-02-02 08:19:46,"Back & Biceps",1h,"Lat Pulldown (Cable)",4,45.0,6,0,0,,,
2024-02-02 08:19:46,"Back & Biceps",1h,"Seated Row (Cable)",1,20.0,8,0,0,"",,
2024-02-02 08:19:46,"Back & Biceps",1h,"Seated Row (Cable)",2,20.0,7,0,0,,,
2024-02-02 08:19:46,"Back & Biceps",1h,"Seated Row (Cable)",3,20.0,6,0,0,,,
2024-02-05 08:21:28,"Shoulders + Glutes ",48m,"Lateral Raise (Dumbbell)",1,7.0,15,0,0,"","",
2024-02-05 08:21:28,"Shoulders + Glutes ",48m,"Lateral Raise (Dumbbell)",2,7.0,13,0,0,,,
2024-02-05 08:21:28,"Shoulders + Glutes ",48m,"Lateral Raise (Dumbbell)",3,7.0,13,0,0,,,
2024-02-05 08:21:28,"Shoulders + Glutes ",48m,"Strict Military Press (Barbell)",1,30.0,6,0,0,"",,
2024-02-05 08:21:28,"Shoulders + Glutes ",48m,"Strict Military Press (Barbell)",2,30.0,9,0,0,,,
2024-02-05 08:21:28,"Shoulders + Glutes ",48m,"Strict Military Press (Barbell)",3,30.0,4,0,0,,,
2024-02-05 08:21:28,"Shoulders + Glutes ",48m,"Strict Military Press (Barbell)",4,25.0,12,0,0,,,
2024-02-05 08:21:28,"Shoulders + Glutes ",48m,"Flat Leg Raise",1,0,21,0,0,"",,
2024-02-05 08:21:28,"Shoulders + Glutes ",48m,"Flat Leg Raise",2,0,12,0,0,,,
2024-02-05 08:21:28,"Shoulders + Glutes ",48m,"Flat Leg Raise",3,0,15,0,0,,,
2024-02-05 08:21:28,"Shoulders + Glutes ",48m,"Crunch",1,0,21,0,0,"",,
2024-02-05 08:21:28,"Shoulders + Glutes ",48m,"Crunch",2,0.0,15,0,0,,,
2024-02-05 08:21:28,"Shoulders + Glutes ",48m,"Crunch",3,5.0,6,0,0,,,
2024-02-05 08:21:28,"Shoulders + Glutes ",48m,"Kettle Bell Single Leg Raises",1,12.0,21,0,0,"",,
2024-02-05 08:21:28,"Shoulders + Glutes ",48m,"Kettle Bell Single Leg Raises",2,12.0,20,0,0,,,
2024-02-05 08:21:28,"Shoulders + Glutes ",48m,"Kettle Bell Single Leg Raises",3,12.0,17,0,0,,,
2024-02-05 08:21:28,"Shoulders + Glutes ",48m,"Face Pull (Cable)",1,22.5,12,0,0,"",,
2024-02-05 08:21:28,"Shoulders + Glutes ",48m,"Face Pull (Cable)",2,22.5,9,0,0,,,
2024-02-06 08:15:50,"Legs",56m,"Squat (Barbell)",1,65.0,8,0,0,"","",
2024-02-06 08:15:50,"Legs",56m,"Squat (Barbell)",2,65.0,9,0,0,,,
2024-02-06 08:15:50,"Legs",56m,"Squat (Barbell)",3,70.0,5,0,0,,,
2024-02-06 08:15:50,"Legs",56m,"Squat (Barbell)",4,70.0,3,0,0,,,
2024-02-06 08:15:50,"Legs",56m,"Leg Press",1,140.0,13,0,0,"",,
2024-02-06 08:15:50,"Legs",56m,"Leg Press",2,140.0,14,0,0,,,
2024-02-06 08:15:50,"Legs",56m,"Leg Press",3,140.0,11,0,0,,,
2024-02-06 08:15:50,"Legs",56m,"Bulgarian Split Squat",1,36.0,12,0,0,"",,
2024-02-06 08:15:50,"Legs",56m,"Bulgarian Split Squat",2,36.0,12,0,0,,,
2024-02-06 08:15:50,"Legs",56m,"Bulgarian Split Squat",3,36.0,10,0,0,,,
2024-02-06 08:15:50,"Legs",56m,"Hip Thrust (Barbell)",1,100.0,8,0,0,"",,
2024-02-06 08:15:50,"Legs",56m,"Hip Thrust (Barbell)",2,100.0,8,0,0,,,
2024-02-06 08:15:50,"Legs",56m,"Hip Thrust (Barbell)",3,100.0,8,0,0,,,
2024-02-07 08:14:12,"Chest & Triceps ",55m,"Bench Press (Barbell)",1,40.0,15,0,0,"","",
2024-02-07 08:14:12,"Chest & Triceps ",55m,"Bench Press (Barbell)",2,45.0,13,0,0,,,
2024-02-07 08:14:12,"Chest & Triceps ",55m,"Bench Press (Barbell)",3,45.0,12,0,0,,,
2024-02-07 08:14:12,"Chest & Triceps ",55m,"Incline Bench Press (Dumbbell)",1,18.0,5,0,0,"",,
2024-02-07 08:14:12,"Chest & Triceps ",55m,"Incline Bench Press (Dumbbell)",2,18.0,4,0,0,,,
2024-02-07 08:14:12,"Chest & Triceps ",55m,"Incline Bench Press (Dumbbell)",3,16.0,8,0,0,,,
2024-02-07 08:14:12,"Chest & Triceps ",55m,"Chest Fly (Dumbbell)",1,16.0,9,0,0,"",,
2024-02-07 08:14:12,"Chest & Triceps ",55m,"Chest Fly (Dumbbell)",2,16.0,8,0,0,,,
2024-02-07 08:14:12,"Chest & Triceps ",55m,"Chest Fly (Dumbbell)",3,16.0,8,0,0,,,
2024-02-07 08:14:12,"Chest & Triceps ",55m,"Triceps Dip",1,0,5,0,0,"",,
2024-02-07 08:14:12,"Chest & Triceps ",55m,"Triceps Dip",2,0,5,0,0,,,
2024-02-07 08:14:12,"Chest & Triceps ",55m,"Triceps Dip",3,0,6,0,0,,,
2024-02-07 08:14:12,"Chest & Triceps ",55m,"Triceps Extension Straight (Uni)",1,7.5,11,0,0,"",,
2024-02-07 08:14:12,"Chest & Triceps ",55m,"Triceps Extension Straight (Uni)",2,7.5,9,0,0,,,
2024-02-07 08:14:12,"Chest & Triceps ",55m,"Triceps Extension Straight (Uni)",3,7.5,8,0,0,,,
2024-02-12 08:04:35,"Back & Biceps",58m,"Romanian Deadlift (Barbell)",1,60.0,5,0,0,"","",
2024-02-12 08:04:35,"Back & Biceps",58m,"Romanian Deadlift (Barbell)",2,70.0,10,0,0,,,
2024-02-12 08:04:35,"Back & Biceps",58m,"Romanian Deadlift (Barbell)",3,70.0,12,0,0,,,
2024-02-12 08:04:35,"Back & Biceps",58m,"Romanian Deadlift (Barbell)",4,70.0,9,0,0,,,
2024-02-12 08:04:35,"Back & Biceps",58m,"Lat Pulldown (Cable)",1,45.0,12,0,0,"",,
2024-02-12 08:04:35,"Back & Biceps",58m,"Lat Pulldown (Cable)",2,45.0,8,0,0,,,
2024-02-12 08:04:35,"Back & Biceps",58m,"Lat Pulldown (Cable)",3,40.0,9,0,0,,,
2024-02-12 08:04:35,"Back & Biceps",58m,"Bent Over One Arm Row (Dumbbell)",1,20.0,12,0,0,"",,
2024-02-12 08:04:35,"Back & Biceps",58m,"Bent Over One Arm Row (Dumbbell)",2,20.0,10,0,0,,,
2024-02-12 08:04:35,"Back & Biceps",58m,"Bent Over One Arm Row (Dumbbell)",3,20.0,10,0,0,,,
2024-02-12 08:04:35,"Back & Biceps",58m,"Bicep Curl (Dumbbell)",1,10.0,5,0,0,"",,
2024-02-12 08:04:35,"Back & Biceps",58m,"Bicep Curl (Dumbbell)",2,8.0,13,0,0,,,
2024-02-13 08:04:29,"Shoulders + Glutes ",1h 1m,"Lateral Raise (Dumbbell)",1,8.0,7,0,0,"","",
2024-02-13 08:04:29,"Shoulders + Glutes ",1h 1m,"Lateral Raise (Dumbbell)",2,8.0,6,0,0,,,
2024-02-13 08:04:29,"Shoulders + Glutes ",1h 1m,"Lateral Raise (Dumbbell)",3,7.0,9,0,0,,,
2024-02-13 08:04:29,"Shoulders + Glutes ",1h 1m,"Strict Military Press (Barbell)",1,30.0,7,0,0,"",,
2024-02-13 08:04:29,"Shoulders + Glutes ",1h 1m,"Strict Military Press (Barbell)",2,30.0,4,0,0,,,
2024-02-13 08:04:29,"Shoulders + Glutes ",1h 1m,"Strict Military Press (Barbell)",3,30.0,3,0,0,,,
2024-02-13 08:04:29,"Shoulders + Glutes ",1h 1m,"Strict Military Press (Barbell)",4,30.0,3,0,0,,,
2024-02-13 08:04:29,"Shoulders + Glutes ",1h 1m,"Flat Leg Raise",1,0,21,0,0,"",,
2024-02-13 08:04:29,"Shoulders + Glutes ",1h 1m,"Flat Leg Raise",2,0,12,0,0,,,
2024-02-13 08:04:29,"Shoulders + Glutes ",1h 1m,"Flat Leg Raise",3,0,15,0,0,,,
2024-02-13 08:04:29,"Shoulders + Glutes ",1h 1m,"Crunch",1,0,21,0,0,"",,
2024-02-13 08:04:29,"Shoulders + Glutes ",1h 1m,"Crunch",2,0.0,15,0,0,,,
2024-02-13 08:04:29,"Shoulders + Glutes ",1h 1m,"Crunch",3,5.0,6,0,0,,,
2024-02-13 08:04:29,"Shoulders + Glutes ",1h 1m,"Kettle Bell Single Leg Raises",1,12.0,23,0,0,"",,
2024-02-13 08:04:29,"Shoulders + Glutes ",1h 1m,"Kettle Bell Single Leg Raises",2,12.0,20,0,0,,,
2024-02-13 08:04:29,"Shoulders + Glutes ",1h 1m,"Kettle Bell Single Leg Raises",3,12.0,17,0,0,,,
2024-02-13 08:04:29,"Shoulders + Glutes ",1h 1m,"Face Pull (Cable)",1,20.0,12,0,0,"",,
2024-02-13 08:04:29,"Shoulders + Glutes ",1h 1m,"Face Pull (Cable)",2,20.0,12,0,0,,,
2024-02-13 08:04:29,"Shoulders + Glutes ",48h 13m,"Strict Military Press (Barbell)",1,30.0,7,0,0,"","",
2024-02-13 08:04:29,"Shoulders + Glutes ",48h 13m,"Strict Military Press (Barbell)",1,30.0,7,0,0,"","",
2024-02-15 08:18:06,"Legs",1h 7m,"Squat (Barbell)",1,60.0,9,0,0,"","",
2024-02-15 08:18:06,"Legs",1h 7m,"Squat (Barbell)",2,70.0,9,0,0,,,
2024-02-15 08:18:06,"Legs",1h 7m,"Squat (Barbell)",3,75.0,4,0,0,,,
2024-02-15 08:18:06,"Legs",1h 7m,"Squat (Barbell)",4,75.0,3,0,0,,,
2024-02-15 08:18:06,"Legs",1h 7m,"Leg Press",1,150.0,7,0,0,"",,
2024-02-15 08:18:06,"Legs",1h 7m,"Leg Press",2,150.0,7,0,0,,,
2024-02-15 08:18:06,"Legs",1h 7m,"Leg Press",3,150.0,8,0,0,,,
2024-02-15 08:18:06,"Legs",1h 7m,"Bulgarian Split Squat",1,40.0,8,0,0,"",,
2024-02-15 08:18:06,"Legs",1h 7m,"Bulgarian Split Squat",2,40.0,7,0,0,,,
2024-02-15 08:18:06,"Legs",1h 7m,"Bulgarian Split Squat",3,40.0,8,0,0,,,
2024-02-15 08:18:06,"Legs",1h 7m,"Bulgarian Split Squat",4,40.0,7,0,0,,,
2024-02-18 19:03:09,"Chest & Triceps ",1h 5m,"Bench Press (Barbell)",1,40.0,15,0,0,"","",
2024-02-18 19:03:09,"Chest & Triceps ",1h 5m,"Bench Press (Barbell)",2,45.0,12,0,0,,,
2024-02-18 19:03:09,"Chest & Triceps ",1h 5m,"Bench Press (Barbell)",3,45.0,12,0,0,,,
2024-02-18 19:03:09,"Chest & Triceps ",1h 5m,"Bench Press (Barbell)",4,45.0,13,0,0,,,
2024-02-18 19:03:09,"Chest & Triceps ",1h 5m,"Incline Bench Press (Dumbbell)",1,17.5,6,0,0,"",,
2024-02-18 19:03:09,"Chest & Triceps ",1h 5m,"Incline Bench Press (Dumbbell)",2,17.5,6,0,0,,,
2024-02-18 19:03:09,"Chest & Triceps ",1h 5m,"Incline Bench Press (Dumbbell)",3,17.5,5,0,0,,,
2024-02-18 19:03:09,"Chest & Triceps ",1h 5m,"Chest Fly (Dumbbell)",1,15.0,10,0,0,"",,
2024-02-18 19:03:09,"Chest & Triceps ",1h 5m,"Chest Fly (Dumbbell)",2,15.0,8,0,0,,,
2024-02-18 19:03:09,"Chest & Triceps ",1h 5m,"Chest Fly (Dumbbell)",3,15.0,13,0,0,,,
2024-02-18 19:03:09,"Chest & Triceps ",1h 5m,"Triceps Dip",1,0,8,0,0,"",,
2024-02-18 19:03:09,"Chest & Triceps ",1h 5m,"Triceps Dip",2,0.0,9,0,0,,,
2024-02-18 19:03:09,"Chest & Triceps ",1h 5m,"Triceps Dip",3,0.0,7,0,0,,,
2024-02-18 19:03:09,"Chest & Triceps ",1h 5m,"Triceps Extension Straight (Uni)",1,7.5,13,0,0,"",,
2024-02-18 19:03:09,"Chest & Triceps ",1h 5m,"Triceps Extension Straight (Uni)",2,7.5,15,0,0,,,
2024-02-18 19:03:09,"Chest & Triceps ",1h 5m,"Triceps Extension Straight (Uni)",3,7.5,15,0,0,,,
2024-02-26 08:15:56,"Back & Biceps",1h 1m,"Romanian Deadlift (Barbell)",1,60.0,13,0,0,"","",
2024-02-26 08:15:56,"Back & Biceps",1h 1m,"Romanian Deadlift (Barbell)",2,70.0,10,0,0,,,
2024-02-26 08:15:56,"Back & Biceps",1h 1m,"Romanian Deadlift (Barbell)",3,70.0,11,0,0,,,
2024-02-26 08:15:56,"Back & Biceps",1h 1m,"Romanian Deadlift (Barbell)",4,70.0,9,0,0,,,
2024-02-26 08:15:56,"Back & Biceps",1h 1m,"Lat Pulldown (Cable)",1,45.0,12,0,0,"",,
2024-02-26 08:15:56,"Back & Biceps",1h 1m,"Lat Pulldown (Cable)",2,45.0,10,0,0,,,
2024-02-26 08:15:56,"Back & Biceps",1h 1m,"Lat Pulldown (Cable)",3,45.0,9,0,0,,,
2024-02-26 08:15:56,"Back & Biceps",1h 1m,"Bent Over One Arm Row (Dumbbell)",1,22.0,4,0,0,"",,
2024-02-26 08:15:56,"Back & Biceps",1h 1m,"Bent Over One Arm Row (Dumbbell)",2,20.0,10,0,0,,,
2024-02-26 08:15:56,"Back & Biceps",1h 1m,"Bent Over One Arm Row (Dumbbell)",3,20.0,8,0,0,,,
2024-02-26 08:15:56,"Back & Biceps",1h 1m,"Bicep Curl (Dumbbell)",1,10.0,8,0,0,"",,
2024-02-26 08:15:56,"Back & Biceps",1h 1m,"Bicep Curl (Dumbbell)",2,10.0,7,0,0,,,
2024-02-26 08:15:56,"Back & Biceps",1h 1m,"Concentration Curl (Dumbbell)",1,6.0,9,0,0,"",,
2024-02-26 08:15:56,"Back & Biceps",1h 1m,"Concentration Curl (Dumbbell)",2,6.0,10,0,0,,,
2024-02-27 08:19:43,"Shoulders + Glutes ",54m,"Lateral Raise (Dumbbell)",1,8.0,7,0,0,"","",
2024-02-27 08:19:43,"Shoulders + Glutes ",54m,"Lateral Raise (Dumbbell)",2,8.0,9,0,0,,,
2024-02-27 08:19:43,"Shoulders + Glutes ",54m,"Lateral Raise (Dumbbell)",3,8.0,6,0,0,,,
2024-02-27 08:19:43,"Shoulders + Glutes ",54m,"Strict Military Press (Barbell)",1,30.0,7,0,0,"",,
2024-02-27 08:19:43,"Shoulders + Glutes ",54m,"Strict Military Press (Barbell)",2,30.0,4,0,0,,,
2024-02-27 08:19:43,"Shoulders + Glutes ",54m,"Strict Military Press (Barbell)",3,30.0,5,0,0,,,
2024-02-27 08:19:43,"Shoulders + Glutes ",54m,"Strict Military Press (Barbell)",4,30.0,6,0,0,,,
2024-02-27 08:19:43,"Shoulders + Glutes ",54m,"Flat Leg Raise",1,0,21,0,0,"",,
2024-02-27 08:19:43,"Shoulders + Glutes ",54m,"Flat Leg Raise",2,0,12,0,0,,,
2024-02-27 08:19:43,"Shoulders + Glutes ",54m,"Flat Leg Raise",3,0,15,0,0,,,
2024-02-27 08:19:43,"Shoulders + Glutes ",54m,"Crunch",1,0,21,0,0,"",,
2024-02-27 08:19:43,"Shoulders + Glutes ",54m,"Crunch",2,0.0,15,0,0,,,
2024-02-27 08:19:43,"Shoulders + Glutes ",54m,"Crunch",3,5.0,6,0,0,,,
2024-02-27 08:19:43,"Shoulders + Glutes ",54m,"Kettle Bell Single Leg Raises",1,12.0,21,0,0,"",,
2024-02-27 08:19:43,"Shoulders + Glutes ",54m,"Kettle Bell Single Leg Raises",2,12.0,20,0,0,,,
2024-02-27 08:19:43,"Shoulders + Glutes ",54m,"Kettle Bell Single Leg Raises",3,12.0,17,0,0,,,
2024-02-27 08:19:43,"Shoulders + Glutes ",54m,"Face Pull (Cable)",1,22.5,5,0,0,"",,
2024-02-27 08:19:43,"Shoulders + Glutes ",54m,"Face Pull (Cable)",2,22.5,7,0,0,,,
2024-02-27 08:19:43,"Shoulders + Glutes ",54m,"Face Pull (Cable)",3,12.5,16,0,0,,,
2024-02-28 08:02:29,"Legs",1h 6m,"Squat (Barbell)",1,60.0,8,0,0,"","",
2024-02-28 08:02:29,"Legs",1h 6m,"Squat (Barbell)",2,70.0,4,0,0,,,
2024-02-28 08:02:29,"Legs",1h 6m,"Squat (Barbell)",3,70.0,4,0,0,,,
2024-02-28 08:02:29,"Legs",1h 6m,"Squat (Barbell)",4,70.0,5,0,0,,,
2024-02-28 08:02:29,"Legs",1h 6m,"Leg Press",1,150.0,7,0,0,"",,
2024-02-28 08:02:29,"Legs",1h 6m,"Leg Press",2,150.0,8,0,0,,,
2024-02-28 08:02:29,"Legs",1h 6m,"Leg Press",3,150.0,9,0,0,,,
2024-02-28 08:02:29,"Legs",1h 6m,"Bulgarian Split Squat",1,40.0,9,0,0,"",,
2024-02-28 08:02:29,"Legs",1h 6m,"Bulgarian Split Squat",2,40.0,10,0,0,,,
2024-02-28 08:02:29,"Legs",1h 6m,"Bulgarian Split Squat",3,40.0,10,0,0,,,
2024-02-28 08:02:29,"Legs",1h 6m,"Hip Thrust (Barbell)",1,100.0,8,0,0,"",,
2024-02-28 08:02:29,"Legs",1h 6m,"Hip Thrust (Barbell)",2,100.0,8,0,0,,,
2024-02-28 08:02:29,"Legs",1h 6m,"Hip Thrust (Barbell)",3,100.0,8,0,0,,,
2024-02-29 07:53:53,"Chest & Triceps ",2m,"Bench Press (Barbell)",1,40.0,9,0,0,"","",
2024-02-29 07:56:57,"Chest & Triceps ",40m,"Bench Press (Barbell)",1,40.0,15,0,0,"","",
2024-02-29 07:56:57,"Chest & Triceps ",40m,"Bench Press (Barbell)",2,45.0,15,0,0,,,
2024-02-29 07:56:57,"Chest & Triceps ",40m,"Bench Press (Barbell)",3,45.0,11,0,0,,,
2024-02-29 07:56:57,"Chest & Triceps ",40m,"Bench Press (Barbell)",4,50.0,3,0,0,,,
2024-02-29 07:56:57,"Chest & Triceps ",40m,"Incline Bench Press (Dumbbell)",1,18.0,4,0,0,"",,
2024-02-29 07:56:57,"Chest & Triceps ",40m,"Incline Bench Press (Dumbbell)",2,18.0,3,0,0,,,
2024-02-29 07:56:57,"Chest & Triceps ",40m,"Incline Bench Press (Dumbbell)",3,16.0,4,0,0,,,
2024-02-29 07:56:57,"Chest & Triceps ",40m,"Chest Fly (Dumbbell)",1,16.0,8,0,0,"",,
2024-02-29 07:56:57,"Chest & Triceps ",40m,"Chest Fly (Dumbbell)",2,16.0,4,0,0,,,
2024-02-29 07:56:57,"Chest & Triceps ",40m,"Chest Fly (Dumbbell)",3,16.0,5,0,0,,,
2024-02-29 07:56:57,"Chest & Triceps ",40m,"Triceps Extension Straight (Uni)",1,7.5,7,0,0,"",,
2024-02-29 07:56:57,"Chest & Triceps ",40m,"Triceps Extension Straight (Uni)",2,7.5,7,0,0,,,
2024-02-29 07:56:57,"Chest & Triceps ",40m,"Triceps Extension Straight (Uni)",3,7.5,7,0,0,,,
2024-03-04 07:53:17,"Back & Biceps",1h 6m,"Romanian Deadlift (Barbell)",1,40.0,5,0,0,"","",
2024-03-04 07:53:17,"Back & Biceps",1h 6m,"Romanian Deadlift (Barbell)",2,60.0,3,0,0,,,
2024-03-04 07:53:17,"Back & Biceps",1h 6m,"Romanian Deadlift (Barbell)",3,70.0,12,0,0,,,
2024-03-04 07:53:17,"Back & Biceps",1h 6m,"Romanian Deadlift (Barbell)",4,70.0,11,0,0,,,
2024-03-04 07:53:17,"Back & Biceps",1h 6m,"Romanian Deadlift (Barbell)",5,70.0,11,0,0,,,
2024-03-04 07:53:17,"Back & Biceps",1h 6m,"Romanian Deadlift (Barbell)",6,70.0,10,0,0,,,
2024-03-04 07:53:17,"Back & Biceps",1h 6m,"Romanian Deadlift (Barbell)",7,70.0,10,0,0,,,
2024-03-04 07:53:17,"Back & Biceps",1h 6m,"Lat Pulldown (Cable)",1,45.0,15,0,0,"",,
2024-03-04 07:53:17,"Back & Biceps",1h 6m,"Lat Pulldown (Cable)",2,45.0,10,0,0,,,
2024-03-04 07:53:17,"Back & Biceps",1h 6m,"Lat Pulldown (Cable)",3,45.0,9,0,0,,,
2024-03-04 07:53:17,"Back & Biceps",1h 6m,"Seated Row (Cable)",1,20.0,7,0,0,"",,
2024-03-04 07:53:17,"Back & Biceps",1h 6m,"Seated Row (Cable)",2,20.0,7,0,0,,,
2024-03-04 07:53:17,"Back & Biceps",1h 6m,"Seated Row (Cable)",3,15.0,11,0,0,,,
2024-03-05 07:58:07,"Shoulders + Glutes ",37m,"Lateral Raise (Dumbbell)",1,8.0,10,0,0,"","",
2024-03-05 07:58:07,"Shoulders + Glutes ",37m,"Lateral Raise (Dumbbell)",2,8.0,10,0,0,,,
2024-03-05 07:58:07,"Shoulders + Glutes ",37m,"Lateral Raise (Dumbbell)",3,8.0,9,0,0,,,
2024-03-05 07:58:07,"Shoulders + Glutes ",37m,"Strict Military Press (Barbell)",1,20.0,4,0,0,"",,
2024-03-05 07:58:07,"Shoulders + Glutes ",37m,"Strict Military Press (Barbell)",2,30.0,8,0,0,,,
2024-03-05 07:58:07,"Shoulders + Glutes ",37m,"Strict Military Press (Barbell)",3,30.0,8,0,0,,,
2024-03-05 07:58:07,"Shoulders + Glutes ",37m,"Strict Military Press (Barbell)",4,30.0,8,0,0,,,
2024-03-05 07:58:07,"Shoulders + Glutes ",37m,"Strict Military Press (Barbell)",5,30.0,4,0,0,,,
2024-03-05 07:58:07,"Shoulders + Glutes ",37m,"Flat Leg Raise",1,0,21,0,0,"",,
2024-03-05 07:58:07,"Shoulders + Glutes ",37m,"Flat Leg Raise",2,0,12,0,0,,,
2024-03-05 07:58:07,"Shoulders + Glutes ",37m,"Flat Leg Raise",3,0,15,0,0,,,
2024-03-05 07:58:07,"Shoulders + Glutes ",37m,"Crunch",1,0,21,0,0,"",,
2024-03-05 07:58:07,"Shoulders + Glutes ",37m,"Crunch",2,0.0,15,0,0,,,
2024-03-05 07:58:07,"Shoulders + Glutes ",37m,"Crunch",3,5.0,6,0,0,,,
2024-03-05 07:58:07,"Shoulders + Glutes ",37m,"Kettle Bell Single Leg Raises",1,12.0,21,0,0,"",,
2024-03-05 07:58:07,"Shoulders + Glutes ",37m,"Kettle Bell Single Leg Raises",2,12.0,20,0,0,,,
2024-03-05 07:58:07,"Shoulders + Glutes ",37m,"Kettle Bell Single Leg Raises",3,12.0,17,0,0,,,
2024-03-06 07:34:36,"Legs",59m,"Squat (Barbell)",1,60.0,3,0,0,"","",
2024-03-06 07:34:36,"Legs",59m,"Squat (Barbell)",2,60.0,5,0,0,,,
2024-03-06 07:34:36,"Legs",59m,"Squat (Barbell)",3,60.0,6,0,0,,,
2024-03-06 07:34:36,"Legs",59m,"Squat (Barbell)",4,60.0,5,0,0,,,
2024-03-06 07:34:36,"Legs",59m,"Leg Press",1,150.0,7,0,0,"",,
2024-03-06 07:34:36,"Legs",59m,"Leg Press",2,150.0,8,0,0,,,
2024-03-06 07:34:36,"Legs",59m,"Leg Press",3,150.0,9,0,0,,,
2024-03-06 07:34:36,"Legs",59m,"Bulgarian Split Squat",1,40.0,7,0,0,"",,
2024-03-06 07:34:36,"Legs",59m,"Bulgarian Split Squat",2,40.0,8,0,0,,,
2024-03-06 07:34:36,"Legs",59m,"Bulgarian Split Squat",3,40.0,6,0,0,,,
2024-03-06 07:34:36,"Legs",59m,"Hip Thrust (Barbell)",1,100.0,8,0,0,"",,
2024-03-06 07:34:36,"Legs",59m,"Hip Thrust (Barbell)",2,100.0,8,0,0,,,
2024-03-06 07:34:36,"Legs",59m,"Hip Thrust (Barbell)",3,100.0,8,0,0,,,
2024-03-08 07:42:25,"Chest & Triceps ",48m,"Bench Press (Barbell)",1,40.0,16,0,0,"","",
2024-03-08 07:42:25,"Chest & Triceps ",48m,"Bench Press (Barbell)",2,50.0,3,0,0,,,
2024-03-08 07:42:25,"Chest & Triceps ",48m,"Bench Press (Barbell)",3,50.0,2,0,0,,,
2024-03-08 07:42:25,"Chest & Triceps ",48m,"Incline Bench Press (Dumbbell)",1,18.0,5,0,0,"",,
2024-03-08 07:42:25,"Chest & Triceps ",48m,"Incline Bench Press (Dumbbell)",2,18.0,4,0,0,,,
2024-03-08 07:42:25,"Chest & Triceps ",48m,"Incline Bench Press (Dumbbell)",3,16.0,9,0,0,,,
2024-03-08 07:42:25,"Chest & Triceps ",48m,"Chest Fly (Dumbbell)",1,16.0,10,0,0,"",,
2024-03-08 07:42:25,"Chest & Triceps ",48m,"Chest Fly (Dumbbell)",2,16.0,8,0,0,,,
2024-03-08 07:42:25,"Chest & Triceps ",48m,"Chest Fly (Dumbbell)",3,16.0,6,0,0,,,
2024-03-08 07:42:25,"Chest & Triceps ",48m,"Triceps Extension Straight (Uni)",1,7.5,13,0,0,"",,
2024-03-08 07:42:25,"Chest & Triceps ",48m,"Triceps Extension Straight (Uni)",2,7.5,7,0,0,,,
2024-03-08 07:42:25,"Chest & Triceps ",48m,"Triceps Extension Straight (Uni)",3,7.5,7,0,0,,,
2024-03-12 07:49:41,"Back & Biceps",24h 1m,"Romanian Deadlift (Barbell)",1,70.0,13,0,0,"","",
2024-03-12 07:49:41,"Back & Biceps",24h 1m,"Romanian Deadlift (Barbell)",2,80.0,3,0,0,,,
2024-03-12 07:49:41,"Back & Biceps",24h 1m,"Romanian Deadlift (Barbell)",3,80.0,3,0,0,,,
2024-03-12 07:49:41,"Back & Biceps",24h 1m,"Lat Pulldown (Cable)",1,50.0,6,0,0,"",,
2024-03-12 07:49:41,"Back & Biceps",24h 1m,"Lat Pulldown (Cable)",2,50.0,5,0,0,,,
2024-03-12 07:49:41,"Back & Biceps",24h 1m,"Lat Pulldown (Cable)",3,50.0,6,0,0,,,
2024-03-12 07:49:41,"Back & Biceps",24h 1m,"Bent Over One Arm Row (Dumbbell)",1,20.0,11,0,0,"",,
2024-03-12 07:49:41,"Back & Biceps",24h 1m,"Bent Over One Arm Row (Dumbbell)",2,20.0,8,0,0,,,
2024-03-12 07:49:41,"Back & Biceps",24h 1m,"Bent Over One Arm Row (Dumbbell)",3,20.0,9,0,0,,,
2024-03-12 07:49:41,"Back & Biceps",24h 1m,"Bicep Curl (Dumbbell)",1,10.0,8,0,0,"",,
2024-03-12 07:49:41,"Back & Biceps",24h 1m,"Bicep Curl (Dumbbell)",2,10.0,5,0,0,,,
2024-03-12 07:49:41,"Back & Biceps",24h 1m,"Concentration Curl (Dumbbell)",1,6.0,9,0,0,"",,
2024-03-12 07:49:41,"Back & Biceps",24h 1m,"Concentration Curl (Dumbbell)",2,6.0,10,0,0,,,
2024-03-12 07:49:41,"Back & Biceps",24h 2m,"Romanian Deadlift (Barbell)",1,70.0,13,0,0,"","",
2024-03-12 07:49:41,"Back & Biceps",24h 2m,"Romanian Deadlift (Barbell)",2,80.0,3,0,0,,,
2024-03-12 07:49:41,"Back & Biceps",24h 2m,"Romanian Deadlift (Barbell)",3,80.0,3,0,0,,,
2024-03-12 07:49:41,"Back & Biceps",24h 2m,"Lat Pulldown (Cable)",1,50.0,6,0,0,"",,
2024-03-12 07:49:41,"Back & Biceps",24h 2m,"Lat Pulldown (Cable)",2,50.0,5,0,0,,,
2024-03-12 07:49:41,"Back & Biceps",24h 2m,"Lat Pulldown (Cable)",3,50.0,6,0,0,,,
2024-03-12 07:49:41,"Back & Biceps",24h 2m,"Bent Over One Arm Row (Dumbbell)",1,20.0,11,0,0,"",,
2024-03-12 07:49:41,"Back & Biceps",24h 2m,"Bent Over One Arm Row (Dumbbell)",2,20.0,8,0,0,,,
2024-03-12 07:49:41,"Back & Biceps",24h 2m,"Bent Over One Arm Row (Dumbbell)",3,20.0,9,0,0,,,
2024-03-12 07:49:41,"Back & Biceps",24h 2m,"Bicep Curl (Dumbbell)",1,10.0,8,0,0,"",,
2024-03-12 07:49:41,"Back & Biceps",24h 2m,"Bicep Curl (Dumbbell)",2,10.0,5,0,0,,,
2024-03-12 07:49:41,"Back & Biceps",24h 2m,"Concentration Curl (Dumbbell)",1,6.0,9,0,0,"",,
2024-03-12 07:49:41,"Back & Biceps",24h 2m,"Concentration Curl (Dumbbell)",2,6.0,10,0,0,,,
2024-03-12 07:49:41,"Back & Biceps",24h 2m,"Romanian Deadlift (Barbell)",1,70.0,13,0,0,"","",
2024-03-12 07:49:41,"Back & Biceps",24h 2m,"Romanian Deadlift (Barbell)",2,80.0,3,0,0,,,
2024-03-12 07:49:41,"Back & Biceps",24h 2m,"Romanian Deadlift (Barbell)",3,80.0,3,0,0,,,
2024-03-12 07:49:41,"Back & Biceps",24h 2m,"Lat Pulldown (Cable)",1,50.0,6,0,0,"",,
2024-03-12 07:49:41,"Back & Biceps",24h 2m,"Lat Pulldown (Cable)",2,50.0,5,0,0,,,
2024-03-12 07:49:41,"Back & Biceps",24h 2m,"Lat Pulldown (Cable)",3,50.0,6,0,0,,,
2024-03-12 07:49:41,"Back & Biceps",24h 2m,"Bent Over One Arm Row (Dumbbell)",1,20.0,11,0,0,"",,
2024-03-12 07:49:41,"Back & Biceps",24h 2m,"Bent Over One Arm Row (Dumbbell)",2,20.0,8,0,0,,,
2024-03-12 07:49:41,"Back & Biceps",24h 2m,"Bent Over One Arm Row (Dumbbell)",3,20.0,9,0,0,,,
2024-03-12 07:49:41,"Back & Biceps",24h 2m,"Bicep Curl (Dumbbell)",1,10.0,8,0,0,"",,
2024-03-12 07:49:41,"Back & Biceps",24h 2m,"Bicep Curl (Dumbbell)",2,10.0,5,0,0,,,
2024-03-12 07:49:41,"Back & Biceps",24h 2m,"Concentration Curl (Dumbbell)",1,6.0,9,0,0,"",,
2024-03-12 07:49:41,"Back & Biceps",24h 2m,"Concentration Curl (Dumbbell)",2,6.0,10,0,0,,,
2024-03-12 07:49:41,"Back & Biceps",24h 2m,"Romanian Deadlift (Barbell)",1,70.0,13,0,0,"","",
2024-03-12 07:49:41,"Back & Biceps",24h 2m,"Romanian Deadlift (Barbell)",2,80.0,3,0,0,,,
2024-03-12 07:49:41,"Back & Biceps",24h 2m,"Romanian Deadlift (Barbell)",3,80.0,3,0,0,,,
2024-03-12 07:49:41,"Back & Biceps",24h 2m,"Lat Pulldown (Cable)",1,50.0,6,0,0,"",,
2024-03-12 07:49:41,"Back & Biceps",24h 2m,"Lat Pulldown (Cable)",2,50.0,5,0,0,,,
2024-03-12 07:49:41,"Back & Biceps",24h 2m,"Lat Pulldown (Cable)",3,50.0,6,0,0,,,
2024-03-12 07:49:41,"Back & Biceps",24h 2m,"Bent Over One Arm Row (Dumbbell)",1,20.0,11,0,0,"",,
2024-03-12 07:49:41,"Back & Biceps",24h 2m,"Bent Over One Arm Row (Dumbbell)",2,20.0,8,0,0,,,
2024-03-12 07:49:41,"Back & Biceps",24h 2m,"Bent Over One Arm Row (Dumbbell)",3,20.0,9,0,0,,,
2024-03-12 07:49:41,"Back & Biceps",24h 2m,"Bicep Curl (Dumbbell)",1,10.0,8,0,0,"",,
2024-03-12 07:49:41,"Back & Biceps",24h 2m,"Bicep Curl (Dumbbell)",2,10.0,5,0,0,,,
2024-03-12 07:49:41,"Back & Biceps",24h 2m,"Concentration Curl (Dumbbell)",1,6.0,9,0,0,"",,
2024-03-12 07:49:41,"Back & Biceps",24h 2m,"Concentration Curl (Dumbbell)",2,6.0,10,0,0,,,
2024-03-13 08:09:32,"Shoulders + Glutes ",25m,"Lateral Raise (Cable)",1,5.0,8,0,0,"","",
2024-03-13 08:09:32,"Shoulders + Glutes ",25m,"Lateral Raise (Cable)",2,5.0,5,0,0,,,
2024-03-13 08:09:32,"Shoulders + Glutes ",25m,"Lateral Raise (Cable)",3,5.0,6,0,0,,,
2024-03-13 08:09:32,"Shoulders + Glutes ",25m,"Strict Military Press (Barbell)",1,30.0,3,0,0,"",,
2024-03-13 08:09:32,"Shoulders + Glutes ",25m,"Strict Military Press (Barbell)",2,30.0,4,0,0,,,
2024-03-13 08:09:32,"Shoulders + Glutes ",25m,"Strict Military Press (Barbell)",3,30.0,5,0,0,,,
2024-03-13 08:09:32,"Shoulders + Glutes ",25m,"Strict Military Press (Barbell)",4,30.0,3,0,0,,,
2024-03-13 08:09:32,"Shoulders + Glutes ",25m,"Flat Leg Raise",1,0,21,0,0,"",,
2024-03-13 08:09:32,"Shoulders + Glutes ",25m,"Flat Leg Raise",2,0,12,0,0,,,
2024-03-13 08:09:32,"Shoulders + Glutes ",25m,"Flat Leg Raise",3,0,15,0,0,,,
2024-03-13 08:09:32,"Shoulders + Glutes ",25m,"Crunch",1,0,21,0,0,"",,
2024-03-13 08:09:32,"Shoulders + Glutes ",25m,"Crunch",2,0.0,15,0,0,,,
2024-03-13 08:09:32,"Shoulders + Glutes ",25m,"Crunch",3,5.0,6,0,0,,,
2024-03-13 08:09:32,"Shoulders + Glutes ",25m,"Kettle Bell Single Leg Raises",1,12.0,21,0,0,"",,
2024-03-13 08:09:32,"Shoulders + Glutes ",25m,"Kettle Bell Single Leg Raises",2,12.0,20,0,0,,,
2024-03-13 08:09:32,"Shoulders + Glutes ",25m,"Kettle Bell Single Leg Raises",3,12.0,17,0,0,,,
2024-03-18 08:13:25,"Legs",44m,"Squat (Barbell)",1,60.0,6,0,0,"","",
2024-03-18 08:13:25,"Legs",44m,"Squat (Barbell)",2,70.0,3,0,0,,,
2024-03-18 08:13:25,"Legs",44m,"Squat (Barbell)",3,70.0,3,0,0,,,
2024-03-18 08:13:25,"Legs",44m,"Squat (Barbell)",4,60.0,7,0,0,,,
2024-03-18 08:13:25,"Legs",44m,"Leg Press",1,150.0,7,0,0,"",,
2024-03-18 08:13:25,"Legs",44m,"Leg Press",2,150.0,8,0,0,,,
2024-03-18 08:13:25,"Legs",44m,"Leg Press",3,150.0,9,0,0,,,
2024-03-18 08:13:25,"Legs",44m,"Bulgarian Split Squat",1,36.0,12,0,0,"",,
2024-03-18 08:13:25,"Legs",44m,"Bulgarian Split Squat",2,36.0,11,0,0,,,
2024-03-18 08:13:25,"Legs",44m,"Bulgarian Split Squat",3,36.0,8,0,0,,,
2024-03-19 08:04:27,"Chest & Triceps ",43m,"Bench Press (Barbell)",1,40.0,6,0,0,"Com pause de 3s","",
2024-03-19 08:04:27,"Chest & Triceps ",43m,"Bench Press (Barbell)",2,40.0,6,0,0,,,
2024-03-19 08:04:27,"Chest & Triceps ",43m,"Bench Press (Barbell)",3,40.0,6,0,0,,,
2024-03-19 08:04:27,"Chest & Triceps ",43m,"Incline Bench Press (Dumbbell)",1,18.0,4,0,0,"",,
2024-03-19 08:04:27,"Chest & Triceps ",43m,"Incline Bench Press (Dumbbell)",2,18.0,6,0,0,,,
2024-03-19 08:04:27,"Chest & Triceps ",43m,"Incline Bench Press (Dumbbell)",3,18.0,5,0,0,,,
2024-03-19 08:04:27,"Chest & Triceps ",43m,"Triceps Extension Straight (Uni)",1,7.5,8,0,0,"",,
2024-03-19 08:04:27,"Chest & Triceps ",43m,"Triceps Extension Straight (Uni)",2,7.5,9,0,0,,,
2024-03-19 08:04:27,"Chest & Triceps ",43m,"Triceps Extension Straight (Uni)",3,7.5,8,0,0,,,
2024-03-19 08:04:27,"Chest & Triceps ",43m,"Hip Thrust (Barbell)",1,100.0,8,0,0,"",,
2024-03-19 08:04:27,"Chest & Triceps ",43m,"Hip Thrust (Barbell)",2,100.0,8,0,0,,,
2024-03-19 08:04:27,"Chest & Triceps ",43m,"Hip Thrust (Barbell)",3,100.0,8,0,0,,,
2024-03-21 07:41:22,"Back & Biceps",49m,"Deadlift (Barbell)",1,50.0,3,0,0,"","",
2024-03-21 07:41:22,"Back & Biceps",49m,"Deadlift (Barbell)",2,60.0,3,0,0,,,
2024-03-21 07:41:22,"Back & Biceps",49m,"Deadlift (Barbell)",3,80.0,3,0,0,,,
2024-03-21 07:41:22,"Back & Biceps",49m,"Deadlift (Barbell)",4,90.0,1,0,0,,,
2024-03-21 07:41:22,"Back & Biceps",49m,"Deadlift (Barbell)",5,80.0,4,0,0,,,
2024-03-21 07:41:22,"Back & Biceps",49m,"Deadlift (Barbell)",6,80.0,3,0,0,,,
2024-03-21 07:41:22,"Back & Biceps",49m,"Deadlift (Barbell)",7,80.0,3,0,0,,,
2024-03-21 07:41:22,"Back & Biceps",49m,"Lat Pulldown (Cable)",1,50.0,8,0,0,"",,
2024-03-21 07:41:22,"Back & Biceps",49m,"Lat Pulldown (Cable)",2,50.0,8,0,0,,,
2024-03-21 07:41:22,"Back & Biceps",49m,"Lat Pulldown (Cable)",3,50.0,5,0,0,,,
2024-03-21 07:41:22,"Back & Biceps",49m,"Seated Row (Cable)",1,20.0,6,0,0,"",,
2024-03-21 07:41:22,"Back & Biceps",49m,"Seated Row (Cable)",2,20.0,7,0,0,,,
2024-03-21 07:41:22,"Back & Biceps",49m,"Seated Row (Cable)",3,15.0,8,0,0,,,
2024-03-25 07:55:05,"Legs",54m,"Squat (Barbell)",1,60.0,6,0,0,"","",
2024-03-25 07:55:05,"Legs",54m,"Squat (Barbell)",2,70.0,3,0,0,,,
2024-03-25 07:55:05,"Legs",54m,"Squat (Barbell)",3,70.0,3,0,0,,,
2024-03-25 07:55:05,"Legs",54m,"Squat (Barbell)",4,70.0,4,0,0,,,
2024-03-25 07:55:05,"Legs",54m,"Squat (Barbell)",5,70.0,4,0,0,,,
2024-03-25 07:55:05,"Legs",54m,"Squat (Barbell)",6,70.0,4,0,0,,,
2024-03-25 07:55:05,"Legs",54m,"Leg Press",1,150.0,7,0,0,"",,
2024-03-25 07:55:05,"Legs",54m,"Leg Press",2,150.0,8,0,0,,,
2024-03-25 07:55:05,"Legs",54m,"Leg Press",3,150.0,7,0,0,,,
2024-03-25 07:55:05,"Legs",54m,"Bulgarian Split Squat",1,40.0,8,0,0,"",,
2024-03-25 07:55:05,"Legs",54m,"Bulgarian Split Squat",2,40.0,8,0,0,,,
2024-03-25 07:55:05,"Legs",54m,"Hip Thrust (Barbell)",1,100.0,8,0,0,"",,
2024-03-25 07:55:05,"Legs",54m,"Hip Thrust (Barbell)",2,100.0,8,0,0,,,
2024-03-26 07:21:03,"Chest & Triceps ",8m,"Bench Press (Barbell)",1,40.0,6,0,0,"","",
2024-03-26 07:21:03,"Chest & Triceps ",8m,"Bench Press (Barbell)",2,50.0,3,0,0,,,
2024-03-26 07:29:56,"Chest & Triceps ",29m,"Bench Press (Barbell)",1,40.0,6,0,0,"","",
2024-03-26 07:29:56,"Chest & Triceps ",29m,"Bench Press (Barbell)",2,50.0,3,0,0,,,
2024-03-26 07:29:56,"Chest & Triceps ",29m,"Bench Press (Barbell)",3,50.0,3,0,0,,,
2024-03-26 07:29:56,"Chest & Triceps ",29m,"Bench Press (Barbell)",4,40.0,8,0,0,,,
2024-03-26 07:29:56,"Chest & Triceps ",29m,"Incline Bench Press (Dumbbell)",1,18.0,4,0,0,"",,
2024-03-26 07:29:56,"Chest & Triceps ",29m,"Incline Bench Press (Dumbbell)",2,18.0,5,0,0,,,
2024-03-26 07:29:56,"Chest & Triceps ",29m,"Incline Bench Press (Dumbbell)",3,18.0,5,0,0,,,
2024-03-26 07:29:56,"Chest & Triceps ",29m,"Triceps Extension Straight (Uni)",1,7.5,8,0,0,"",,
2024-03-26 07:29:56,"Chest & Triceps ",29m,"Triceps Extension Straight (Uni)",2,7.5,14,0,0,,,
2024-03-29 07:39:27,"Back & Biceps",46m,"Romanian Deadlift (Barbell)",1,40.0,5,0,0,"","",
2024-03-29 07:39:27,"Back & Biceps",46m,"Romanian Deadlift (Barbell)",2,60.0,3,0,0,,,
2024-03-29 07:39:27,"Back & Biceps",46m,"Romanian Deadlift (Barbell)",3,70.0,3,0,0,,,
2024-03-29 07:39:27,"Back & Biceps",46m,"Romanian Deadlift (Barbell)",4,70.0,12,0,0,,,
2024-03-29 07:39:27,"Back & Biceps",46m,"Romanian Deadlift (Barbell)",5,70.0,13,0,0,,,
2024-03-29 07:39:27,"Back & Biceps",46m,"Romanian Deadlift (Barbell)",6,80.0,6,0,0,,,
2024-03-29 07:39:27,"Back & Biceps",46m,"Lat Pulldown (Cable)",1,50.0,8,0,0,"",,
2024-03-29 07:39:27,"Back & Biceps",46m,"Lat Pulldown (Cable)",2,50.0,8,0,0,,,
2024-03-29 07:39:27,"Back & Biceps",46m,"Lat Pulldown (Cable)",3,50.0,6,0,0,,,
2024-03-29 07:39:27,"Back & Biceps",46m,"Seated Row (Cable)",1,20.0,6,0,0,"",,
2024-03-29 07:39:27,"Back & Biceps",46m,"Seated Row (Cable)",2,15.0,8,0,0,,,
2024-03-29 07:39:27,"Back & Biceps",46m,"Seated Row (Cable)",3,15.0,8,0,0,,,
2024-04-02 07:57:12,"Legs",51m,"Squat (Barbell)",1,40.0,6,0,0,"","",
2024-04-02 07:57:12,"Legs",51m,"Squat (Barbell)",2,50.0,6,0,0,,,
2024-04-02 07:57:12,"Legs",51m,"Squat (Barbell)",3,60.0,5,0,0,,,
2024-04-02 07:57:12,"Legs",51m,"Squat (Barbell)",4,60.0,7,0,0,,,
2024-04-02 07:57:12,"Legs",51m,"Squat (Barbell)",5,60.0,5,0,0,,,
2024-04-02 07:57:12,"Legs",51m,"Squat (Barbell)",6,60.0,4,0,0,,,
2024-04-02 07:57:12,"Legs",51m,"Leg Press",1,150.0,7,0,0,"",,
2024-04-02 07:57:12,"Legs",51m,"Leg Press",2,150.0,6,0,0,,,
2024-04-02 07:57:12,"Legs",51m,"Leg Press",3,150.0,7,0,0,,,
2024-04-02 07:57:12,"Legs",51m,"Bulgarian Split Squat",1,40.0,6,0,0,"",,
2024-04-02 07:57:12,"Legs",51m,"Bulgarian Split Squat",2,40.0,6,0,0,,,
2024-04-02 07:57:12,"Legs",51m,"Bulgarian Split Squat",3,40.0,6,0,0,,,
2024-04-03 07:57:43,"Chest & Triceps ",31m,"Bench Press (Barbell)",1,50.0,3,0,0,"","",
2024-04-03 07:57:43,"Chest & Triceps ",31m,"Bench Press (Barbell)",2,50.0,3,0,0,,,
2024-04-03 07:57:43,"Chest & Triceps ",31m,"Bench Press (Barbell)",3,50.0,3,0,0,,,
2024-04-03 07:57:43,"Chest & Triceps ",31m,"Incline Bench Press (Dumbbell)",1,18.0,6,0,0,"",,
2024-04-03 07:57:43,"Chest & Triceps ",31m,"Incline Bench Press (Dumbbell)",2,18.0,7,0,0,,,
2024-04-03 07:57:43,"Chest & Triceps ",31m,"Incline Bench Press (Dumbbell)",3,18.0,3,0,0,,,
2024-04-03 07:57:43,"Chest & Triceps ",31m,"Triceps Extension Straight (Uni)",1,7.5,9,0,0,"",,
2024-04-03 07:57:43,"Chest & Triceps ",31m,"Triceps Extension Straight (Uni)",2,7.5,14,0,0,,,
2024-04-04 07:35:57,"Back & Biceps",1h 18m,"Romanian Deadlift (Barbell)",1,50.0,5,0,0,"","",
2024-04-04 07:35:57,"Back & Biceps",1h 18m,"Romanian Deadlift (Barbell)",2,60.0,5,0,0,,,
2024-04-04 07:35:57,"Back & Biceps",1h 18m,"Romanian Deadlift (Barbell)",3,80.0,5,0,0,,,
2024-04-04 07:35:57,"Back & Biceps",1h 18m,"Romanian Deadlift (Barbell)",4,80.0,3,0,0,,,
2024-04-04 07:35:57,"Back & Biceps",1h 18m,"Romanian Deadlift (Barbell)",5,80.0,4,0,0,,,
2024-04-04 07:35:57,"Back & Biceps",1h 18m,"Lat Pulldown (Cable)",1,50.0,7,0,0,"",,
2024-04-04 07:35:57,"Back & Biceps",1h 18m,"Lat Pulldown (Cable)",2,50.0,5,0,0,,,
2024-04-04 07:35:57,"Back & Biceps",1h 18m,"Lat Pulldown (Cable)",3,50.0,6,0,0,,,
2024-04-04 07:35:57,"Back & Biceps",1h 18m,"Bent Over One Arm Row (Dumbbell)",1,20.0,12,0,0,"",,
2024-04-04 07:35:57,"Back & Biceps",1h 18m,"Bent Over One Arm Row (Dumbbell)",2,20.0,8,0,0,,,
2024-04-04 07:35:57,"Back & Biceps",1h 18m,"Bent Over One Arm Row (Dumbbell)",3,20.0,7,0,0,,,
2024-04-08 07:30:31,"Shoulders + Glutes ",39m,"Lateral Raise (Dumbbell)",1,8.0,10,0,0,"","",
2024-04-08 07:30:31,"Shoulders + Glutes ",39m,"Lateral Raise (Dumbbell)",2,8.0,9,0,0,,,
2024-04-08 07:30:31,"Shoulders + Glutes ",39m,"Lateral Raise (Dumbbell)",3,7.0,6,0,0,,,
2024-04-08 07:30:31,"Shoulders + Glutes ",39m,"Strict Military Press (Barbell)",1,30.0,4,0,0,"",,
2024-04-08 07:30:31,"Shoulders + Glutes ",39m,"Strict Military Press (Barbell)",2,30.0,5,0,0,,,
2024-04-08 07:30:31,"Shoulders + Glutes ",39m,"Strict Military Press (Barbell)",3,30.0,3,0,0,,,
2024-04-08 07:30:31,"Shoulders + Glutes ",39m,"Strict Military Press (Barbell)",4,20.0,15,0,0,,,
2024-04-08 07:30:31,"Shoulders + Glutes ",39m,"Flat Leg Raise",1,0,21,0,0,"",,
2024-04-08 07:30:31,"Shoulders + Glutes ",39m,"Flat Leg Raise",2,0,12,0,0,,,
2024-04-08 07:30:31,"Shoulders + Glutes ",39m,"Flat Leg Raise",3,0,15,0,0,,,
2024-04-08 07:30:31,"Shoulders + Glutes ",39m,"Crunch",1,0,21,0,0,"",,
2024-04-08 07:30:31,"Shoulders + Glutes ",39m,"Crunch",2,0.0,15,0,0,,,
2024-04-08 07:30:31,"Shoulders + Glutes ",39m,"Crunch",3,5.0,6,0,0,,,
2024-04-08 07:30:31,"Shoulders + Glutes ",39m,"Kettle Bell Single Leg Raises",1,12.0,21,0,0,"",,
2024-04-08 07:30:31,"Shoulders + Glutes ",39m,"Kettle Bell Single Leg Raises",2,12.0,20,0,0,,,
2024-04-08 07:30:31,"Shoulders + Glutes ",39m,"Kettle Bell Single Leg Raises",3,12.0,17,0,0,,,
2024-04-08 07:30:31,"Shoulders + Glutes ",39m,"Lateral Raise (Dumbbell)",1,8.0,10,0,0,"","",
2024-04-08 07:30:31,"Shoulders + Glutes ",39m,"Lateral Raise (Dumbbell)",2,8.0,9,0,0,,,
2024-04-08 07:30:31,"Shoulders + Glutes ",39m,"Lateral Raise (Dumbbell)",3,7.0,6,0,0,,,
2024-04-08 07:30:31,"Shoulders + Glutes ",39m,"Strict Military Press (Barbell)",1,30.0,4,0,0,"",,
2024-04-08 07:30:31,"Shoulders + Glutes ",39m,"Strict Military Press (Barbell)",2,30.0,5,0,0,,,
2024-04-08 07:30:31,"Shoulders + Glutes ",39m,"Strict Military Press (Barbell)",3,30.0,3,0,0,,,
2024-04-08 07:30:31,"Shoulders + Glutes ",39m,"Strict Military Press (Barbell)",4,20.0,15,0,0,,,
2024-04-08 07:30:31,"Shoulders + Glutes ",39m,"Flat Leg Raise",1,0,21,0,0,"",,
2024-04-08 07:30:31,"Shoulders + Glutes ",39m,"Flat Leg Raise",2,0,12,0,0,,,
2024-04-08 07:30:31,"Shoulders + Glutes ",39m,"Flat Leg Raise",3,0,15,0,0,,,
2024-04-08 07:30:31,"Shoulders + Glutes ",39m,"Crunch",1,0,21,0,0,"",,
2024-04-08 07:30:31,"Shoulders + Glutes ",39m,"Crunch",2,0.0,15,0,0,,,
2024-04-08 07:30:31,"Shoulders + Glutes ",39m,"Crunch",3,5.0,6,0,0,,,
2024-04-08 07:30:31,"Shoulders + Glutes ",39m,"Kettle Bell Single Leg Raises",1,12.0,21,0,0,"",,
2024-04-08 07:30:31,"Shoulders + Glutes ",39m,"Kettle Bell Single Leg Raises",2,12.0,20,0,0,,,
2024-04-08 07:30:31,"Shoulders + Glutes ",39m,"Kettle Bell Single Leg Raises",3,12.0,17,0,0,,,
2024-04-14 11:32:51,"Legs",1h 13m,"Squat (Barbell)",1,40.0,6,0,0,"","",
2024-04-14 11:32:51,"Legs",1h 13m,"Squat (Barbell)",2,50.0,6,0,0,,,
2024-04-14 11:32:51,"Legs",1h 13m,"Squat (Barbell)",3,60.0,4,0,0,,,
2024-04-14 11:32:51,"Legs",1h 13m,"Squat (Barbell)",4,70.0,3,0,0,,,
2024-04-14 11:32:51,"Legs",1h 13m,"Squat (Barbell)",5,70.0,3,0,0,,,
2024-04-14 11:32:51,"Legs",1h 13m,"Squat (Barbell)",6,70.0,4,0,0,,,
2024-04-14 11:32:51,"Legs",1h 13m,"Leg Press",1,150.0,7,0,0,"",,
2024-04-14 11:32:51,"Legs",1h 13m,"Leg Press",2,150.0,6,0,0,,,
2024-04-14 11:32:51,"Legs",1h 13m,"Bulgarian Split Squat",1,36.0,11,0,0,"",,
2024-04-14 11:32:51,"Legs",1h 13m,"Bulgarian Split Squat",2,36.0,8,0,0,,,
2024-04-14 11:32:51,"Legs",1h 13m,"Bulgarian Split Squat",3,40.0,6,0,0,,,
2024-04-14 11:32:51,"Legs",1h 13m,"Hip Thrust (Barbell)",1,100.0,8,0,0,"",,
2024-04-14 11:32:51,"Legs",1h 13m,"Hip Thrust (Barbell)",2,100.0,8,0,0,,,
2024-04-14 11:32:51,"Legs",1h 13m,"Hip Thrust (Barbell)",3,100.0,8,0,0,,,
2024-04-15 07:57:46,"Chest & Triceps ",41m,"Bench Press (Barbell)",1,50.0,4,0,0,"","",
2024-04-15 07:57:46,"Chest & Triceps ",41m,"Bench Press (Barbell)",2,45.0,10,0,0,,,
2024-04-15 07:57:46,"Chest & Triceps ",41m,"Bench Press (Barbell)",3,40.0,12,0,0,,,
2024-04-15 07:57:46,"Chest & Triceps ",41m,"Chest Fly (Dumbbell)",1,16.0,7,0,0,"",,
2024-04-15 07:57:46,"Chest & Triceps ",41m,"Chest Fly (Dumbbell)",2,16.0,7,0,0,,,
2024-04-15 07:57:46,"Chest & Triceps ",41m,"Chest Fly (Dumbbell)",3,16.0,6,0,0,,,
2024-04-15 07:57:46,"Chest & Triceps ",41m,"Triceps Extension Straight (Uni)",1,7.5,12,0,0,"",,
2024-04-15 07:57:46,"Chest & Triceps ",41m,"Triceps Extension Straight (Uni)",2,7.5,11,0,0,,,
2024-04-15 07:57:46,"Chest & Triceps ",41m,"Triceps Extension Straight (Uni)",3,7.5,11,0,0,,,
2024-04-16 08:07:04,"Back & Biceps",51m,"Romanian Deadlift (Barbell)",1,70.0,6,0,0,"","",
2024-04-16 08:07:04,"Back & Biceps",51m,"Romanian Deadlift (Barbell)",2,70.0,6,0,0,,,
2024-04-16 08:07:04,"Back & Biceps",51m,"Romanian Deadlift (Barbell)",3,70.0,7,0,0,,,
2024-04-16 08:07:04,"Back & Biceps",51m,"Lat Pulldown (Cable)",1,50.0,7,0,0,"",,
2024-04-16 08:07:04,"Back & Biceps",51m,"Lat Pulldown (Cable)",2,50.0,5,0,0,,,
2024-04-16 08:07:04,"Back & Biceps",51m,"Lat Pulldown (Cable)",3,50.0,8,0,0,,,
2024-04-16 08:07:04,"Back & Biceps",51m,"Seated Row (Cable)",1,20.0,4,0,0,"",,
2024-04-16 08:07:04,"Back & Biceps",51m,"Seated Row (Cable)",2,15.0,8,0,0,,,
2024-04-16 08:07:04,"Back & Biceps",51m,"Seated Row (Cable)",3,15.0,8,0,0,,,
2024-04-16 08:07:04,"Back & Biceps",51m,"Bicep Curl (Dumbbell)",1,10.0,6,0,0,"",,
2024-04-16 08:07:04,"Back & Biceps",51m,"Bicep Curl (Dumbbell)",2,10.0,8,0,0,,,
2024-04-18 07:54:39,"Shoulders + Glutes ",48m,"Strict Military Press (Barbell)",1,22.5,8,0,0,"","",
2024-04-18 07:54:39,"Shoulders + Glutes ",48m,"Strict Military Press (Barbell)",2,30.0,5,0,0,,,
2024-04-18 07:54:39,"Shoulders + Glutes ",48m,"Strict Military Press (Barbell)",3,30.0,4,0,0,,,
2024-04-18 07:54:39,"Shoulders + Glutes ",48m,"Strict Military Press (Barbell)",4,30.0,4,0,0,,,
2024-04-18 07:54:39,"Shoulders + Glutes ",48m,"Lateral Raise (Dumbbell)",1,7.0,9,0,0,"",,
2024-04-18 07:54:39,"Shoulders + Glutes ",48m,"Lateral Raise (Dumbbell)",2,7.0,12,0,0,,,
2024-04-18 07:54:39,"Shoulders + Glutes ",48m,"Lateral Raise (Dumbbell)",3,7.0,13,0,0,,,
2024-04-18 07:54:39,"Shoulders + Glutes ",48m,"Flat Leg Raise",1,0,21,0,0,"",,
2024-04-18 07:54:39,"Shoulders + Glutes ",48m,"Flat Leg Raise",2,0,12,0,0,,,
2024-04-18 07:54:39,"Shoulders + Glutes ",48m,"Flat Leg Raise",3,0,15,0,0,,,
2024-04-18 07:54:39,"Shoulders + Glutes ",48m,"Crunch",1,0.0,21,0,0,"",,
2024-04-18 07:54:39,"Shoulders + Glutes ",48m,"Crunch",2,0.0,15,0,0,,,
2024-04-18 07:54:39,"Shoulders + Glutes ",48m,"Crunch",3,5.0,6,0,0,,,
2024-04-18 07:54:39,"Shoulders + Glutes ",48m,"Kettle Bell Single Leg Raises",1,12.0,21,0,0,"",,
2024-04-18 07:54:39,"Shoulders + Glutes ",48m,"Kettle Bell Single Leg Raises",2,12.0,20,0,0,,,
2024-04-18 07:54:39,"Shoulders + Glutes ",48m,"Kettle Bell Single Leg Raises",3,12.0,17,0,0,,,
2024-04-19 08:11:20,"Legs",42m,"Squat (Barbell)",1,60.0,5,0,0,"","",
2024-04-19 08:11:20,"Legs",42m,"Squat (Barbell)",2,70.0,4,0,0,,,
2024-04-19 08:11:20,"Legs",42m,"Squat (Barbell)",3,70.0,3,0,0,,,
2024-04-19 08:11:20,"Legs",42m,"Leg Press",1,150.0,12,0,0,"",,
2024-04-19 08:11:20,"Legs",42m,"Leg Press",2,150.0,10,0,0,,,
2024-04-19 08:11:20,"Legs",42m,"Leg Press",3,150.0,7,0,0,,,
2024-04-19 08:11:20,"Legs",42m,"Bulgarian Split Squat",1,36.0,6,0,0,"",,
2024-04-19 08:11:20,"Legs",42m,"Bulgarian Split Squat",2,36.0,7,0,0,,,
2024-04-19 08:11:20,"Legs",42m,"Bulgarian Split Squat",3,36.0,7,0,0,,,
2024-04-24 08:14:36,"Chest & Triceps ",39m,"Bench Press (Barbell)",1,45.0,5,0,0,"","",
2024-04-24 08:14:36,"Chest & Triceps ",39m,"Bench Press (Barbell)",2,45.0,4,0,0,,,
2024-04-24 08:14:36,"Chest & Triceps ",39m,"Bench Press (Barbell)",3,45.0,5,0,0,,,
2024-04-24 08:14:36,"Chest & Triceps ",39m,"Chest Fly (Dumbbell)",1,14.0,9,0,0,"",,
2024-04-24 08:14:36,"Chest & Triceps ",39m,"Chest Fly (Dumbbell)",2,16.0,8,0,0,,,
2024-04-24 08:14:36,"Chest & Triceps ",39m,"Chest Fly (Dumbbell)",3,16.0,6,0,0,,,
2024-04-24 08:14:36,"Chest & Triceps ",39m,"Triceps Extension Straight (Uni)",1,7.5,12,0,0,"",,
2024-04-24 08:14:36,"Chest & Triceps ",39m,"Triceps Extension Straight (Uni)",2,7.5,11,0,0,,,
2024-04-24 08:14:36,"Chest & Triceps ",39m,"Triceps Extension Straight (Uni)",3,7.5,11,0,0,,,
2024-04-25 08:30:00,"Back & Biceps",35m,"Deadlift (Barbell)",1,50.0,3,0,0,"","",
2024-04-25 08:30:00,"Back & Biceps",35m,"Deadlift (Barbell)",2,60.0,3,0,0,,,
2024-04-25 08:30:00,"Back & Biceps",35m,"Deadlift (Barbell)",3,80.0,3,0,0,,,
2024-04-25 08:30:00,"Back & Biceps",35m,"Deadlift (Barbell)",4,90.0,2,0,0,,,
2024-04-25 08:30:00,"Back & Biceps",35m,"Deadlift (Barbell)",5,90.0,2,0,0,,,
2024-04-25 08:30:00,"Back & Biceps",35m,"Deadlift (Barbell)",6,80.0,4,0,0,,,
2024-04-25 08:30:00,"Back & Biceps",35m,"Lat Pulldown (Cable)",1,50.0,7,0,0,"",,
2024-04-25 08:30:00,"Back & Biceps",35m,"Seated Row (Cable)",1,20.0,5,0,0,"",,
2024-04-25 08:30:00,"Back & Biceps",35m,"Seated Row (Cable)",2,15.0,8,0,0,,,
2024-04-25 08:30:00,"Back & Biceps",35m,"Seated Row (Cable)",3,15.0,8,0,0,,,
2024-04-27 09:34:53,"Legs",54m,"Squat (Barbell)",1,40.0,5,0,0,"","",
2024-04-27 09:34:53,"Legs",54m,"Squat (Barbell)",2,50.0,3,0,0,,,
2024-04-27 09:34:53,"Legs",54m,"Squat (Barbell)",3,60.0,3,0,0,,,
2024-04-27 09:34:53,"Legs",54m,"Squat (Barbell)",4,70.0,3,0,0,,,
2024-04-27 09:34:53,"Legs",54m,"Squat (Barbell)",5,70.0,3,0,0,,,
2024-04-27 09:34:53,"Legs",54m,"Squat (Barbell)",6,60.0,4,0,0,,,
2024-04-27 09:34:53,"Legs",54m,"Bulgarian Split Squat",1,40.0,6,0,0,"",,
2024-04-27 09:34:53,"Legs",54m,"Bulgarian Split Squat",2,40.0,6,0,0,,,
2024-04-27 09:34:53,"Legs",54m,"Bulgarian Split Squat",3,40.0,4,0,0,,,
2024-04-27 09:34:53,"Legs",54m,"Leg Extension (Machine)",1,50.0,8,0,0,"",,
2024-04-27 09:34:53,"Legs",54m,"Leg Extension (Machine)",2,50.0,13,0,0,,,
2024-04-29 08:29:22,"Shoulders + Glutes ",1h 3m,"Strict Military Press (Barbell)",1,30.0,5,0,0,"","",
2024-04-29 08:29:22,"Shoulders + Glutes ",1h 3m,"Strict Military Press (Barbell)",2,30.0,4,0,0,,,
2024-04-29 08:29:22,"Shoulders + Glutes ",1h 3m,"Strict Military Press (Barbell)",3,30.0,5,0,0,,,
2024-04-29 08:29:22,"Shoulders + Glutes ",1h 3m,"Lateral Raise (Cable)",1,5.0,4,0,0,"",,
2024-04-29 08:29:22,"Shoulders + Glutes ",1h 3m,"Lateral Raise (Cable)",2,5.0,5,0,0,,,
2024-04-29 08:29:22,"Shoulders + Glutes ",1h 3m,"Lateral Raise (Cable)",3,5.0,8,0,0,,,
2024-04-29 08:29:22,"Shoulders + Glutes ",1h 3m,"Flat Leg Raise",1,0,21,0,0,"",,
2024-04-29 08:29:22,"Shoulders + Glutes ",1h 3m,"Crunch",1,0.0,21,0,0,"",,
2024-04-29 08:29:22,"Shoulders + Glutes ",1h 3m,"Kettle Bell Single Leg Raises",1,12.0,21,0,0,"",,
2024-04-30 07:48:40,"Legs",71h 49m,"Squat (Barbell)",1,60.0,4,0,0,"","",
2024-04-30 07:48:40,"Legs",71h 49m,"Squat (Barbell)",2,70.0,4,0,0,,,
2024-04-30 07:48:40,"Legs",71h 49m,"Squat (Barbell)",3,70.0,5,0,0,,,
2024-04-30 07:48:40,"Legs",71h 49m,"Bulgarian Split Squat",1,36.0,6,0,0,"",,
2024-04-30 07:48:40,"Legs",71h 49m,"Bulgarian Split Squat",2,36.0,9,0,0,,,
2024-04-30 07:48:40,"Legs",71h 49m,"Bulgarian Split Squat",3,36.0,6,0,0,,,
2024-04-30 07:48:40,"Legs",71h 49m,"Leg Press",1,150.0,8,0,0,"",,
2024-04-30 07:48:40,"Legs",71h 49m,"Leg Press",2,150.0,6,0,0,,,
2024-05-03 07:39:00,"Chest & Triceps ",37m,"Bench Press (Barbell)",1,40.0,8,0,0,"","",
2024-05-03 07:39:00,"Chest & Triceps ",37m,"Bench Press (Barbell)",2,45.0,6,0,0,,,
2024-05-03 07:39:00,"Chest & Triceps ",37m,"Bench Press (Barbell)",3,50.0,3,0,0,,,
2024-05-03 07:39:00,"Chest & Triceps ",37m,"Bench Press (Barbell)",4,50.0,2,0,0,,,
2024-05-03 07:39:00,"Chest & Triceps ",37m,"Chest Fly (Dumbbell)",1,16.0,4,0,0,"",,
2024-05-03 07:39:00,"Chest & Triceps ",37m,"Chest Fly (Dumbbell)",2,16.0,4,0,0,,,
2024-05-03 07:39:00,"Chest & Triceps ",37m,"Chest Fly (Dumbbell)",3,16.0,6,0,0,,,
2024-05-03 07:39:00,"Chest & Triceps ",37m,"Triceps Extension",1,10.0,12,0,0,"",,
2024-05-03 07:39:00,"Chest & Triceps ",37m,"Triceps Extension",2,10.0,12,0,0,,,
2024-05-03 07:39:00,"Chest & Triceps ",37m,"Triceps Extension",3,17.5,11,0,0,,,
2024-05-06 08:03:21,"Back & Biceps",44m,"Romanian Deadlift (Barbell)",1,70.0,7,0,0,"","",
2024-05-06 08:03:21,"Back & Biceps",44m,"Romanian Deadlift (Barbell)",2,70.0,8,0,0,,,
2024-05-06 08:03:21,"Back & Biceps",44m,"Romanian Deadlift (Barbell)",3,70.0,8,0,0,,,
2024-05-06 08:03:21,"Back & Biceps",44m,"Bent Over One Arm Row (Dumbbell)",1,22.0,4,0,0,"",,
2024-05-06 08:03:21,"Back & Biceps",44m,"Bent Over One Arm Row (Dumbbell)",2,22.0,4,0,0,,,
2024-05-06 08:03:21,"Back & Biceps",44m,"Bent Over One Arm Row (Dumbbell)",3,22.0,4,0,0,,,
2024-05-06 08:03:21,"Back & Biceps",44m,"Lat Pulldown (Cable)",1,50.0,8,0,0,"",,
2024-05-06 08:03:21,"Back & Biceps",44m,"Lat Pulldown (Cable)",2,50.0,5,0,0,,,
2024-05-06 08:03:21,"Back & Biceps",44m,"Lat Pulldown (Cable)",3,50.0,8,0,0,,,
2024-05-08 07:54:07,"Legs",1h 3m,"Squat (Barbell)",1,60.0,3,0,0,"","",
2024-05-08 07:54:07,"Legs",1h 3m,"Squat (Barbell)",2,70.0,2,0,0,,,
2024-05-08 07:54:07,"Legs",1h 3m,"Squat (Barbell)",3,70.0,3,0,0,,,
2024-05-08 07:54:07,"Legs",1h 3m,"Squat (Barbell)",4,70.0,3,0,0,,,
2024-05-08 07:54:07,"Legs",1h 3m,"Bulgarian Split Squat",1,40.0,8,0,0,"",,
2024-05-08 07:54:07,"Legs",1h 3m,"Bulgarian Split Squat",2,40.0,7,0,0,,,
2024-05-08 07:54:07,"Legs",1h 3m,"Hip Thrust (Barbell)",1,100.0,8,0,0,"",,
2024-05-08 07:54:07,"Legs",1h 3m,"Hip Thrust (Barbell)",2,100.0,8,0,0,,,
2024-05-08 07:54:07,"Legs",1h 3m,"Leg Extension (Machine)",1,50.0,8,0,0,"",,
2024-05-08 07:54:07,"Legs",1h 3m,"Leg Extension (Machine)",2,50.0,13,0,0,,,
2024-05-08 07:54:07,"Legs",1h 3m,"Leg Extension (Machine)",3,50.0,13,0,0,,,
2024-05-09 08:04:44,"Shoulders + Glutes ",43m,"Strict Military Press (Barbell)",1,30.0,5,0,0,"","",
2024-05-09 08:04:44,"Shoulders + Glutes ",43m,"Strict Military Press (Barbell)",2,30.0,5,0,0,,,
2024-05-09 08:04:44,"Shoulders + Glutes ",43m,"Strict Military Press (Barbell)",3,30.0,4,0,0,,,
2024-05-09 08:04:44,"Shoulders + Glutes ",43m,"Strict Military Press (Barbell)",4,30.0,3,0,0,,,
2024-05-09 08:04:44,"Shoulders + Glutes ",43m,"Lateral Raise (Cable)",1,5.0,7,0,0,"",,
2024-05-09 08:04:44,"Shoulders + Glutes ",43m,"Lateral Raise (Cable)",2,5.0,6,0,0,,,
2024-05-09 08:04:44,"Shoulders + Glutes ",43m,"Lateral Raise (Cable)",3,5.0,8,0,0,,,
2024-05-09 08:04:44,"Shoulders + Glutes ",43m,"Flat Leg Raise",1,0,21,0,0,"",,
2024-05-09 08:04:44,"Shoulders + Glutes ",43m,"Flat Leg Raise",2,0,12,0,0,,,
2024-05-09 08:04:44,"Shoulders + Glutes ",43m,"Flat Leg Raise",3,0,15,0,0,,,
2024-05-09 08:04:44,"Shoulders + Glutes ",43m,"Crunch",1,0.0,21,0,0,"",,
2024-05-09 08:04:44,"Shoulders + Glutes ",43m,"Crunch",2,0.0,15,0,0,,,
2024-05-09 08:04:44,"Shoulders + Glutes ",43m,"Crunch",3,5.0,6,0,0,,,
2024-05-09 08:04:44,"Shoulders + Glutes ",43m,"Kettle Bell Single Leg Raises",1,12.0,21,0,0,"",,
2024-05-09 08:04:44,"Shoulders + Glutes ",43m,"Kettle Bell Single Leg Raises",2,12.0,20,0,0,,,
2024-05-09 08:04:44,"Shoulders + Glutes ",43m,"Kettle Bell Single Leg Raises",3,12.0,17,0,0,,,
2024-05-13 07:38:24,"Legs",34m,"Squat (Barbell)",1,70.0,5,0,0,"","",
2024-05-13 07:38:24,"Legs",34m,"Squat (Barbell)",2,80.0,2,0,0,,,
2024-05-13 07:38:24,"Legs",34m,"Squat (Barbell)",3,60.0,3,0,0,,,
2024-05-13 07:38:24,"Legs",34m,"Bulgarian Split Squat",1,36.0,8,0,0,"",,
2024-05-13 07:38:24,"Legs",34m,"Bulgarian Split Squat",2,36.0,8,0,0,,,
2024-05-13 07:38:24,"Legs",34m,"Bulgarian Split Squat",3,36.0,8,0,0,,,
2024-05-13 07:38:24,"Legs",34m,"Leg Press",1,150.0,11,0,0,"",,
2024-05-13 07:38:24,"Legs",34m,"Leg Press",2,150.0,6,0,0,,,
2024-05-13 07:38:24,"Legs",34m,"Leg Press",3,150.0,7,0,0,,,
2024-05-14 07:25:52,"Chest & Triceps ",40m,"Bench Press (Barbell)",1,45.0,5,0,0,"","",
2024-05-14 07:25:52,"Chest & Triceps ",40m,"Bench Press (Barbell)",2,45.0,5,0,0,,,
2024-05-14 07:25:52,"Chest & Triceps ",40m,"Bench Press (Barbell)",3,50.0,2,0,0,,,
2024-05-14 07:25:52,"Chest & Triceps ",40m,"Incline Bench Press (Dumbbell)",1,18.0,5,0,0,"",,
2024-05-14 07:25:52,"Chest & Triceps ",40m,"Incline Bench Press (Dumbbell)",2,18.0,4,0,0,,,
2024-05-14 07:25:52,"Chest & Triceps ",40m,"Incline Bench Press (Dumbbell)",3,18.0,3,0,0,,,
2024-05-14 07:25:52,"Chest & Triceps ",40m,"Triceps Extension",1,10.0,12,0,0,"",,
2024-05-14 07:25:52,"Chest & Triceps ",40m,"Triceps Extension",2,12.5,5,0,0,,,
2024-05-14 07:25:52,"Chest & Triceps ",40m,"Triceps Extension",3,12.5,6,0,0,,,
2024-05-17 07:28:02,"Shoulders + Glutes ",54m,"Strict Military Press (Barbell)",1,30.0,5,0,0,"","",
2024-05-17 07:28:02,"Shoulders + Glutes ",54m,"Strict Military Press (Barbell)",2,30.0,4,0,0,,,
2024-05-17 07:28:02,"Shoulders + Glutes ",54m,"Strict Military Press (Barbell)",3,30.0,3,0,0,,,
2024-05-17 07:28:02,"Shoulders + Glutes ",54m,"Lateral Raise (Dumbbell)",1,8.0,8,0,0,"",,
2024-05-17 07:28:02,"Shoulders + Glutes ",54m,"Lateral Raise (Dumbbell)",2,8.0,8,0,0,,,
2024-05-17 07:28:02,"Shoulders + Glutes ",54m,"Lateral Raise (Dumbbell)",3,8.0,8,0,0,,,
2024-05-17 07:28:02,"Shoulders + Glutes ",54m,"Flat Leg Raise",1,0,21,0,0,"",,
2024-05-17 07:28:02,"Shoulders + Glutes ",54m,"Flat Leg Raise",2,0,12,0,0,,,
2024-05-17 07:28:02,"Shoulders + Glutes ",54m,"Flat Leg Raise",3,0,15,0,0,,,
2024-05-17 07:28:02,"Shoulders + Glutes ",54m,"Crunch",1,0.0,21,0,0,"",,
2024-05-17 07:28:02,"Shoulders + Glutes ",54m,"Crunch",2,0.0,15,0,0,,,
2024-05-17 07:28:02,"Shoulders + Glutes ",54m,"Crunch",3,5.0,6,0,0,,,
2024-05-17 07:28:02,"Shoulders + Glutes ",54m,"Kettle Bell Single Leg Raises",1,12.0,21,0,0,"",,
2024-05-17 07:28:02,"Shoulders + Glutes ",54m,"Kettle Bell Single Leg Raises",2,12.0,20,0,0,,,
2024-05-17 07:28:02,"Shoulders + Glutes ",54m,"Kettle Bell Single Leg Raises",3,12.0,17,0,0,,,
2024-05-20 07:07:02,"Legs",1h 4m,"Squat (Barbell)",1,60.0,3,0,0,"","",
2024-05-20 07:07:02,"Legs",1h 4m,"Squat (Barbell)",2,70.0,4,0,0,,,
2024-05-20 07:07:02,"Legs",1h 4m,"Squat (Barbell)",3,70.0,3,0,0,,,
2024-05-20 07:07:02,"Legs",1h 4m,"Squat (Barbell)",4,70.0,4,0,0,,,
2024-05-20 07:07:02,"Legs",1h 4m,"Bulgarian Split Squat",1,40.0,9,0,0,"",,
2024-05-20 07:07:02,"Legs",1h 4m,"Bulgarian Split Squat",2,40.0,5,0,0,,,
2024-05-20 07:07:02,"Legs",1h 4m,"Bulgarian Split Squat",3,40.0,9,0,0,,,
2024-05-20 07:07:02,"Legs",1h 4m,"Leg Press",1,150.0,7,0,0,"",,
2024-05-20 07:07:02,"Legs",1h 4m,"Leg Press",2,150.0,7,0,0,,,
2024-05-20 07:07:02,"Legs",1h 4m,"Leg Press",3,150.0,7,0,0,,,
2024-05-20 07:07:02,"Legs",1h 4m,"Hip Abductor (Machine)",1,55.0,12,0,0,"",,
2024-05-20 07:07:02,"Legs",1h 4m,"Hip Abductor (Machine)",2,60.0,9,0,0,,,
2024-05-20 07:07:02,"Legs",1h 4m,"Hip Abductor (Machine)",3,55.0,9,0,0,,,
2024-05-21 07:40:04,"Chest & Triceps ",34m,"Bench Press (Barbell)",1,40.0,5,0,0,"","",
2024-05-21 07:40:04,"Chest & Triceps ",34m,"Bench Press (Barbell)",2,45.0,3,0,0,,,
2024-05-21 07:40:04,"Chest & Triceps ",34m,"Bench Press (Barbell)",3,45.0,3,0,0,,,
2024-05-21 07:40:04,"Chest & Triceps ",34m,"Bench Press (Barbell)",4,45.0,3,0,0,,,
2024-05-21 07:40:04,"Chest & Triceps ",34m,"Incline Bench Press (Dumbbell)",1,16.0,6,0,0,"",,
2024-05-21 07:40:04,"Chest & Triceps ",34m,"Incline Bench Press (Dumbbell)",2,16.0,6,0,0,,,
2024-05-21 07:40:04,"Chest & Triceps ",34m,"Incline Bench Press (Dumbbell)",3,16.0,5,0,0,,,
2024-05-21 07:40:04,"Chest & Triceps ",34m,"Triceps Extension",1,12.5,9,0,0,"",,
2024-05-21 07:40:04,"Chest & Triceps ",34m,"Triceps Extension",2,12.5,6,0,0,,,
2024-05-21 07:40:04,"Chest & Triceps ",34m,"Triceps Extension",3,12.5,5,0,0,,,
2024-05-23 07:29:56,"Back & Biceps",40m,"Romanian Deadlift (Barbell)",1,70.0,8,0,0,"","",
2024-05-23 07:29:56,"Back & Biceps",40m,"Romanian Deadlift (Barbell)",2,80.0,3,0,0,,,
2024-05-23 07:29:56,"Back & Biceps",40m,"Romanian Deadlift (Barbell)",3,80.0,3,0,0,,,
2024-05-23 07:29:56,"Back & Biceps",40m,"Lat Pulldown (Cable)",1,50.0,6,0,0,"",,
2024-05-23 07:29:56,"Back & Biceps",40m,"Lat Pulldown (Cable)",2,50.0,4,0,0,,,
2024-05-23 07:29:56,"Back & Biceps",40m,"Lat Pulldown (Cable)",3,50.0,3,0,0,,,
2024-05-23 07:29:56,"Back & Biceps",40m,"Seated Row (Cable)",1,15.0,5,0,0,"",,
2024-05-23 07:29:56,"Back & Biceps",40m,"Seated Row (Cable)",2,15.0,8,0,0,,,
2024-05-23 07:29:56,"Back & Biceps",40m,"Seated Row (Cable)",3,15.0,8,0,0,,,
2024-05-24 07:29:33,"Shoulders + Glutes ",47m,"Strict Military Press (Barbell)",1,30.0,3,0,0,"","",
2024-05-24 07:29:33,"Shoulders + Glutes ",47m,"Strict Military Press (Barbell)",2,30.0,2,0,0,,,
2024-05-24 07:29:33,"Shoulders + Glutes ",47m,"Strict Military Press (Barbell)",3,30.0,3,0,0,,,
2024-05-24 07:29:33,"Shoulders + Glutes ",47m,"Lateral Raise (Cable)",1,2.8,15,0,0,"",,
2024-05-24 07:29:33,"Shoulders + Glutes ",47m,"Lateral Raise (Cable)",2,5.0,10,0,0,,,
2024-05-24 07:29:33,"Shoulders + Glutes ",47m,"Lateral Raise (Cable)",3,5.0,9,0,0,,,
2024-05-24 07:29:33,"Shoulders + Glutes ",47m,"Flat Leg Raise",1,0,21,0,0,"",,
2024-05-24 07:29:33,"Shoulders + Glutes ",47m,"Flat Leg Raise",2,0,12,0,0,,,
2024-05-24 07:29:33,"Shoulders + Glutes ",47m,"Flat Leg Raise",3,0,15,0,0,,,
2024-05-24 07:29:33,"Shoulders + Glutes ",47m,"Crunch",1,0.0,21,0,0,"",,
2024-05-24 07:29:33,"Shoulders + Glutes ",47m,"Crunch",2,0.0,15,0,0,,,
2024-05-24 07:29:33,"Shoulders + Glutes ",47m,"Crunch",3,5.0,6,0,0,,,
2024-05-24 07:29:33,"Shoulders + Glutes ",47m,"Kettle Bell Single Leg Raises",1,12.0,21,0,0,"",,
2024-05-24 07:29:33,"Shoulders + Glutes ",47m,"Kettle Bell Single Leg Raises",2,12.0,20,0,0,,,
2024-05-24 07:29:33,"Shoulders + Glutes ",47m,"Kettle Bell Single Leg Raises",3,12.0,17,0,0,,,
2024-06-04 07:38:07,"Legs",42m,"Squat (Barbell)",1,60.0,6,0,0,"","",
2024-06-04 07:38:07,"Legs",42m,"Squat (Barbell)",2,70.0,4,0,0,,,
2024-06-04 07:38:07,"Legs",42m,"Squat (Barbell)",3,70.0,4,0,0,,,
2024-06-04 07:38:07,"Legs",42m,"Squat (Barbell)",4,70.0,2,0,0,,,
2024-06-04 07:38:07,"Legs",42m,"Lunge (Dumbbell)",1,14.0,22,0,0,"",,
2024-06-04 07:38:07,"Legs",42m,"Lunge (Dumbbell)",2,14.0,22,0,0,,,
2024-06-04 07:38:07,"Legs",42m,"Lunge (Dumbbell)",3,14.0,22,0,0,,,
2024-06-04 07:38:07,"Legs",42m,"Leg Press",1,150.0,8,0,0,"",,
2024-06-04 07:38:07,"Legs",42m,"Leg Press",2,150.0,8,0,0,,,
2024-06-04 07:38:07,"Legs",42m,"Leg Press",3,150.0,7,0,0,,,
2024-06-05 07:42:19,"Chest & Triceps ",45m,"Bench Press (Barbell)",1,45.0,5,0,0,"","",
2024-06-05 07:42:19,"Chest & Triceps ",45m,"Bench Press (Barbell)",2,50.0,3,0,0,,,
2024-06-05 07:42:19,"Chest & Triceps ",45m,"Bench Press (Barbell)",3,45.0,3,0,0,,,
2024-06-05 07:42:19,"Chest & Triceps ",45m,"Chest Fly (Dumbbell)",1,16.0,5,0,0,"",,
2024-06-05 07:42:19,"Chest & Triceps ",45m,"Chest Fly (Dumbbell)",2,16.0,5,0,0,,,
2024-06-05 07:42:19,"Chest & Triceps ",45m,"Chest Fly (Dumbbell)",3,16.0,3,0,0,,,
2024-06-05 07:42:19,"Chest & Triceps ",45m,"Triceps Extension",1,12.5,9,0,0,"",,
2024-06-05 07:42:19,"Chest & Triceps ",45m,"Triceps Extension",2,12.5,6,0,0,,,
2024-06-05 07:42:19,"Chest & Triceps ",45m,"Triceps Extension",3,12.5,4,0,0,,,
2024-06-05 07:42:19,"Chest & Triceps ",45m,"Triceps Extension Straight (Uni)",1,7.5,6,0,0,"",,
2024-06-05 07:42:19,"Chest & Triceps ",45m,"Triceps Extension Straight (Uni)",2,7.5,6,0,0,,,
2024-06-06 07:37:37,"Back & Biceps",40m,"Deadlift (Barbell)",1,70.0,3,0,0,"","",
2024-06-06 07:37:37,"Back & Biceps",40m,"Deadlift (Barbell)",2,80.0,3,0,0,,,
2024-06-06 07:37:37,"Back & Biceps",40m,"Deadlift (Barbell)",3,80.0,4,0,0,,,
2024-06-06 07:37:37,"Back & Biceps",40m,"Deadlift (Barbell)",4,90.0,2,0,0,,,
2024-06-06 07:37:37,"Back & Biceps",40m,"Deadlift (Barbell)",5,90.0,2,0,0,,,
2024-06-06 07:37:37,"Back & Biceps",40m,"Lat Pulldown (Cable)",1,55.0,3,0,0,"",,
2024-06-06 07:37:37,"Back & Biceps",40m,"Lat Pulldown (Cable)",2,50.0,6,0,0,,,
2024-06-06 07:37:37,"Back & Biceps",40m,"Lat Pulldown (Cable)",3,50.0,5,0,0,,,
2024-06-06 07:37:37,"Back & Biceps",40m,"Bent Over One Arm Row (Dumbbell)",1,20.0,8,0,0,"",,
2024-06-06 07:37:37,"Back & Biceps",40m,"Bent Over One Arm Row (Dumbbell)",2,20.0,8,0,0,,,
2024-06-06 07:37:37,"Back & Biceps",40m,"Bent Over One Arm Row (Dumbbell)",3,20.0,5,0,0,,,
2024-06-07 07:30:25,"Shoulders + Glutes ",3h 16m,"Strict Military Press (Barbell)",1,30.0,5,0,0,"","",
2024-06-07 07:30:25,"Shoulders + Glutes ",3h 16m,"Strict Military Press (Barbell)",2,30.0,4,0,0,,,
2024-06-07 07:30:25,"Shoulders + Glutes ",3h 16m,"Strict Military Press (Barbell)",3,30.0,3,0,0,,,
2024-06-07 07:30:25,"Shoulders + Glutes ",3h 16m,"Strict Military Press (Barbell)",4,25.0,8,0,0,,,
2024-06-07 07:30:25,"Shoulders + Glutes ",3h 16m,"Flat Leg Raise",1,0,21,0,0,"",,
2024-06-07 07:30:25,"Shoulders + Glutes ",3h 16m,"Flat Leg Raise",2,0,12,0,0,,,
2024-06-07 07:30:25,"Shoulders + Glutes ",3h 16m,"Flat Leg Raise",3,0,15,0,0,,,
2024-06-07 07:30:25,"Shoulders + Glutes ",3h 16m,"Crunch",1,0.0,21,0,0,"",,
2024-06-07 07:30:25,"Shoulders + Glutes ",3h 16m,"Crunch",2,0.0,15,0,0,,,
2024-06-07 07:30:25,"Shoulders + Glutes ",3h 16m,"Crunch",3,5.0,6,0,0,,,
2024-06-07 07:30:25,"Shoulders + Glutes ",3h 16m,"Kettle Bell Single Leg Raises",1,12.0,21,0,0,"",,
2024-06-07 07:30:25,"Shoulders + Glutes ",3h 16m,"Kettle Bell Single Leg Raises",2,12.0,20,0,0,,,
2024-06-07 07:30:25,"Shoulders + Glutes ",3h 16m,"Kettle Bell Single Leg Raises",3,12.0,17,0,0,,,
2024-06-07 07:30:25,"Shoulders + Glutes ",3h 16m,"Lateral Raise (Dumbbell)",1,8.0,8,0,0,"",,
2024-06-07 07:30:25,"Shoulders + Glutes ",3h 16m,"Lateral Raise (Dumbbell)",2,8.0,8,0,0,,,
2024-06-17 08:19:43,"Legs",43m,"Squat (Barbell)",1,30.0,3,0,0,"","",
2024-06-17 08:19:43,"Legs",43m,"Squat (Barbell)",2,40.0,4,0,0,,,
2024-06-17 08:19:43,"Legs",43m,"Squat (Barbell)",3,50.0,5,0,0,,,
2024-06-17 08:19:43,"Legs",43m,"Squat (Barbell)",4,60.0,4,0,0,,,
2024-06-17 08:19:43,"Legs",43m,"Squat (Barbell)",5,70.0,3,0,0,,,
2024-06-17 08:19:43,"Legs",43m,"Squat (Barbell)",6,70.0,2,0,0,,,
2024-06-17 08:19:43,"Legs",43m,"Leg Press",1,150.0,7,0,0,"",,
2024-06-17 08:19:43,"Legs",43m,"Leg Press",2,150.0,8,0,0,,,
2024-06-17 08:19:43,"Legs",43m,"Leg Press",3,150.0,4,0,0,,,
2024-06-17 08:19:43,"Legs",43m,"Bulgarian Split Squat",1,40.0,8,0,0,"",,
2024-06-17 08:19:43,"Legs",43m,"Bulgarian Split Squat",2,40.0,9,0,0,,,
2024-06-17 08:19:43,"Legs",43m,"Hip Thrust (Barbell)",1,100.0,8,0,0,"",,
2024-06-17 08:19:43,"Legs",43m,"Hip Thrust (Barbell)",2,100.0,8,0,0,,,
2024-06-17 08:19:43,"Legs",43m,"Hip Thrust (Barbell)",3,100.0,8,0,0,,,
2024-06-24 07:48:45,"Legs",42m,"Squat (Barbell)",1,70.0,3,0,0,"","",
2024-06-24 07:48:45,"Legs",42m,"Squat (Barbell)",2,70.0,3,0,0,,,
2024-06-24 07:48:45,"Legs",42m,"Squat (Barbell)",3,70.0,3,0,0,,,
2024-06-24 07:48:45,"Legs",42m,"Bulgarian Split Squat",1,36.0,6,0,0,"",,
2024-06-24 07:48:45,"Legs",42m,"Bulgarian Split Squat",2,36.0,6,0,0,,,
2024-06-24 07:48:45,"Legs",42m,"Leg Extension (Machine)",1,50.0,9,0,0,"",,
2024-06-24 07:48:45,"Legs",42m,"Leg Extension (Machine)",2,50.0,9,0,0,,,
2024-06-24 07:48:45,"Legs",42m,"Leg Extension (Machine)",3,50.0,13,0,0,,,
2024-06-25 07:39:43,"Bench",44m,"Bench Press (Barbell)",1,20.0,5,0,0,"","",
2024-06-25 07:39:43,"Bench",44m,"Bench Press (Barbell)",2,30.0,3,0,0,,,
2024-06-25 07:39:43,"Bench",44m,"Bench Press (Barbell)",3,40.0,3,0,0,,,
2024-06-25 07:39:43,"Bench",44m,"Bench Press (Barbell)",4,50.0,1,0,0,,,
2024-06-25 07:39:43,"Bench",44m,"Bench Press (Barbell)",5,45.0,3,0,0,,,
2024-06-25 07:39:43,"Bench",44m,"Bench Press (Barbell)",6,45.0,3,0,0,,,
2024-06-25 07:39:43,"Bench",44m,"Incline Bench Press (Dumbbell)",1,16.0,6,0,0,"",,
2024-06-25 07:39:43,"Bench",44m,"Incline Bench Press (Dumbbell)",2,16.0,4,0,0,,,
2024-06-25 07:39:43,"Bench",44m,"Incline Bench Press (Dumbbell)",3,16.0,4,0,0,,,
2024-06-25 07:39:43,"Bench",44m,"Triceps Extension",1,12.5,9,0,0,"",,
2024-06-25 07:39:43,"Bench",44m,"Triceps Extension",2,12.5,7,0,0,,,
2024-06-25 07:39:43,"Bench",44m,"Triceps Extension",3,12.5,4,0,0,,,
2024-06-25 07:39:43,"Bench",44m,"Strict Military Press (Barbell)",1,30.0,4,0,0,"",,
2024-06-25 07:39:43,"Bench",44m,"Strict Military Press (Barbell)",2,30.0,4,0,0,,,
2024-06-26 07:44:22,"Deadlift",38m,"Deadlift (Barbell)",1,80.0,3,0,0,"","",
2024-06-26 07:44:22,"Deadlift",38m,"Deadlift (Barbell)",2,90.0,2,0,0,,,
2024-06-26 07:44:22,"Deadlift",38m,"Deadlift (Barbell)",3,80.0,5,0,0,,,
2024-06-26 07:44:22,"Deadlift",38m,"Seated Row (Cable)",1,15.0,12,0,0,"",,
2024-06-26 07:44:22,"Deadlift",38m,"Seated Row (Cable)",2,20.0,4,0,0,,,
2024-06-26 07:44:22,"Deadlift",38m,"Seated Row (Cable)",3,15.0,12,0,0,,,
2024-06-26 07:44:22,"Deadlift",38m,"Lat Pulldown (Cable)",1,50.0,5,0,0,"",,
2024-06-26 07:44:22,"Deadlift",38m,"Lat Pulldown (Cable)",2,50.0,5,0,0,,,
2024-06-26 07:44:22,"Deadlift",38m,"Lat Pulldown (Cable)",3,50.0,5,0,0,,,
2024-06-27 07:42:30,"Squat ",39m,"Squat (Barbell)",1,50.0,3,0,0,"","",
2024-06-27 07:42:30,"Squat ",39m,"Squat (Barbell)",2,60.0,3,0,0,,,
2024-06-27 07:42:30,"Squat ",39m,"Squat (Barbell)",3,70.0,3,0,0,,,
2024-06-27 07:42:30,"Squat ",39m,"Squat (Barbell)",4,70.0,3,0,0,,,
2024-06-27 07:42:30,"Squat ",39m,"Hip Thrust (Barbell)",1,100.0,8,0,0,"",,
2024-06-27 07:42:30,"Squat ",39m,"Hip Thrust (Barbell)",2,100.0,8,0,0,,,
2024-06-27 07:42:30,"Squat ",39m,"Hip Thrust (Barbell)",3,100.0,8,0,0,,,
2024-06-27 07:42:30,"Squat ",39m,"Leg Extension (Machine)",1,50.0,9,0,0,"",,
2024-06-27 07:42:30,"Squat ",39m,"Leg Extension (Machine)",2,50.0,10,0,0,,,
2024-06-27 07:42:30,"Squat ",39m,"Leg Extension (Machine)",3,50.0,13,0,0,,,
2024-06-28 07:35:17,"Shoulders + Abs ",1h,"Lateral Raise (Cable)",1,5.0,8,0,0,"","",
2024-06-28 07:35:17,"Shoulders + Abs ",1h,"Lateral Raise (Cable)",2,5.0,5,0,0,,,
2024-06-28 07:35:17,"Shoulders + Abs ",1h,"Lateral Raise (Cable)",3,5.0,12,0,0,,,
2024-06-28 07:35:17,"Shoulders + Abs ",1h,"Strict Military Press (Barbell)",1,30.0,5,0,0,"",,
2024-06-28 07:35:17,"Shoulders + Abs ",1h,"Strict Military Press (Barbell)",2,30.0,3,0,0,,,
2024-06-28 07:35:17,"Shoulders + Abs ",1h,"Strict Military Press (Barbell)",3,25.0,10,0,0,,,
2024-06-28 07:35:17,"Shoulders + Abs ",1h,"Flat Leg Raise",1,0,21,0,0,"",,
2024-06-28 07:35:17,"Shoulders + Abs ",1h,"Flat Leg Raise",2,0,12,0,0,,,
2024-06-28 07:35:17,"Shoulders + Abs ",1h,"Flat Leg Raise",3,0,15,0,0,,,
2024-06-28 07:35:17,"Shoulders + Abs ",1h,"Crunch",1,0.0,21,0,0,"",,
2024-06-28 07:35:17,"Shoulders + Abs ",1h,"Crunch",2,0.0,15,0,0,,,
2024-06-28 07:35:17,"Shoulders + Abs ",1h,"Crunch",3,5.0,6,0,0,,,
2024-06-28 07:35:17,"Shoulders + Abs ",1h,"Kettle Bell Single Leg Raises",1,12.0,21,0,0,"",,
2024-06-28 07:35:17,"Shoulders + Abs ",1h,"Kettle Bell Single Leg Raises",2,12.0,20,0,0,,,
2024-06-28 07:35:17,"Shoulders + Abs ",1h,"Kettle Bell Single Leg Raises",3,12.0,17,0,0,,,
2024-07-01 07:53:21,"Squat ",47m,"Squat (Barbell)",1,50.0,3,0,0,"","",
2024-07-01 07:53:21,"Squat ",47m,"Squat (Barbell)",2,60.0,3,0,0,,,
2024-07-01 07:53:21,"Squat ",47m,"Squat (Barbell)",3,70.0,3,0,0,,,
2024-07-01 07:53:21,"Squat ",47m,"Squat (Barbell)",4,70.0,3,0,0,,,
2024-07-01 07:53:21,"Squat ",47m,"Squat (Barbell)",5,72.0,3,0,0,,,
2024-07-01 07:53:21,"Squat ",47m,"Bulgarian Split Squat",1,40.0,6,0,0,"",,
2024-07-01 07:53:21,"Squat ",47m,"Bulgarian Split Squat",2,40.0,7,0,0,,,
2024-07-01 07:53:21,"Squat ",47m,"Leg Press",1,150.0,8,0,0,"",,
2024-07-01 07:53:21,"Squat ",47m,"Leg Press",2,150.0,7,0,0,,,
2024-07-01 07:53:21,"Squat ",47m,"Leg Press",3,150.0,6,0,0,,,
2024-07-07 11:03:30,"Legs",56m,"Squat (Barbell)",1,70.0,3,0,0,"","",
2024-07-07 11:03:30,"Legs",56m,"Squat (Barbell)",2,70.0,4,0,0,,,
2024-07-07 11:03:30,"Legs",56m,"Squat (Barbell)",3,70.0,4,0,0,,,
2024-07-07 11:03:30,"Legs",56m,"Squat (Barbell)",4,75.0,2,0,0,,,
2024-07-07 11:03:30,"Legs",56m,"Romanian Deadlift (Barbell)",1,80.0,4,0,0,"",,
2024-07-07 11:03:30,"Legs",56m,"Romanian Deadlift (Barbell)",2,80.0,4,0,0,,,
2024-07-07 11:03:30,"Legs",56m,"Romanian Deadlift (Barbell)",3,80.0,4,0,0,,,
2024-07-07 11:03:30,"Legs",56m,"Hip Thrust (Barbell)",1,100.0,8,0,0,"",,
2024-07-07 11:03:30,"Legs",56m,"Hip Thrust (Barbell)",2,100.0,8,0,0,,,
2024-07-07 11:03:30,"Legs",56m,"Hip Thrust (Barbell)",3,100.0,8,0,0,,,
2024-07-07 11:03:30,"Legs",56m,"Leg Extension (Machine)",1,60.0,8,0,0,"",,
2024-07-07 11:03:30,"Legs",56m,"Leg Extension (Machine)",2,60.0,8,0,0,,,
2024-07-07 11:03:30,"Legs",56m,"Leg Extension (Machine)",3,60.0,7,0,0,,,
2024-07-07 11:03:30,"Legs",56m,"Leg Extension (Machine)",4,50.0,13,0,0,,,
2024-07-08 08:18:53,"Bench",31m,"Bench Press (Barbell)",1,20.0,5,0,0,"","",
2024-07-08 08:18:53,"Bench",31m,"Bench Press (Barbell)",2,40.0,4,0,0,,,
2024-07-08 08:18:53,"Bench",31m,"Bench Press (Barbell)",3,45.0,3,0,0,,,
2024-07-08 08:18:53,"Bench",31m,"Bench Press (Barbell)",4,50.0,2,0,0,,,
2024-07-08 08:18:53,"Bench",31m,"Bench Press (Barbell)",5,50.0,2,0,0,,,
2024-07-08 08:18:53,"Bench",31m,"Incline Bench Press (Dumbbell)",1,16.0,7,0,0,"",,
2024-07-08 08:18:53,"Bench",31m,"Incline Bench Press (Dumbbell)",2,16.0,6,0,0,,,
2024-07-08 08:18:53,"Bench",31m,"Incline Bench Press (Dumbbell)",3,16.0,6,0,0,,,
2024-07-08 08:18:53,"Bench",31m,"Triceps Extension",1,12.5,9,0,0,"",,
2024-07-08 08:18:53,"Bench",31m,"Triceps Extension",2,12.5,5,0,0,,,
2024-07-08 08:18:53,"Bench",31m,"Triceps Extension",3,12.5,6,0,0,,,
2024-07-09 08:18:49,"Deadlift",40m,"Deadlift (Barbell)",1,40.0,5,0,0,"","",
2024-07-09 08:18:49,"Deadlift",40m,"Deadlift (Barbell)",2,50.0,5,0,0,,,
2024-07-09 08:18:49,"Deadlift",40m,"Deadlift (Barbell)",3,70.0,3,0,0,,,
2024-07-09 08:18:49,"Deadlift",40m,"Deadlift (Barbell)",4,80.0,5,0,0,,,
2024-07-09 08:18:49,"Deadlift",40m,"Deadlift (Barbell)",5,90.0,3,0,0,,,
2024-07-09 08:18:49,"Deadlift",40m,"Deadlift (Barbell)",6,90.0,2,0,0,,,
2024-07-09 08:18:49,"Deadlift",40m,"Bent Over One Arm Row (Dumbbell)",1,22.0,4,0,0,"",,
2024-07-09 08:18:49,"Deadlift",40m,"Bent Over One Arm Row (Dumbbell)",2,22.0,5,0,0,,,
2024-07-09 08:18:49,"Deadlift",40m,"Lat Pulldown (Cable)",1,50.0,4,0,0,"",,
2024-07-09 08:18:49,"Deadlift",40m,"Lat Pulldown (Cable)",2,50.0,6,0,0,,,
2024-07-09 08:18:49,"Deadlift",40m,"Lat Pulldown (Cable)",3,50.0,5,0,0,,,
2024-07-11 08:06:43,"Squat ",56m,"Squat (Barbell)",1,20.0,5,0,0,"","",
2024-07-11 08:06:43,"Squat ",56m,"Squat (Barbell)",2,50.0,5,0,0,,,
2024-07-11 08:06:43,"Squat ",56m,"Squat (Barbell)",3,40.0,5,0,0,,,
2024-07-11 08:06:43,"Squat ",56m,"Squat (Barbell)",4,70.0,4,0,0,,,
2024-07-11 08:06:43,"Squat ",56m,"Squat (Barbell)",5,75.0,4,0,0,,,
2024-07-11 08:06:43,"Squat ",56m,"Squat (Barbell)",6,75.0,2,0,0,,,
2024-07-11 08:06:43,"Squat ",56m,"Leg Press",1,150.0,6,0,0,"",,
2024-07-11 08:06:43,"Squat ",56m,"Leg Press",2,150.0,8,0,0,,,
2024-07-11 08:06:43,"Squat ",56m,"Leg Press",3,150.0,9,0,0,,,
2024-07-11 08:06:43,"Squat ",56m,"Bulgarian Split Squat",1,44.0,4,0,0,"",,
2024-07-11 08:06:43,"Squat ",56m,"Bulgarian Split Squat",2,44.0,5,0,0,,,
2024-07-11 08:06:43,"Squat ",56m,"Leg Extension (Machine)",1,60.0,9,0,0,"",,
2024-07-11 08:06:43,"Squat ",56m,"Leg Extension (Machine)",2,60.0,9,0,0,,,
2024-07-11 08:06:43,"Squat ",56m,"Leg Extension (Machine)",3,60.0,5,0,0,,,
2024-07-15 07:57:56,"Squat ",48m,"Squat (Barbell)",1,20.0,5,0,0,"","",
2024-07-15 07:57:56,"Squat ",48m,"Squat (Barbell)",2,20.0,5,0,0,,,
2024-07-15 07:57:56,"Squat ",48m,"Squat (Barbell)",3,20.0,3,0,0,,,
2024-07-15 07:57:56,"Squat ",48m,"Squat (Barbell)",4,70.0,4,0,0,,,
2024-07-15 07:57:56,"Squat ",48m,"Squat (Barbell)",5,75.0,3,0,0,,,
2024-07-15 07:57:56,"Squat ",48m,"Squat (Barbell)",6,75.0,3,0,0,,,
2024-07-15 07:57:56,"Squat ",48m,"Romanian Deadlift (Barbell)",1,75.0,9,0,0,"",,
2024-07-15 07:57:56,"Squat ",48m,"Romanian Deadlift (Barbell)",2,75.0,9,0,0,,,
2024-07-15 07:57:56,"Squat ",48m,"Romanian Deadlift (Barbell)",3,75.0,8,0,0,,,
2024-07-15 07:57:56,"Squat ",48m,"Hip Thrust (Barbell)",1,100.0,8,0,0,"",,
2024-07-15 07:57:56,"Squat ",48m,"Hip Thrust (Barbell)",2,100.0,8,0,0,,,
2024-07-15 07:57:56,"Squat ",48m,"Hip Thrust (Barbell)",3,100.0,8,0,0,,,
2024-07-15 07:57:56,"Squat ",48m,"Leg Extension (Machine)",1,60.0,9,0,0,"",,
2024-07-15 07:57:56,"Squat ",48m,"Leg Extension (Machine)",2,60.0,9,0,0,,,
2024-07-15 07:57:56,"Squat ",48m,"Leg Extension (Machine)",3,60.0,5,0,0,,,
2024-07-16 08:05:33,"Bench",35m,"Bench Press (Barbell)",1,20.0,5,0,0,"","",
2024-07-16 08:05:33,"Bench",35m,"Bench Press (Barbell)",2,40.0,6,0,0,,,
2024-07-16 08:05:33,"Bench",35m,"Bench Press (Barbell)",3,45.0,5,0,0,,,
2024-07-16 08:05:33,"Bench",35m,"Bench Press (Barbell)",4,50.0,2,0,0,,,
2024-07-16 08:05:33,"Bench",35m,"Bench Press (Barbell)",5,50.0,2,0,0,,,
2024-07-16 08:05:33,"Bench",35m,"Triceps Extension",1,12.5,7,0,0,"",,
2024-07-16 08:05:33,"Bench",35m,"Triceps Extension",2,12.5,7,0,0,,,
2024-07-16 08:05:33,"Bench",35m,"Triceps Extension",3,12.5,7,0,0,,,
2024-07-16 08:05:33,"Bench",35m,"Incline Bench Press (Dumbbell)",1,16.0,7,0,0,"",,
2024-07-16 08:05:33,"Bench",35m,"Incline Bench Press (Dumbbell)",2,16.0,6,0,0,,,
2024-07-16 08:05:33,"Bench",35m,"Incline Bench Press (Dumbbell)",3,16.0,4,0,0,,,
2024-07-20 12:10:36,"Deadlift",48m,"Deadlift (Barbell)",1,70.0,5,0,0,"","",
2024-07-20 12:10:36,"Deadlift",48m,"Deadlift (Barbell)",2,70.0,3,0,0,,,
2024-07-20 12:10:36,"Deadlift",48m,"Lat Pulldown (Cable)",1,50.0,7,0,0,"",,
2024-07-20 12:10:36,"Deadlift",48m,"Lat Pulldown (Cable)",2,50.0,7,0,0,,,
2024-07-20 12:10:36,"Deadlift",48m,"Lat Pulldown (Cable)",3,50.0,5,0,0,,,
2024-07-20 12:10:36,"Deadlift",48m,"Seated Row (Cable)",1,15.0,6,0,0,"",,
2024-07-20 12:10:36,"Deadlift",48m,"Seated Row (Cable)",2,15.0,7,0,0,,,
2024-07-20 12:10:36,"Deadlift",48m,"Seated Row (Cable)",3,15.0,7,0,0,,,
2024-07-20 12:10:36,"Deadlift",48m,"Lateral Raise (Dumbbell)",1,7.0,12,0,0,"",,
2024-07-20 12:10:36,"Deadlift",48m,"Lateral Raise (Dumbbell)",2,7.0,11,0,0,,,
2024-07-20 12:10:36,"Deadlift",48m,"Strict Military Press (Barbell)",1,25.0,12,0,0,"",,
2024-07-20 12:10:36,"Deadlift",48m,"Strict Military Press (Barbell)",2,25.0,8,0,0,,,
2024-07-22 08:01:09,"Squat ",34m,"Squat (Barbell)",1,40.0,5,0,0,"","",
2024-07-22 08:01:09,"Squat ",34m,"Squat (Barbell)",2,50.0,5,0,0,,,
2024-07-22 08:01:09,"Squat ",34m,"Squat (Barbell)",3,60.0,6,0,0,,,
2024-07-22 08:01:09,"Squat ",34m,"Squat (Barbell)",4,60.0,6,0,0,,,
2024-07-22 08:01:09,"Squat ",34m,"Squat (Barbell)",5,70.0,3,0,0,,,
2024-07-22 08:01:09,"Squat ",34m,"Bulgarian Split Squat",1,40.0,6,0,0,"",,
2024-07-22 08:01:09,"Squat ",34m,"Bulgarian Split Squat",2,40.0,5,0,0,,,
2024-07-22 08:01:09,"Squat ",34m,"Leg Extension (Machine)",1,60.0,9,0,0,"",,
2024-07-22 08:01:09,"Squat ",34m,"Leg Extension (Machine)",2,60.0,10,0,0,,,
2024-07-22 08:01:09,"Squat ",34m,"Leg Extension (Machine)",3,60.0,6,0,0,,,
2024-07-23 07:51:13,"Bench",30m,"Bench Press (Barbell)",1,20.0,5,0,0,"","",
2024-07-23 07:51:13,"Bench",30m,"Bench Press (Barbell)",2,30.0,6,0,0,,,
2024-07-23 07:51:13,"Bench",30m,"Bench Press (Barbell)",3,40.0,5,0,0,,,
2024-07-23 07:51:13,"Bench",30m,"Bench Press (Barbell)",4,50.0,3,0,0,,,
2024-07-23 07:51:13,"Bench",30m,"Bench Press (Barbell)",5,50.0,2,0,0,,,
2024-07-23 07:51:13,"Bench",30m,"Incline Bench Press (Dumbbell)",1,16.0,8,0,0,"",,
2024-07-23 07:51:13,"Bench",30m,"Incline Bench Press (Dumbbell)",2,16.0,7,0,0,,,
2024-07-23 07:51:13,"Bench",30m,"Incline Bench Press (Dumbbell)",3,16.0,5,0,0,,,
2024-07-23 07:51:13,"Bench",30m,"Triceps Extension",1,12.5,6,0,0,"",,
2024-07-23 07:51:13,"Bench",30m,"Triceps Extension",2,12.5,7,0,0,,,
2024-07-23 07:51:13,"Bench",30m,"Triceps Extension",3,12.5,6,0,0,,,
2024-07-25 07:57:44,"Squat ",39m,"Squat (Barbell)",1,50.0,5,0,0,"","",
2024-07-25 07:57:44,"Squat ",39m,"Squat (Barbell)",2,60.0,5,0,0,,,
2024-07-25 07:57:44,"Squat ",39m,"Squat (Barbell)",3,70.0,5,0,0,,,
2024-07-25 07:57:44,"Squat ",39m,"Squat (Barbell)",4,75.0,3,0,0,,,
2024-07-25 07:57:44,"Squat ",39m,"Squat (Barbell)",5,75.0,2,0,0,,,
2024-07-25 07:57:44,"Squat ",39m,"Bulgarian Split Squat",1,40.0,6,0,0,"",,
2024-07-25 07:57:44,"Squat ",39m,"Bulgarian Split Squat",2,40.0,7,0,0,,,
2024-07-25 07:57:44,"Squat ",39m,"Hip Thrust (Barbell)",1,100.0,10,0,0,"",,
2024-07-25 07:57:44,"Squat ",39m,"Hip Thrust (Barbell)",2,100.0,8,0,0,,,
2024-07-25 07:57:44,"Squat ",39m,"Hip Thrust (Barbell)",3,100.0,8,0,0,,,
2024-07-29 08:39:36,"Squat ",31m,"Squat (Barbell)",1,50.0,5,0,0,"","",
2024-07-29 08:39:36,"Squat ",31m,"Squat (Barbell)",2,60.0,5,0,0,,,
2024-07-29 08:39:36,"Squat ",31m,"Squat (Barbell)",3,75.0,4,0,0,,,
2024-07-29 08:39:36,"Squat ",31m,"Squat (Barbell)",4,75.0,4,0,0,,,
2024-07-29 08:39:36,"Squat ",31m,"Squat (Barbell)",5,70.0,4,0,0,,,
2024-07-29 08:39:36,"Squat ",31m,"Bulgarian Split Squat",1,40.0,7,0,0,"",,
2024-07-29 08:39:36,"Squat ",31m,"Bulgarian Split Squat",2,40.0,6,0,0,,,
2024-07-29 08:39:36,"Squat ",31m,"Leg Press",1,150.0,6,0,0,"",,
2024-07-29 08:39:36,"Squat ",31m,"Leg Press",2,150.0,8,0,0,,,
2024-07-29 08:39:36,"Squat ",31m,"Leg Press",3,150.0,7,0,0,,,
2024-07-31 09:44:03,"Bench",1h 1m,"Bench Press (Barbell)",1,25.0,5,0,0,"","",
2024-07-31 09:44:03,"Bench",1h 1m,"Bench Press (Barbell)",2,30.0,5,0,0,,,
2024-07-31 09:44:03,"Bench",1h 1m,"Bench Press (Barbell)",3,40.0,5,0,0,,,
2024-07-31 09:44:03,"Bench",1h 1m,"Bench Press (Barbell)",4,50.0,2,0,0,,,
2024-07-31 09:44:03,"Bench",1h 1m,"Bench Press (Barbell)",5,50.0,3,0,0,,,
2024-07-31 09:44:03,"Bench",1h 1m,"Bench Press (Barbell)",6,45.0,5,0,0,,,
2024-07-31 09:44:03,"Bench",1h 1m,"Incline Bench Press (Dumbbell)",1,16.0,10,0,0,"",,
2024-07-31 09:44:03,"Bench",1h 1m,"Incline Bench Press (Dumbbell)",2,16.0,7,0,0,,,
2024-07-31 09:44:03,"Bench",1h 1m,"Incline Bench Press (Dumbbell)",3,16.0,7,0,0,,,
2024-07-31 09:44:03,"Bench",1h 1m,"Triceps Extension",1,11.5,10,0,0,"",,
2024-07-31 09:44:03,"Bench",1h 1m,"Triceps Extension",2,12.5,7,0,0,,,
2024-07-31 09:44:03,"Bench",1h 1m,"Cable Kickback",1,14.0,6,0,0,"",,
2024-07-31 09:44:03,"Bench",1h 1m,"Cable Kickback",2,14.0,10,0,0,,,
2024-07-31 09:44:03,"Bench",1h 1m,"Strict Military Press (Barbell)",1,20.0,8,0,0,"",,
2024-07-31 09:44:03,"Bench",1h 1m,"Strict Military Press (Barbell)",2,30.0,5,0,0,,,
2024-07-31 09:44:03,"Bench",1h 1m,"Strict Military Press (Barbell)",3,30.0,4,0,0,,,
2024-08-06 08:36:34,"Deadlift",37m,"Deadlift (Barbell)",1,50.0,5,0,0,"","",
2024-08-06 08:36:34,"Deadlift",37m,"Deadlift (Barbell)",2,70.0,3,0,0,,,
2024-08-06 08:36:34,"Deadlift",37m,"Deadlift (Barbell)",3,80.0,4,0,0,,,
2024-08-06 08:36:34,"Deadlift",37m,"Deadlift (Barbell)",4,80.0,4,0,0,,,
2024-08-06 08:36:34,"Deadlift",37m,"Bent Over One Arm Row (Dumbbell)",1,22.0,5,0,0,"",,
2024-08-06 08:36:34,"Deadlift",37m,"Bent Over One Arm Row (Dumbbell)",2,22.0,4,0,0,,,
2024-08-06 08:36:34,"Deadlift",37m,"Lat Pulldown (Cable)",1,50.0,6,0,0,"",,
2024-08-06 08:36:34,"Deadlift",37m,"Lat Pulldown (Cable)",2,50.0,6,0,0,,,
2024-08-07 18:46:08,"Treino da noite",1h 55m,"Squat (Barbell)",1,60.0,5,0,0,"","",
2024-08-07 18:46:08,"Treino da noite",1h 55m,"Squat (Barbell)",2,60.0,6,0,0,,,
2024-08-07 18:46:08,"Treino da noite",1h 55m,"Squat (Barbell)",3,60.0,6,0,0,,,
2024-08-07 18:46:08,"Treino da noite",1h 55m,"Squat (Barbell)",4,70.0,4,0,0,,,
2024-08-07 18:46:08,"Treino da noite",1h 55m,"Lying Leg Curl (Machine)",1,30.0,8,0,0,"",,
2024-08-07 18:46:08,"Treino da noite",1h 55m,"Lying Leg Curl (Machine)",2,30.0,7,0,0,,,
2024-08-07 18:46:08,"Treino da noite",1h 55m,"Lying Leg Curl (Machine)",3,30.0,6,0,0,,,
2024-08-08 10:10:44,"Squat ",52m,"Squat (Machine)",1,80.0,5,0,0,"","",
2024-08-08 10:10:44,"Squat ",52m,"Squat (Machine)",2,100.0,6,0,0,,,
2024-08-08 10:10:44,"Squat ",52m,"Squat (Machine)",3,100.0,7,0,0,,,
2024-08-08 10:10:44,"Squat ",52m,"Bulgarian Split Squat",1,40.0,8,0,0,"",,
2024-08-08 10:10:44,"Squat ",52m,"Bulgarian Split Squat",2,40.0,7,0,0,,,
2024-08-08 10:10:44,"Squat ",52m,"Hip Thrust (Barbell)",1,100.0,8,0,0,"",,
2024-08-08 10:10:44,"Squat ",52m,"Hip Thrust (Barbell)",2,100.0,8,0,0,,,
2024-08-08 10:10:44,"Squat ",52m,"Hip Thrust (Barbell)",3,100.0,8,0,0,,,
2024-08-09 10:39:36,"Bench",34m,"Bench Press (Barbell)",1,30.0,5,0,0,"","",
2024-08-09 10:39:36,"Bench",34m,"Bench Press (Barbell)",2,40.0,5,0,0,,,
2024-08-09 10:39:36,"Bench",34m,"Bench Press (Barbell)",3,50.0,3,0,0,,,
2024-08-09 10:39:36,"Bench",34m,"Bench Press (Barbell)",4,50.0,2,0,0,,,
2024-08-09 10:39:36,"Bench",34m,"Chest Fly (Dumbbell)",1,16.0,6,0,0,"",,
2024-08-09 10:39:36,"Bench",34m,"Chest Fly (Dumbbell)",2,16.0,6,0,0,,,
2024-08-09 10:39:36,"Bench",34m,"Chest Fly (Dumbbell)",3,16.0,5,0,0,,,
2024-08-09 10:39:36,"Bench",34m,"Triceps Extension",1,12.5,10,0,0,"",,
2024-08-09 10:39:36,"Bench",34m,"Triceps Extension",2,12.5,8,0,0,,,
2024-08-09 10:39:36,"Bench",34m,"Triceps Extension",3,12.5,7,0,0,,,
2024-08-09 10:39:36,"Bench",34m,"Strict Military Press (Barbell)",1,20.0,5,0,0,"",,
2024-08-09 10:39:36,"Bench",34m,"Strict Military Press (Barbell)",2,25.0,7,0,0,,,
2024-08-09 10:39:36,"Bench",34m,"Strict Military Press (Barbell)",3,25.0,8,0,0,,,
2024-08-10 10:50:48,"Deadlift",42m,"Deadlift (Barbell)",1,40.0,5,0,0,"","",
2024-08-10 10:50:48,"Deadlift",42m,"Deadlift (Barbell)",2,70.0,5,0,0,,,
2024-08-10 10:50:48,"Deadlift",42m,"Deadlift (Barbell)",3,80.0,5,0,0,,,
2024-08-10 10:50:48,"Deadlift",42m,"Deadlift (Barbell)",4,90.0,3,0,0,,,
2024-08-10 10:50:48,"Deadlift",42m,"Deadlift (Barbell)",5,90.0,3,0,0,,,
2024-08-10 10:50:48,"Deadlift",42m,"Deadlift (Barbell)",6,90.0,2,0,0,,,
2024-08-10 10:50:48,"Deadlift",42m,"Lat Pulldown (Cable)",1,50.0,8,0,0,"",,
2024-08-10 10:50:48,"Deadlift",42m,"Lat Pulldown (Cable)",2,50.0,7,0,0,,,
2024-08-10 10:50:48,"Deadlift",42m,"Lat Pulldown (Cable)",3,50.0,5,0,0,,,
2024-08-10 10:50:48,"Deadlift",42m,"Bent Over One Arm Row (Dumbbell)",1,20.0,5,0,0,"",,
2024-08-10 10:50:48,"Deadlift",42m,"Bent Over One Arm Row (Dumbbell)",2,20.0,6,0,0,,,
2024-08-10 10:50:48,"Deadlift",42m,"Bent Over One Arm Row (Dumbbell)",3,20.0,5,0,0,,,
2024-08-12 08:09:32,"Squat ",1h 1m,"Squat (Barbell)",1,70.0,5,0,0,"","",
2024-08-12 08:09:32,"Squat ",1h 1m,"Squat (Barbell)",2,70.0,2,0,0,,,
2024-08-12 08:09:32,"Squat ",1h 1m,"Squat (Barbell)",3,70.0,4,0,0,,,
2024-08-12 08:09:32,"Squat ",1h 1m,"Bulgarian Split Squat",1,22.0,6,0,0,"",,
2024-08-12 08:09:32,"Squat ",1h 1m,"Bulgarian Split Squat",2,22.0,5,0,0,,,
2024-08-12 08:09:32,"Squat ",1h 1m,"Leg Press",1,150.0,7,0,0,"",,
2024-08-12 08:09:32,"Squat ",1h 1m,"Leg Press",2,150.0,8,0,0,,,
2024-08-12 08:09:32,"Squat ",1h 1m,"Leg Press",3,150.0,9,0,0,,,
2024-08-14 08:03:41,"Bench",32m,"Bench Press (Barbell)",1,40.0,6,0,0,"","",
2024-08-14 08:03:41,"Bench",32m,"Bench Press (Barbell)",2,45.0,8,0,0,,,
2024-08-14 08:03:41,"Bench",32m,"Bench Press (Barbell)",3,50.0,3,0,0,,,
2024-08-14 08:03:41,"Bench",32m,"Bench Press (Barbell)",4,50.0,3,0,0,,,
2024-08-14 08:03:41,"Bench",32m,"Incline Bench Press (Dumbbell)",1,16.0,12,0,0,"",,
2024-08-14 08:03:41,"Bench",32m,"Incline Bench Press (Dumbbell)",2,16.0,8,0,0,,,
2024-08-14 08:03:41,"Bench",32m,"Triceps Extension",1,12.5,15,0,0,"",,
2024-08-14 08:03:41,"Bench",32m,"Triceps Extension",2,12.5,9,0,0,,,
2024-08-14 08:03:41,"Bench",32m,"Triceps Extension",3,12.5,8,0,0,,,
2024-08-16 10:22:17,"Deadlift",50m,"Romanian Deadlift (Barbell)",1,60.0,6,0,0,"","",
2024-08-16 10:22:17,"Deadlift",50m,"Romanian Deadlift (Barbell)",2,70.0,5,0,0,,,
2024-08-16 10:22:17,"Deadlift",50m,"Romanian Deadlift (Barbell)",3,75.0,8,0,0,,,
2024-08-16 10:22:17,"Deadlift",50m,"Romanian Deadlift (Barbell)",4,80.0,6,0,0,,,
2024-08-16 10:22:17,"Deadlift",50m,"Romanian Deadlift (Barbell)",5,80.0,6,0,0,,,
2024-08-16 10:22:17,"Deadlift",50m,"Seated Row (Cable)",1,20.0,8,0,0,"",,
2024-08-16 10:22:17,"Deadlift",50m,"Seated Row (Cable)",2,15.0,8,0,0,,,
2024-08-16 10:22:17,"Deadlift",50m,"Seated Row (Cable)",3,15.0,10,0,0,,,
2024-08-16 10:22:17,"Deadlift",50m,"Lat Pulldown (Cable)",1,50.0,10,0,0,"",,
2024-08-16 10:22:17,"Deadlift",50m,"Lat Pulldown (Cable)",2,50.0,7,0,0,,,
2024-08-16 10:22:17,"Deadlift",50m,"Lat Pulldown (Cable)",3,50.0,6,0,0,,,
2024-08-17 09:52:46,"Squat ",39m,"Squat (Machine)",1,60.0,8,0,0,"","",
2024-08-17 09:52:46,"Squat ",39m,"Squat (Machine)",2,80.0,5,0,0,,,
2024-08-17 09:52:46,"Squat ",39m,"Squat (Machine)",3,100.0,7,0,0,,,
2024-08-17 09:52:46,"Squat ",39m,"Squat (Machine)",4,100.0,8,0,0,,,
2024-08-17 09:52:46,"Squat ",39m,"Squat (Machine)",5,100.0,9,0,0,,,
2024-08-17 09:52:46,"Squat ",39m,"Squat (Machine)",6,100.0,8,0,0,,,
2024-08-17 09:52:46,"Squat ",39m,"Bulgarian Split Squat",1,20.0,6,0,0,"",,
2024-08-17 09:52:46,"Squat ",39m,"Bulgarian Split Squat",2,20.0,6,0,0,,,
2024-08-17 09:52:46,"Squat ",39m,"Hip Thrust (Barbell)",1,100.0,8,0,0,"",,
2024-08-17 09:52:46,"Squat ",39m,"Hip Thrust (Barbell)",2,100.0,9,0,0,,,
2024-08-17 09:52:46,"Squat ",39m,"Leg Extension (Machine)",1,60.0,11,0,0,"",,
2024-08-17 09:52:46,"Squat ",39m,"Leg Extension (Machine)",2,60.0,10,0,0,,,
2024-08-17 09:52:46,"Squat ",39m,"Leg Extension (Machine)",3,60.0,8,0,0,,,
2024-08-19 08:11:31,"Bench",43m,"Bench Press (Barbell)",1,50.0,3,0,0,"","",
2024-08-19 08:11:31,"Bench",43m,"Bench Press (Barbell)",2,50.0,2,0,0,,,
2024-08-19 08:11:31,"Bench",43m,"Bench Press (Barbell)",3,50.0,2,0,0,,,
2024-08-19 08:11:31,"Bench",43m,"Incline Bench Press (Dumbbell)",1,18.0,5,0,0,"",,
2024-08-19 08:11:31,"Bench",43m,"Incline Bench Press (Dumbbell)",2,18.0,4,0,0,,,
2024-08-19 08:11:31,"Bench",43m,"Incline Bench Press (Dumbbell)",3,18.0,4,0,0,,,
2024-08-19 08:11:31,"Bench",43m,"Triceps Extension",1,12.5,8,0,0,"",,
2024-08-19 08:11:31,"Bench",43m,"Triceps Extension",2,12.5,8,0,0,,,
2024-08-19 08:11:31,"Bench",43m,"Triceps Extension",3,12.5,8,0,0,,,
2024-08-19 08:11:31,"Bench",43m,"Triceps Dip",1,0,8,0,0,"",,
2024-08-19 08:11:31,"Bench",43m,"Triceps Dip",2,0.0,7,0,0,,,
2024-08-19 08:11:31,"Bench",43m,"Triceps Dip",3,0.0,7,0,0,,,
2024-08-20 08:01:17,"Deadlift",43m,"Deadlift (Barbell)",1,40.0,5,0,0,"","",
2024-08-20 08:01:17,"Deadlift",43m,"Deadlift (Barbell)",2,70.0,5,0,0,,,
2024-08-20 08:01:17,"Deadlift",43m,"Deadlift (Barbell)",3,90.0,3,0,0,,,
2024-08-20 08:01:17,"Deadlift",43m,"Deadlift (Barbell)",4,90.0,3,0,0,,,
2024-08-20 08:01:17,"Deadlift",43m,"Deadlift (Barbell)",5,94.0,2,0,0,,,
2024-08-20 08:01:17,"Deadlift",43m,"Lat Pulldown (Cable)",1,50.0,10,0,0,"",,
2024-08-20 08:01:17,"Deadlift",43m,"Lat Pulldown (Cable)",2,55.0,3,0,0,,,
2024-08-20 08:01:17,"Deadlift",43m,"Lat Pulldown (Cable)",3,50.0,8,0,0,,,
2024-08-20 08:01:17,"Deadlift",43m,"Seated Row (Cable)",1,35.0,6,0,0,"Bilateral",,
2024-08-20 08:01:17,"Deadlift",43m,"Seated Row (Cable)",2,35.0,7,0,0,,,
2024-08-20 08:01:17,"Deadlift",43m,"Seated Row (Cable)",3,35.0,7,0,0,,,
2024-08-21 07:59:32,"Squat ",57m,"Squat (Barbell)",1,50.0,6,0,0,"","",
2024-08-21 07:59:32,"Squat ",57m,"Squat (Barbell)",2,70.0,3,0,0,,,
2024-08-21 07:59:32,"Squat ",57m,"Squat (Barbell)",3,75.0,3,0,0,,,
2024-08-21 07:59:32,"Squat ",57m,"Squat (Barbell)",4,75.0,3,0,0,,,
2024-08-21 07:59:32,"Squat ",57m,"Squat (Barbell)",5,70.0,4,0,0,,,
2024-08-21 07:59:32,"Squat ",57m,"Bulgarian Split Squat",1,22.0,5,0,0,"",,
2024-08-21 07:59:32,"Squat ",57m,"Leg Extension (Machine)",1,60.0,10,0,0,"",,
2024-08-21 07:59:32,"Squat ",57m,"Leg Extension (Machine)",2,60.0,12,0,0,,,
2024-08-21 07:59:32,"Squat ",57m,"Leg Extension (Machine)",3,60.0,9,0,0,,,
2024-08-22 11:05:05,"Shoulders + Abs ",1h 1m,"Lateral Raise (Dumbbell)",1,8.0,8,0,0,"","",
2024-08-22 11:05:05,"Shoulders + Abs ",1h 1m,"Lateral Raise (Dumbbell)",2,8.0,8,0,0,,,
2024-08-22 11:05:05,"Shoulders + Abs ",1h 1m,"Lateral Raise (Dumbbell)",3,8.0,8,0,0,,,
2024-08-22 11:05:05,"Shoulders + Abs ",1h 1m,"Strict Military Press (Barbell)",1,25.0,8,0,0,"",,
2024-08-22 11:05:05,"Shoulders + Abs ",1h 1m,"Strict Military Press (Barbell)",2,25.0,8,0,0,,,
2024-08-22 11:05:05,"Shoulders + Abs ",1h 1m,"Strict Military Press (Barbell)",3,30.0,5,0,0,,,
2024-08-22 11:05:05,"Shoulders + Abs ",1h 1m,"Strict Military Press (Barbell)",4,30.0,3,0,0,,,
2024-08-22 11:05:05,"Shoulders + Abs ",1h 1m,"Flat Leg Raise",1,0,21,0,0,"",,
2024-08-22 11:05:05,"Shoulders + Abs ",1h 1m,"Face Pull (Cable)",1,22.5,7,0,0,"",,
2024-08-22 11:05:05,"Shoulders + Abs ",1h 1m,"Face Pull (Cable)",2,22.5,5,0,0,,,
2024-08-22 11:05:05,"Shoulders + Abs ",1h 1m,"Face Pull (Cable)",3,20.0,16,0,0,,,
2024-08-23 09:29:41,"Squat ",11m,"Squat (Machine)",1,40.0,6,0,0,"","",
2024-08-23 09:29:41,"Squat ",11m,"Squat (Machine)",2,80.0,6,0,0,,,
2024-08-23 09:40:52,"Squat ",34m,"Squat (Machine)",1,40.0,6,0,0,"","",
2024-08-23 09:40:52,"Squat ",34m,"Squat (Machine)",2,80.0,6,0,0,,,
2024-08-23 09:40:52,"Squat ",34m,"Squat (Machine)",3,100.0,8,0,0,,,
2024-08-23 09:40:52,"Squat ",34m,"Squat (Machine)",4,100.0,8,0,0,,,
2024-08-23 09:40:52,"Squat ",34m,"Squat (Machine)",5,110.0,6,0,0,,,
2024-08-23 09:40:52,"Squat ",34m,"Squat (Machine)",6,110.0,6,0,0,,,
2024-08-23 09:40:52,"Squat ",34m,"Leg Press",1,150.0,7,0,0,"",,
2024-08-23 09:40:52,"Squat ",34m,"Leg Press",2,150.0,9,0,0,,,
2024-08-23 09:40:52,"Squat ",34m,"Leg Press",3,150.0,9,0,0,,,
2024-08-23 09:40:52,"Squat ",34m,"Back Extension",1,10.0,10,0,0,"",,
2024-08-23 09:40:52,"Squat ",34m,"Back Extension",2,10.0,15,0,0,,,
2024-08-23 09:40:52,"Squat ",34m,"Back Extension",3,10.0,8,0,0,,,
2024-08-23 09:40:52,"Squat ",34m,"Back Extension",4,10.0,8,0,0,,,
2024-08-26 08:19:58,"Bench",28m,"Bench Press (Barbell)",1,50.0,4,0,0,"","",
2024-08-26 08:19:58,"Bench",28m,"Bench Press (Barbell)",2,50.0,3,0,0,,,
2024-08-26 08:19:58,"Bench",28m,"Bench Press (Barbell)",3,50.0,3,0,0,,,
2024-08-26 08:19:58,"Bench",28m,"Chest Fly (Dumbbell)",1,14.0,10,0,0,"",,
2024-08-26 08:19:58,"Bench",28m,"Chest Fly (Dumbbell)",2,16.0,6,0,0,,,
2024-08-26 08:19:58,"Bench",28m,"Triceps Extension",1,15.0,8,0,0,"",,
2024-08-26 08:19:58,"Bench",28m,"Triceps Extension",2,15.0,6,0,0,,,
2024-08-26 08:19:58,"Bench",28m,"Triceps Extension",3,15.0,5,0,0,,,
2024-08-27 08:13:52,"Squat ",43m,"Squat (Barbell)",1,70.0,3,0,0,"","",
2024-08-27 08:13:52,"Squat ",43m,"Squat (Barbell)",2,70.0,4,0,0,,,
2024-08-27 08:13:52,"Squat ",43m,"Squat (Barbell)",3,70.0,5,0,0,,,
2024-08-27 08:13:52,"Squat ",43m,"Bulgarian Split Squat",1,20.0,8,0,0,"",,
2024-08-27 08:13:52,"Squat ",43m,"Bulgarian Split Squat",2,20.0,6,0,0,,,
2024-08-27 08:13:52,"Squat ",43m,"Leg Extension (Machine)",1,60.0,9,0,0,"",,
2024-08-27 08:13:52,"Squat ",43m,"Leg Extension (Machine)",2,60.0,13,0,0,,,
2024-08-27 08:13:52,"Squat ",43m,"Leg Extension (Machine)",3,60.0,9,0,0,,,
2024-08-28 18:11:58,"Deadlift",44m,"Deadlift (Barbell)",1,90.0,4,0,0,"","",
2024-08-28 18:11:58,"Deadlift",44m,"Deadlift (Barbell)",2,95.0,2,0,0,,,
2024-08-28 18:11:58,"Deadlift",44m,"Deadlift (Barbell)",3,95.0,2,0,0,,,
2024-08-28 18:11:58,"Deadlift",44m,"Bent Over One Arm Row (Dumbbell)",1,22.0,4,0,0,"",,
2024-08-28 18:11:58,"Deadlift",44m,"Bent Over One Arm Row (Dumbbell)",2,22.0,4,0,0,,,
2024-08-28 18:11:58,"Deadlift",44m,"Lat Pulldown (Cable)",1,50.0,7,0,0,"",,
2024-08-28 18:11:58,"Deadlift",44m,"Lat Pulldown (Cable)",2,50.0,8,0,0,,,
2024-08-28 18:11:58,"Deadlift",44m,"Lat Pulldown (Cable)",3,50.0,4,0,0,,,
2024-08-31 10:32:06,"Squat ",48m,"Squat (Machine)",1,60.0,6,0,0,"","",
2024-08-31 10:32:06,"Squat ",48m,"Squat (Machine)",2,80.0,6,0,0,,,
2024-08-31 10:32:06,"Squat ",48m,"Squat (Machine)",3,100.0,8,0,0,,,
2024-08-31 10:32:06,"Squat ",48m,"Squat (Machine)",4,110.0,6,0,0,,,
2024-08-31 10:32:06,"Squat ",48m,"Squat (Machine)",5,110.0,6,0,0,,,
2024-08-31 10:32:06,"Squat ",48m,"Squat (Machine)",6,110.0,6,0,0,,,
2024-08-31 10:32:06,"Squat ",48m,"Bulgarian Split Squat",1,22.0,5,0,0,"",,
2024-08-31 10:32:06,"Squat ",48m,"Bulgarian Split Squat",2,22.0,5,0,0,,,
2024-08-31 10:32:06,"Squat ",48m,"Hip Thrust (Barbell)",1,100.0,8,0,0,"",,
2024-08-31 10:32:06,"Squat ",48m,"Hip Thrust (Barbell)",2,100.0,8,0,0,,,
2024-08-31 10:32:06,"Squat ",48m,"Hip Thrust (Barbell)",3,100.0,8,0,0,,,
2024-09-02 07:57:18,"Bench",36m,"Bench Press (Barbell)",1,50.0,4,0,0,"","",
2024-09-02 07:57:18,"Bench",36m,"Bench Press (Barbell)",2,50.0,4,0,0,,,
2024-09-02 07:57:18,"Bench",36m,"Bench Press (Barbell)",3,50.0,4,0,0,,,
2024-09-02 07:57:18,"Bench",36m,"Incline Bench Press (Dumbbell)",1,16.0,9,0,0,"",,
2024-09-02 07:57:18,"Bench",36m,"Incline Bench Press (Dumbbell)",2,16.0,7,0,0,,,
2024-09-02 07:57:18,"Bench",36m,"Incline Bench Press (Dumbbell)",3,18.0,4,0,0,,,
2024-09-02 07:57:18,"Bench",36m,"Triceps Extension",1,15.0,5,0,0,"",,
2024-09-02 07:57:18,"Bench",36m,"Triceps Extension",2,15.0,4,0,0,,,
2024-09-02 07:57:18,"Bench",36m,"Triceps Extension",3,15.0,5,0,0,,,
2024-09-03 07:53:59,"Deadlift",42m,"Deadlift (Barbell)",1,80.0,5,0,0,"","",
2024-09-03 07:53:59,"Deadlift",42m,"Deadlift (Barbell)",2,90.0,2,0,0,,,
2024-09-03 07:53:59,"Deadlift",42m,"Deadlift (Barbell)",3,90.0,3,0,0,,,
2024-09-03 07:53:59,"Deadlift",42m,"Seated Row (Cable)",1,20.0,5,0,0,"",,
2024-09-03 07:53:59,"Deadlift",42m,"Seated Row (Cable)",2,35.0,7,0,0,,,
2024-09-03 07:53:59,"Deadlift",42m,"Seated Row (Cable)",3,35.0,7,0,0,,,
2024-09-03 07:53:59,"Deadlift",42m,"Lat Pulldown (Cable)",1,50.0,7,0,0,"",,
2024-09-03 07:53:59,"Deadlift",42m,"Lat Pulldown (Cable)",2,50.0,8,0,0,,,
2024-09-03 07:53:59,"Deadlift",42m,"Lat Pulldown (Cable)",3,50.0,6,0,0,,,
2024-09-04 08:10:35,"Squat ",40m,"Squat (Barbell)",1,70.0,5,0,0,"","",
2024-09-04 08:10:35,"Squat ",40m,"Squat (Barbell)",2,75.0,4,0,0,,,
2024-09-04 08:10:35,"Squat ",40m,"Squat (Barbell)",3,80.0,2,0,0,,,
2024-09-04 08:10:35,"Squat ",40m,"Bulgarian Split Squat",1,18.0,8,0,0,"",,
2024-09-04 08:10:35,"Squat ",40m,"Bulgarian Split Squat",2,18.0,8,0,0,,,
2024-09-04 08:10:35,"Squat ",40m,"Leg Press",1,150.0,5,0,0,"",,
2024-09-04 08:10:35,"Squat ",40m,"Leg Press",2,150.0,7,0,0,,,
2024-09-04 08:10:35,"Squat ",40m,"Leg Press",3,150.0,8,0,0,,,
2024-09-06 08:06:21,"Shoulders + Abs ",24m,"Strict Military Press (Barbell)",1,25.0,8,0,0,"","",
2024-09-06 08:06:21,"Shoulders + Abs ",24m,"Strict Military Press (Barbell)",2,25.0,7,0,0,,,
2024-09-06 08:06:21,"Shoulders + Abs ",24m,"Strict Military Press (Barbell)",3,25.0,12,0,0,,,
2024-09-06 08:06:21,"Shoulders + Abs ",24m,"Lateral Raise (Dumbbell)",1,7.0,12,0,0,"",,
2024-09-06 08:06:21,"Shoulders + Abs ",24m,"Lateral Raise (Dumbbell)",2,7.0,10,0,0,,,
2024-09-06 08:06:21,"Shoulders + Abs ",24m,"Lateral Raise (Dumbbell)",3,7.0,9,0,0,,,
2024-09-06 08:06:21,"Shoulders + Abs ",24m,"Flat Leg Raise",1,0,21,0,0,"",,
2024-09-06 08:06:21,"Shoulders + Abs ",24m,"Flat Leg Raise",2,0,6,0,0,,,
2024-09-06 08:06:21,"Shoulders + Abs ",24m,"Flat Leg Raise",3,0,15,0,0,,,
2024-09-09 07:51:34,"Squat ",18m,"Squat (Barbell)",1,75.0,3,0,0,"","",
2024-09-09 08:10:43,"Squat ",41m,"Squat (Barbell)",1,75.0,3,0,0,"","",
2024-09-09 08:10:43,"Squat ",41m,"Squat (Barbell)",2,80.0,3,0,0,,,
2024-09-09 08:10:43,"Squat ",41m,"Squat (Barbell)",3,80.0,3,0,0,,,
2024-09-09 08:10:43,"Squat ",41m,"Bulgarian Split Squat",1,20.0,6,0,0,"",,
2024-09-09 08:10:43,"Squat ",41m,"Bulgarian Split Squat",2,20.0,6,0,0,,,
2024-09-09 08:10:43,"Squat ",41m,"Leg Extension (Machine)",1,65.0,8,0,0,"",,
2024-09-09 08:10:43,"Squat ",41m,"Leg Extension (Machine)",2,65.0,7,0,0,,,
2024-09-09 08:10:43,"Squat ",41m,"Leg Extension (Machine)",3,65.0,7,0,0,,,
2024-09-09 08:10:43,"Squat ",41m,"Back Extension",1,10.0,10,0,0,"",,
2024-09-09 08:10:43,"Squat ",41m,"Back Extension",2,10.0,15,0,0,,,
2024-09-09 08:10:43,"Squat ",41m,"Back Extension",3,10.0,8,0,0,,,
2024-09-10 07:46:43,"Bench",43m,"Bench Press (Barbell)",1,50.0,4,0,0,"","",
2024-09-10 07:46:43,"Bench",43m,"Bench Press (Barbell)",2,50.0,5,0,0,,,
2024-09-10 07:46:43,"Bench",43m,"Bench Press (Barbell)",3,50.0,3,0,0,,,
2024-09-10 07:46:43,"Bench",43m,"Incline Bench Press (Dumbbell)",1,18.0,4,0,0,"",,
2024-09-10 07:46:43,"Bench",43m,"Incline Bench Press (Dumbbell)",2,18.0,5,0,0,,,
2024-09-10 07:46:43,"Bench",43m,"Incline Bench Press (Dumbbell)",3,18.0,4,0,0,,,
2024-09-10 07:46:43,"Bench",43m,"Cable Kickback",1,7.5,8,0,0,"",,
2024-09-10 07:46:43,"Bench",43m,"Cable Kickback",2,7.5,8,0,0,,,
2024-09-10 07:46:43,"Bench",43m,"Cable Kickback",3,7.5,8,0,0,,,
2024-09-13 09:17:11,"Deadlift",46m,"Deadlift (Barbell)",1,90.0,4,0,0,"","",
2024-09-13 09:17:11,"Deadlift",46m,"Deadlift (Barbell)",2,100.0,2,0,0,,,
2024-09-13 09:17:11,"Deadlift",46m,"Deadlift (Barbell)",3,100.0,2,0,0,,,
2024-09-13 09:17:11,"Deadlift",46m,"Seated Row (Cable)",1,15.0,8,0,0,"",,
2024-09-13 09:17:11,"Deadlift",46m,"Seated Row (Cable)",2,15.0,8,0,0,,,
2024-09-13 09:17:11,"Deadlift",46m,"Seated Row (Cable)",3,15.0,8,0,0,,,
2024-09-13 09:17:11,"Deadlift",46m,"Lat Pulldown (Cable)",1,50.0,6,0,0,"",,
2024-09-13 09:17:11,"Deadlift",46m,"Lat Pulldown (Cable)",2,50.0,8,0,0,,,
2024-09-13 09:17:11,"Deadlift",46m,"Lat Pulldown (Cable)",3,50.0,5,0,0,,,
2024-09-16 07:46:02,"Squat ",49m,"Squat (Barbell)",1,75.0,3,0,0,"","",
2024-09-16 07:46:02,"Squat ",49m,"Squat (Barbell)",2,80.0,2,0,0,,,
2024-09-16 07:46:02,"Squat ",49m,"Squat (Barbell)",3,75.0,3,0,0,,,
2024-09-16 07:46:02,"Squat ",49m,"Bulgarian Split Squat",1,18.0,6,0,0,"",,
2024-09-16 07:46:02,"Squat ",49m,"Leg Extension (Machine)",1,65.0,6,0,0,"",,
2024-09-16 07:46:02,"Squat ",49m,"Leg Extension (Machine)",2,65.0,6,0,0,,,
2024-09-16 07:46:02,"Squat ",49m,"Leg Extension (Machine)",3,65.0,8,0,0,,,
2024-09-18 09:26:27,"Bench",29m,"Bench Press (Barbell)",1,50.0,5,0,0,"","",
2024-09-18 09:26:27,"Bench",29m,"Bench Press (Barbell)",2,50.0,4,0,0,,,
2024-09-18 09:26:27,"Bench",29m,"Bench Press (Barbell)",3,50.0,3,0,0,,,
2024-09-18 09:26:27,"Bench",29m,"Chest Fly (Dumbbell)",1,16.0,5,0,0,"",,
2024-09-18 09:26:27,"Bench",29m,"Chest Fly (Dumbbell)",2,16.0,5,0,0,,,
2024-09-18 09:26:27,"Bench",29m,"Chest Fly (Dumbbell)",3,16.0,4,0,0,,,
2024-09-18 09:26:27,"Bench",29m,"Triceps Extension",1,15.0,6,0,0,"",,
2024-09-18 09:26:27,"Bench",29m,"Triceps Extension",2,15.0,6,0,0,,,
2024-09-18 09:26:27,"Bench",29m,"Triceps Extension",3,12.5,6,0,0,,,
2024-09-19 08:38:53,"Deadlift",47m,"Deadlift (Barbell)",1,60.0,7,0,0,"","",
2024-09-19 08:38:53,"Deadlift",47m,"Deadlift (Barbell)",2,80.0,5,0,0,,,
2024-09-19 08:38:53,"Deadlift",47m,"Deadlift (Barbell)",3,90.0,3,0,0,,,
2024-09-19 08:38:53,"Deadlift",47m,"Deadlift (Barbell)",4,100.0,2,0,0,,,
2024-09-19 08:38:53,"Deadlift",47m,"Deadlift (Barbell)",5,100.0,2,0,0,,,
2024-09-19 08:38:53,"Deadlift",47m,"Deadlift (Barbell)",6,100.0,1,0,0,,,
2024-09-19 08:38:53,"Deadlift",47m,"Seated Row (Cable)",1,15.0,8,0,0,"",,
2024-09-19 08:38:53,"Deadlift",47m,"Seated Row (Cable)",2,15.0,8,0,0,,,
2024-09-19 08:38:53,"Deadlift",47m,"Seated Row (Cable)",3,15.0,8,0,0,,,
2024-09-19 08:38:53,"Deadlift",47m,"Lat Pulldown (Cable)",1,50.0,8,0,0,"",,
2024-09-19 08:38:53,"Deadlift",47m,"Lat Pulldown (Cable)",2,50.0,7,0,0,,,
2024-09-19 08:38:53,"Deadlift",47m,"Lat Pulldown (Cable)",3,50.0,5,0,0,,,
2024-09-21 10:12:16,"Squat ",1h 8m,"Squat (Barbell)",1,70.0,3,0,0,"Pause squats ","",
2024-09-21 10:12:16,"Squat ",1h 8m,"Squat (Barbell)",2,80.0,2,0,0,,,
2024-09-21 10:12:16,"Squat ",1h 8m,"Squat (Barbell)",3,80.0,2,0,0,,,
2024-09-21 10:12:16,"Squat ",1h 8m,"Bulgarian Split Squat",1,20.0,7,0,0,"Pause ",,
2024-09-21 10:12:16,"Squat ",1h 8m,"Bulgarian Split Squat",2,24.0,6,0,0,,,
2024-09-21 10:12:16,"Squat ",1h 8m,"Bulgarian Split Squat",3,24.0,6,0,0,,,
2024-09-21 10:12:16,"Squat ",1h 8m,"Hip Thrust (Barbell)",1,100.0,8,0,0,"With pause ",,
2024-09-21 10:12:16,"Squat ",1h 8m,"Hip Thrust (Barbell)",2,100.0,8,0,0,,,
2024-09-23 08:19:16,"Bench",28m,"Bench Press (Barbell)",1,50.0,4,0,0,"","",
2024-09-23 08:19:16,"Bench",28m,"Bench Press (Barbell)",2,50.0,4,0,0,,,
2024-09-23 08:19:16,"Bench",28m,"Bench Press (Barbell)",3,50.0,4,0,0,,,
2024-09-23 08:19:16,"Bench",28m,"Incline Bench Press (Dumbbell)",1,18.0,4,0,0,"",,
2024-09-23 08:19:16,"Bench",28m,"Incline Bench Press (Dumbbell)",2,18.0,4,0,0,,,
2024-09-23 08:19:16,"Bench",28m,"Incline Bench Press (Dumbbell)",3,18.0,4,0,0,,,
2024-09-23 08:19:16,"Bench",28m,"Triceps Extension",1,15.0,7,0,0,"",,
2024-09-23 08:19:16,"Bench",28m,"Triceps Extension",2,15.0,7,0,0,,,
2024-09-23 08:19:16,"Bench",28m,"Triceps Extension",3,15.0,5,0,0,,,
2024-09-25 08:07:36,"Deadlift",36m,"Deadlift (Barbell)",1,60.0,7,0,0,"","",
2024-09-25 08:07:36,"Deadlift",36m,"Deadlift (Barbell)",2,80.0,5,0,0,,,
2024-09-25 08:07:36,"Deadlift",36m,"Deadlift (Barbell)",3,90.0,3,0,0,,,
2024-09-25 08:07:36,"Deadlift",36m,"Deadlift (Barbell)",4,100.0,1,0,0,,,
2024-09-25 08:07:36,"Deadlift",36m,"Deadlift (Barbell)",5,100.0,2,0,0,,,
2024-09-25 08:07:36,"Deadlift",36m,"Seated Row (Cable)",1,30.0,10,0,0,"",,
2024-09-25 08:07:36,"Deadlift",36m,"Seated Row (Cable)",2,30.0,8,0,0,,,
2024-09-25 08:07:36,"Deadlift",36m,"Seated Row (Cable)",3,30.0,8,0,0,,,
2024-09-25 08:07:36,"Deadlift",36m,"Lat Pulldown (Cable)",1,50.0,7,0,0,"",,
2024-09-25 08:07:36,"Deadlift",36m,"Lat Pulldown (Cable)",2,50.0,7,0,0,,,
2024-09-25 08:07:36,"Deadlift",36m,"Lat Pulldown (Cable)",3,50.0,5,0,0,,,
2024-09-26 08:07:42,"Squat ",1m,"Squat (Machine)",1,80.0,6,0,0,"","",
2024-09-26 08:10:13,"Squat ",34m,"Squat (Barbell)",1,70.0,5,0,0,"","",
2024-09-26 08:10:13,"Squat ",34m,"Squat (Barbell)",2,80.0,2,0,0,,,
2024-09-26 08:10:13,"Squat ",34m,"Squat (Barbell)",3,80.0,2,0,0,,,
2024-09-26 08:10:13,"Squat ",34m,"Squat (Barbell)",4,80.0,2,0,0,,,
2024-09-26 08:10:13,"Squat ",34m,"Bulgarian Split Squat",1,20.0,6,0,0,"",,
2024-09-26 08:10:13,"Squat ",34m,"Bulgarian Split Squat",2,20.0,6,0,0,,,
2024-09-26 08:10:13,"Squat ",34m,"Leg Extension (Machine)",1,65.0,6,0,0,"",,
2024-09-26 08:10:13,"Squat ",34m,"Leg Extension (Machine)",2,65.0,7,0,0,,,
2024-09-26 08:10:13,"Squat ",34m,"Leg Extension (Machine)",3,65.0,8,0,0,,,
2024-09-30 08:37:13,"Bench",36m,"Bench Press (Barbell)",1,50.0,3,0,0,"","",
2024-09-30 08:37:13,"Bench",36m,"Bench Press (Barbell)",2,50.0,4,0,0,,,
2024-09-30 08:37:13,"Bench",36m,"Bench Press (Barbell)",3,50.0,4,0,0,,,
2024-09-30 08:37:13,"Bench",36m,"Incline Bench Press (Dumbbell)",1,18.0,4,0,0,"",,
2024-09-30 08:37:13,"Bench",36m,"Incline Bench Press (Dumbbell)",2,18.0,3,0,0,,,
2024-09-30 08:37:13,"Bench",36m,"Incline Bench Press (Dumbbell)",3,18.0,4,0,0,,,
2024-09-30 08:37:13,"Bench",36m,"Triceps Dip",1,0,5,0,0,"",,
2024-09-30 08:37:13,"Bench",36m,"Triceps Dip",2,0.0,4,0,0,,,
2024-09-30 08:37:13,"Bench",36m,"Triceps Extension",1,15.0,7,0,0,"",,
2024-09-30 08:37:13,"Bench",36m,"Triceps Extension",2,15.0,7,0,0,,,
2024-09-30 08:37:13,"Bench",36m,"Triceps Extension",3,15.0,6,0,0,,,
2024-10-02 09:35:24,"Squat ",53m,"Squat (Barbell)",1,50.0,3,0,0,"","",
2024-10-02 09:35:24,"Squat ",53m,"Squat (Barbell)",2,60.0,3,0,0,,,
2024-10-02 09:35:24,"Squat ",53m,"Squat (Barbell)",3,70.0,3,0,0,,,
2024-10-02 09:35:24,"Squat ",53m,"Squat (Barbell)",4,80.0,3,0,0,,,
2024-10-02 09:35:24,"Squat ",53m,"Squat (Barbell)",5,80.0,2,0,0,,,
2024-10-02 09:35:24,"Squat ",53m,"Bulgarian Split Squat",1,24.0,6,0,0,"",,
2024-10-02 09:35:24,"Squat ",53m,"Bulgarian Split Squat",2,24.0,6,0,0,,,
2024-10-02 09:35:24,"Squat ",53m,"Leg Press",1,150.0,6,0,0,"",,
2024-10-02 09:35:24,"Squat ",53m,"Leg Press",2,150.0,6,0,0,,,
2024-10-02 09:35:24,"Squat ",53m,"Leg Press",3,150.0,7,0,0,,,
2024-10-03 08:47:49,"Deadlift",46m,"Deadlift (Barbell)",1,80.0,5,0,0,"","",
2024-10-03 08:47:49,"Deadlift",46m,"Deadlift (Barbell)",2,90.0,3,0,0,,,
2024-10-03 08:47:49,"Deadlift",46m,"Deadlift (Barbell)",3,100.0,3,0,0,,,
2024-10-03 08:47:49,"Deadlift",46m,"Deadlift (Barbell)",4,100.0,2,0,0,,,
2024-10-03 08:47:49,"Deadlift",46m,"Deadlift (Barbell)",5,100.0,2,0,0,,,
2024-10-03 08:47:49,"Deadlift",46m,"Seated Row (Cable)",1,15.0,8,0,0,"",,
2024-10-03 08:47:49,"Deadlift",46m,"Seated Row (Cable)",2,15.0,8,0,0,,,
2024-10-03 08:47:49,"Deadlift",46m,"Seated Row (Cable)",3,15.0,8,0,0,,,
2024-10-03 08:47:49,"Deadlift",46m,"Lat Pulldown (Cable)",1,50.0,4,0,0,"",,
2024-10-03 08:47:49,"Deadlift",46m,"Lat Pulldown (Cable)",2,50.0,4,0,0,,,
2024-10-03 08:47:49,"Deadlift",46m,"Lat Pulldown (Cable)",3,50.0,4,0,0,,,
2024-10-04 08:57:47,"Squat ",3m,"Squat (Machine)",1,80.0,5,0,0,"","",
2024-10-04 09:01:03,"Squat ",42m,"Squat (Machine)",1,80.0,5,0,0,"","",
2024-10-04 09:01:03,"Squat ",42m,"Squat (Machine)",2,90.0,5,0,0,,,
2024-10-04 09:01:03,"Squat ",42m,"Squat (Machine)",3,100.0,6,0,0,,,
2024-10-04 09:01:03,"Squat ",42m,"Squat (Machine)",4,100.0,6,0,0,,,
2024-10-04 09:01:03,"Squat ",42m,"Squat (Machine)",5,110.0,6,0,0,,,
2024-10-04 09:01:03,"Squat ",42m,"Hip Abductor (Machine)",1,50.0,12,0,0,"",,
2024-10-04 09:01:03,"Squat ",42m,"Hip Abductor (Machine)",2,55.0,10,0,0,,,
2024-10-04 09:01:03,"Squat ",42m,"Hip Abductor (Machine)",3,55.0,7,0,0,,,
2024-10-04 09:01:03,"Squat ",42m,"Hip Thrust (Barbell)",1,100.0,8,0,0,"",,
2024-10-04 09:01:03,"Squat ",42m,"Hip Thrust (Barbell)",2,100.0,6,0,0,,,
2024-10-04 09:01:03,"Squat ",42m,"Hip Thrust (Barbell)",3,100.0,8,0,0,,,
2024-10-04 09:01:03,"Squat ",42m,"Back Extension",1,10.0,8,0,0,"",,
2024-10-04 09:01:03,"Squat ",42m,"Back Extension",2,10.0,8,0,0,,,
2024-10-07 09:12:38,"Deadlift",40m,"Romanian Deadlift (Barbell)",1,60.0,5,0,0,"","",
2024-10-07 09:12:38,"Deadlift",40m,"Romanian Deadlift (Barbell)",2,70.0,7,0,0,,,
2024-10-07 09:12:38,"Deadlift",40m,"Romanian Deadlift (Barbell)",3,80.0,6,0,0,,,
2024-10-07 09:12:38,"Deadlift",40m,"Romanian Deadlift (Barbell)",4,80.0,6,0,0,,,
2024-10-07 09:12:38,"Deadlift",40m,"Romanian Deadlift (Barbell)",5,80.0,6,0,0,,,
2024-10-07 09:12:38,"Deadlift",40m,"Bent Over One Arm Row (Dumbbell)",1,22.0,6,0,0,"",,
2024-10-07 09:12:38,"Deadlift",40m,"Bent Over One Arm Row (Dumbbell)",2,22.0,4,0,0,,,
2024-10-07 09:12:38,"Deadlift",40m,"Bent Over One Arm Row (Dumbbell)",3,20.0,5,0,0,,,
2024-10-07 09:12:38,"Deadlift",40m,"Lat Pulldown (Cable)",1,50.0,6,0,0,"",,
2024-10-07 09:12:38,"Deadlift",40m,"Lat Pulldown (Cable)",2,50.0,4,0,0,,,
2024-10-07 09:12:38,"Deadlift",40m,"Lat Pulldown (Cable)",3,50.0,5,0,0,,,
2024-10-08 18:17:21,"Bench",22m,"Bench Press (Barbell)",1,50.0,6,0,0,"","",
2024-10-08 18:17:21,"Bench",22m,"Bench Press (Barbell)",2,50.0,4,0,0,,,
2024-10-08 18:17:21,"Bench",22m,"Bench Press (Barbell)",3,50.0,4,0,0,,,
2024-10-08 18:17:21,"Bench",22m,"Skullcrusher (Barbell)",1,20.0,9,0,0,"",,
2024-10-08 18:17:21,"Bench",22m,"Skullcrusher (Barbell)",2,20.0,12,0,0,,,
2024-10-08 18:17:21,"Bench",22m,"Triceps Extension Straight (Uni)",1,7.5,6,0,0,"",,
2024-10-08 18:17:21,"Bench",22m,"Triceps Extension Straight (Uni)",2,7.5,6,0,0,,,
2024-10-10 08:36:33,"Squat ",41m,"Squat (Barbell)",1,50.0,5,0,0,"","",
2024-10-10 08:36:33,"Squat ",41m,"Squat (Barbell)",2,60.0,4,0,0,,,
2024-10-10 08:36:33,"Squat ",41m,"Squat (Barbell)",3,70.0,4,0,0,,,
2024-10-10 08:36:33,"Squat ",41m,"Squat (Barbell)",4,70.0,3,0,0,,,
2024-10-10 08:36:33,"Squat ",41m,"Bulgarian Split Squat",1,24.0,6,0,0,"",,
2024-10-10 08:36:33,"Squat ",41m,"Bulgarian Split Squat",2,24.0,8,0,0,,,
2024-10-10 08:36:33,"Squat ",41m,"Leg Extension (Machine)",1,65.0,6,0,0,"",,
2024-10-10 08:36:33,"Squat ",41m,"Leg Extension (Machine)",2,65.0,7,0,0,,,
2024-10-10 08:36:33,"Squat ",41m,"Leg Extension (Machine)",3,65.0,8,0,0,,,
2024-10-11 08:16:44,"Shoulders + Abs ",37m,"Lateral Raise (Dumbbell)",1,8.0,7,0,0,"","",
2024-10-11 08:16:44,"Shoulders + Abs ",37m,"Lateral Raise (Dumbbell)",2,8.0,6,0,0,,,
2024-10-11 08:16:44,"Shoulders + Abs ",37m,"Lateral Raise (Dumbbell)",3,8.0,7,0,0,,,
2024-10-11 08:16:44,"Shoulders + Abs ",37m,"Strict Military Press (Barbell)",1,25.0,5,0,0,"",,
2024-10-11 08:16:44,"Shoulders + Abs ",37m,"Strict Military Press (Barbell)",2,30.0,5,0,0,,,
2024-10-11 08:16:44,"Shoulders + Abs ",37m,"Strict Military Press (Barbell)",3,30.0,2,0,0,,,
2024-10-11 08:16:44,"Shoulders + Abs ",37m,"Flat Leg Raise",1,0,21,0,0,"",,
2024-10-11 08:16:44,"Shoulders + Abs ",37m,"Flat Leg Raise",2,0,6,0,0,,,
2024-10-11 08:16:44,"Shoulders + Abs ",37m,"Flat Leg Raise",3,0,15,0,0,,,
2024-10-11 08:16:44,"Shoulders + Abs ",37m,"Crunch",1,0.0,21,0,0,"",,
2024-10-11 08:16:44,"Shoulders + Abs ",37m,"Crunch",2,0.0,15,0,0,,,
2024-10-11 08:16:44,"Shoulders + Abs ",37m,"Crunch",3,5.0,6,0,0,,,
2024-10-11 08:16:44,"Shoulders + Abs ",37m,"Kettle Bell Single Leg Raises",1,12.0,15,0,0,"",,
2024-10-11 08:16:44,"Shoulders + Abs ",37m,"Kettle Bell Single Leg Raises",2,12.0,20,0,0,,,
2024-10-11 08:16:44,"Shoulders + Abs ",37m,"Kettle Bell Single Leg Raises",3,12.0,17,0,0,,,
2024-10-14 08:21:48,"Squat ",41m,"Squat (Barbell)",1,80.0,2,0,0,"","",
2024-10-14 08:21:48,"Squat ",41m,"Squat (Barbell)",2,80.0,2,0,0,,,
2024-10-14 08:21:48,"Squat ",41m,"Squat (Barbell)",3,80.0,2,0,0,,,
2024-10-14 08:21:48,"Squat ",41m,"Bulgarian Split Squat",1,20.0,5,0,0,"",,
2024-10-14 08:21:48,"Squat ",41m,"Bulgarian Split Squat",2,20.0,6,0,0,,,
2024-10-14 08:21:48,"Squat ",41m,"Leg Extension (Machine)",1,65.0,6,0,0,"",,
2024-10-14 08:21:48,"Squat ",41m,"Leg Extension (Machine)",2,65.0,6,0,0,,,
2024-10-14 08:21:48,"Squat ",41m,"Leg Extension (Machine)",3,65.0,5,0,0,,,
2024-10-15 08:15:02,"Deadlift",44m,"Deadlift (Barbell)",1,100.0,3,0,0,"","",
2024-10-15 08:15:02,"Deadlift",44m,"Deadlift (Barbell)",2,105.0,1,0,0,,,
2024-10-15 08:15:02,"Deadlift",44m,"Deadlift (Barbell)",3,105.0,2,0,0,,,
2024-10-15 08:15:02,"Deadlift",44m,"Seated Row (Cable)",1,20.0,5,0,0,"",,
2024-10-15 08:15:02,"Deadlift",44m,"Seated Row (Cable)",2,15.0,8,0,0,,,
2024-10-15 08:15:02,"Deadlift",44m,"Seated Row (Cable)",3,15.0,9,0,0,,,
2024-10-15 08:15:02,"Deadlift",44m,"Lat Pulldown (Cable)",1,50.0,6,0,0,"",,
2024-10-15 08:15:02,"Deadlift",44m,"Lat Pulldown (Cable)",2,50.0,4,0,0,,,
2024-10-15 08:15:02,"Deadlift",44m,"Lat Pulldown (Cable)",3,50.0,5,0,0,,,
2024-10-16 08:19:56,"Bench",29m,"Bench Press (Barbell)",1,50.0,4,0,0,"","",
2024-10-16 08:19:56,"Bench",29m,"Bench Press (Barbell)",2,50.0,3,0,0,,,
2024-10-16 08:19:56,"Bench",29m,"Bench Press (Barbell)",3,50.0,4,0,0,,,
2024-10-16 08:19:56,"Bench",29m,"Incline Bench Press (Dumbbell)",1,18.0,5,0,0,"",,
2024-10-16 08:19:56,"Bench",29m,"Incline Bench Press (Dumbbell)",2,18.0,4,0,0,,,
2024-10-16 08:19:56,"Bench",29m,"Incline Bench Press (Dumbbell)",3,18.0,3,0,0,,,
2024-10-16 08:19:56,"Bench",29m,"Triceps Dip",1,0,5,0,0,"",,
2024-10-16 08:19:56,"Bench",29m,"Triceps Dip",2,0.0,5,0,0,,,
2024-10-16 08:19:56,"Bench",29m,"Triceps Dip",3,0.0,5,0,0,,,
2024-10-18 08:43:26,"Squat ",50m,"Squat (Machine)",1,100.0,6,0,0,"","",
2024-10-18 08:43:26,"Squat ",50m,"Squat (Machine)",2,100.0,6,0,0,,,
2024-10-18 08:43:26,"Squat ",50m,"Squat (Machine)",3,110.0,4,0,0,,,
2024-10-18 08:43:26,"Squat ",50m,"Squat (Machine)",4,110.0,6,0,0,,,
2024-10-18 08:43:26,"Squat ",50m,"Back Extension",1,10.0,12,0,0,"",,
2024-10-18 08:43:26,"Squat ",50m,"Back Extension",2,10.0,13,0,0,,,
2024-10-18 08:43:26,"Squat ",50m,"Back Extension",3,10.0,13,0,0,,,
2024-10-18 08:43:26,"Squat ",50m,"Hip Thrust (Barbell)",1,100.0,8,0,0,"",,
2024-10-18 08:43:26,"Squat ",50m,"Hip Thrust (Barbell)",2,100.0,8,0,0,,,
2024-10-18 08:43:26,"Squat ",50m,"Hip Thrust (Barbell)",3,100.0,8,0,0,,,
2024-10-21 08:22:49,"Squat ",41m,"Squat (Barbell)",1,80.0,3,0,0,"","",
2024-10-21 08:22:49,"Squat ",41m,"Squat (Barbell)",2,80.0,3,0,0,,,
2024-10-21 08:22:49,"Squat ",41m,"Bulgarian Split Squat",1,20.0,6,0,0,"",,
2024-10-21 08:22:49,"Squat ",41m,"Bulgarian Split Squat",2,20.0,6,0,0,,,
2024-10-21 08:22:49,"Squat ",41m,"Leg Extension (Machine)",1,60.0,7,0,0,"",,
2024-10-21 08:22:49,"Squat ",41m,"Leg Extension (Machine)",2,60.0,6,0,0,,,
2024-10-21 08:22:49,"Squat ",41m,"Leg Extension (Machine)",3,60.0,6,0,0,,,
2024-10-22 08:28:40,"Bench",26m,"Bench Press (Barbell)",1,50.0,3,0,0,"","",
2024-10-22 08:28:40,"Bench",26m,"Bench Press (Barbell)",2,50.0,3,0,0,,,
2024-10-22 08:28:40,"Bench",26m,"Bench Press (Barbell)",3,50.0,4,0,0,,,
2024-10-22 08:28:40,"Bench",26m,"Chest Fly (Dumbbell)",1,16.0,6,0,0,"",,
2024-10-22 08:28:40,"Bench",26m,"Chest Fly (Dumbbell)",2,16.0,5,0,0,,,
2024-10-22 08:28:40,"Bench",26m,"Chest Fly (Dumbbell)",3,16.0,4,0,0,,,
2024-10-22 08:28:40,"Bench",26m,"Triceps Dip",1,0,5,0,0,"",,
2024-10-22 08:28:40,"Bench",26m,"Triceps Dip",2,0.0,6,0,0,,,
2024-10-22 08:28:40,"Bench",26m,"Triceps Dip",3,0.0,5,0,0,,,
2024-10-24 09:16:23,"Deadlift",43m,"Deadlift (Barbell)",1,100.0,3,0,0,"","",
2024-10-24 09:16:23,"Deadlift",43m,"Deadlift (Barbell)",2,105.0,2,0,0,,,
2024-10-24 09:16:23,"Deadlift",43m,"Deadlift (Barbell)",3,105.0,2,0,0,,,
2024-10-24 09:16:23,"Deadlift",43m,"Bent Over One Arm Row (Dumbbell)",1,20.0,9,0,0,"",,
2024-10-24 09:16:23,"Deadlift",43m,"Bent Over One Arm Row (Dumbbell)",2,20.0,8,0,0,,,
2024-10-24 09:16:23,"Deadlift",43m,"Lat Pulldown (Cable)",1,50.0,6,0,0,"",,
2024-10-24 09:16:23,"Deadlift",43m,"Lat Pulldown (Cable)",2,50.0,4,0,0,,,
2024-10-24 09:16:23,"Deadlift",43m,"Lat Pulldown (Cable)",3,50.0,4,0,0,,,
2024-10-25 08:17:24,"Squat ",43m,"Leg Press",1,150.0,6,0,0,"","",
2024-10-25 08:17:24,"Squat ",43m,"Leg Press",2,150.0,7,0,0,,,
2024-10-25 08:17:24,"Squat ",43m,"Leg Press",3,150.0,8,0,0,,,
2024-10-25 08:17:24,"Squat ",43m,"Hip Thrust (Barbell)",1,100.0,6,0,0,"",,
2024-10-25 08:17:24,"Squat ",43m,"Hip Thrust (Barbell)",2,100.0,8,0,0,,,
2024-10-25 08:17:24,"Squat ",43m,"Hip Thrust (Barbell)",3,100.0,8,0,0,,,
2024-10-25 08:17:24,"Squat ",43m,"Back Extension",1,10.0,12,0,0,"",,
2024-10-25 08:17:24,"Squat ",43m,"Back Extension",2,10.0,13,0,0,,,
2024-10-25 08:17:24,"Squat ",43m,"Back Extension",3,10.0,13,0,0,,,
2024-10-26 11:49:52,"Shoulders + Abs ",43m,"Lateral Raise (Cable)",1,5.0,9,0,0,"","",
2024-10-26 11:49:52,"Shoulders + Abs ",43m,"Lateral Raise (Cable)",2,5.0,7,0,0,,,
2024-10-26 11:49:52,"Shoulders + Abs ",43m,"Strict Military Press (Barbell)",1,30.0,6,0,0,"",,
2024-10-26 11:49:52,"Shoulders + Abs ",43m,"Strict Military Press (Barbell)",2,30.0,4,0,0,,,
2024-10-26 11:49:52,"Shoulders + Abs ",43m,"Strict Military Press (Barbell)",3,30.0,3,0,0,,,
2024-10-26 11:49:52,"Shoulders + Abs ",43m,"Strict Military Press (Barbell)",4,25.0,7,0,0,,,
2024-10-26 11:49:52,"Shoulders + Abs ",43m,"Strict Military Press (Barbell)",5,25.0,4,0,0,,,
2024-10-26 11:49:52,"Shoulders + Abs ",43m,"Flat Leg Raise",1,0,21,0,0,"",,
2024-10-26 11:49:52,"Shoulders + Abs ",43m,"Flat Leg Raise",2,0,6,0,0,,,
2024-10-26 11:49:52,"Shoulders + Abs ",43m,"Flat Leg Raise",3,0,15,0,0,,,
2024-10-26 11:49:52,"Shoulders + Abs ",43m,"Crunch",1,0.0,21,0,0,"",,
2024-10-26 11:49:52,"Shoulders + Abs ",43m,"Crunch",2,0.0,15,0,0,,,
2024-10-26 11:49:52,"Shoulders + Abs ",43m,"Crunch",3,5.0,6,0,0,,,
2024-10-26 11:49:52,"Shoulders + Abs ",43m,"Kettle Bell Single Leg Raises",1,12.0,15,0,0,"",,
2024-10-26 11:49:52,"Shoulders + Abs ",43m,"Kettle Bell Single Leg Raises",2,12.0,20,0,0,,,
2024-10-26 11:49:52,"Shoulders + Abs ",43m,"Kettle Bell Single Leg Raises",3,12.0,17,0,0,,,
2024-10-28 08:23:31,"Squat ",31m,"Squat (Barbell)",1,80.0,3,0,0,"","",
2024-10-28 08:23:31,"Squat ",31m,"Squat (Barbell)",2,80.0,3,0,0,,,
2024-10-28 08:23:31,"Squat ",31m,"Bulgarian Split Squat",1,20.0,6,0,0,"",,
2024-10-28 08:23:31,"Squat ",31m,"Bulgarian Split Squat",2,20.0,8,0,0,,,
2024-10-28 08:23:31,"Squat ",31m,"Leg Extension (Machine)",1,60.0,5,0,0,"",,
2024-10-28 08:23:31,"Squat ",31m,"Leg Extension (Machine)",2,60.0,8,0,0,,,
2024-10-28 08:23:31,"Squat ",31m,"Leg Extension (Machine)",3,60.0,6,0,0,,,
2024-10-29 07:34:21,"Deadlift",22m,"Deadlift (Barbell)",1,100.0,3,0,0,"","",
2024-10-29 07:34:21,"Deadlift",22m,"Deadlift (Barbell)",2,105.0,2,0,0,,,
2024-10-29 07:34:21,"Deadlift",22m,"Deadlift (Barbell)",3,105.0,2,0,0,,,
2024-10-29 07:34:21,"Deadlift",22m,"Seated Row (Cable)",1,35.0,9,0,0,"",,
2024-10-29 07:34:21,"Deadlift",22m,"Seated Row (Cable)",2,35.0,9,0,0,,,
2024-10-29 07:34:21,"Deadlift",22m,"Seated Row (Cable)",3,15.0,8,0,0,,,
2024-10-29 07:34:21,"Deadlift",22m,"Lat Pulldown (Cable)",1,55.0,3,0,0,"",,
2024-10-29 07:34:21,"Deadlift",22m,"Lat Pulldown (Cable)",2,50.0,5,0,0,,,
2024-11-01 09:10:41,"Bench",35m,"Bench Press (Barbell)",1,50.0,5,0,0,"","",
2024-11-01 09:10:41,"Bench",35m,"Bench Press (Barbell)",2,50.0,4,0,0,,,
2024-11-01 09:10:41,"Bench",35m,"Bench Press (Barbell)",3,50.0,4,0,0,,,
2024-11-01 09:10:41,"Bench",35m,"Incline Bench Press (Dumbbell)",1,18.0,6,0,0,"",,
2024-11-01 09:10:41,"Bench",35m,"Incline Bench Press (Dumbbell)",2,16.0,8,0,0,,,
2024-11-01 09:10:41,"Bench",35m,"Incline Bench Press (Dumbbell)",3,18.0,5,0,0,,,
2024-11-01 09:10:41,"Bench",35m,"Triceps Dip",1,0,6,0,0,"",,
2024-11-01 09:10:41,"Bench",35m,"Triceps Dip",2,0.0,7,0,0,,,
2024-11-01 09:10:41,"Bench",35m,"Triceps Dip",3,0.0,5,0,0,,,
2024-11-02 10:10:57,"Squat ",24m,"Pause Squats ",1,60.0,4,0,0,"","",
2024-11-02 10:10:57,"Squat ",24m,"Pause Squats ",2,70.0,5,0,0,,,
2024-11-02 10:10:57,"Squat ",24m,"Pause Squats ",3,80.0,3,0,0,,,
2024-11-02 10:10:57,"Squat ",24m,"Bulgarian Split Squat",1,22.0,6,0,0,"",,
2024-11-02 10:10:57,"Squat ",24m,"Bulgarian Split Squat",2,22.0,6,0,0,,,
2024-11-04 09:03:20,"Deadlift",26m,"Deadlift (Barbell)",1,100.0,3,0,0,"","",
2024-11-04 09:03:20,"Deadlift",26m,"Deadlift (Barbell)",2,105.0,3,0,0,,,
2024-11-04 09:03:20,"Deadlift",26m,"Deadlift (Barbell)",3,105.0,2,0,0,,,
2024-11-04 09:03:20,"Deadlift",26m,"Seated Row (Cable)",1,35.0,6,0,0,"",,
2024-11-04 09:03:20,"Deadlift",26m,"Seated Row (Cable)",2,35.0,5,0,0,,,
2024-11-04 09:03:20,"Deadlift",26m,"Lat Pulldown (Cable)",1,50.0,6,0,0,"",,
2024-11-04 09:03:20,"Deadlift",26m,"Lat Pulldown (Cable)",2,50.0,6,0,0,,,
2024-11-04 09:03:20,"Deadlift",26m,"Lat Pulldown (Cable)",3,50.0,5,0,0,,,
2024-11-05 09:00:21,"Bench",30m,"Bench Press (Barbell)",1,50.0,5,0,0,"","",
2024-11-05 09:00:21,"Bench",30m,"Bench Press (Barbell)",2,50.0,5,0,0,,,
2024-11-05 09:00:21,"Bench",30m,"Bench Press (Barbell)",3,50.0,5,0,0,,,
2024-11-05 09:00:21,"Bench",30m,"Triceps Dip",1,0,8,0,0,"",,
2024-11-05 09:00:21,"Bench",30m,"Triceps Dip",2,0.0,8,0,0,,,
2024-11-05 09:00:21,"Bench",30m,"Triceps Dip",3,0.0,5,0,0,,,
2024-11-06 08:15:08,"Squat ",41m,"Squat (Barbell)",1,75.0,3,0,0,"","",
2024-11-06 08:15:08,"Squat ",41m,"Squat (Barbell)",2,80.0,4,0,0,,,
2024-11-06 08:15:08,"Squat ",41m,"Squat (Barbell)",3,80.0,3,0,0,,,
2024-11-06 08:15:08,"Squat ",41m,"Bulgarian Split Squat",1,24.0,8,0,0,"",,
2024-11-06 08:15:08,"Squat ",41m,"Bulgarian Split Squat",2,24.0,8,0,0,,,
2024-11-06 08:15:08,"Squat ",41m,"Leg Extension (Machine)",1,60.0,6,0,0,"",,
2024-11-06 08:15:08,"Squat ",41m,"Leg Extension (Machine)",2,60.0,6,0,0,,,
2024-11-06 08:15:08,"Squat ",41m,"Leg Extension (Machine)",3,60.0,6,0,0,,,
2024-11-11 08:17:46,"Squat ",45m,"Squat (Barbell)",1,75.0,3,0,0,"","",
2024-11-11 08:17:46,"Squat ",45m,"Squat (Barbell)",2,75.0,4,0,0,,,
2024-11-11 08:17:46,"Squat ",45m,"Bulgarian Split Squat",1,22.0,6,0,0,"",,
2024-11-11 08:17:46,"Squat ",45m,"Bulgarian Split Squat",2,24.0,8,0,0,,,
2024-11-11 08:17:46,"Squat ",45m,"Hip Thrust (Barbell)",1,100.0,6,0,0,"",,
2024-11-11 08:17:46,"Squat ",45m,"Hip Thrust (Barbell)",2,100.0,7,0,0,,,
2024-11-11 08:17:46,"Squat ",45m,"Hip Thrust (Barbell)",3,100.0,8,0,0,,,
2024-11-12 08:26:03,"Bench",28m,"Bench Press (Barbell)",1,50.0,4,0,0,"","",
2024-11-12 08:26:03,"Bench",28m,"Bench Press (Barbell)",2,50.0,5,0,0,,,
2024-11-12 08:26:03,"Bench",28m,"Bench Press (Barbell)",3,50.0,3,0,0,,,
2024-11-12 08:26:03,"Bench",28m,"Incline Bench Press (Dumbbell)",1,18.0,7,0,0,"",,
2024-11-12 08:26:03,"Bench",28m,"Incline Bench Press (Dumbbell)",2,18.0,7,0,0,,,
2024-11-12 08:26:03,"Bench",28m,"Incline Bench Press (Dumbbell)",3,18.0,4,0,0,,,
2024-11-12 08:26:03,"Bench",28m,"Triceps Dip",1,0,5,0,0,"",,
2024-11-12 08:26:03,"Bench",28m,"Triceps Dip",2,0,7,0,0,,,
2024-11-12 08:26:03,"Bench",28m,"Triceps Dip",3,0,5,0,0,,,
2024-11-14 08:20:55,"Deadlift",43m,"Deadlift (Barbell)",1,105.0,2,0,0,"","",
2024-11-14 08:20:55,"Deadlift",43m,"Deadlift (Barbell)",2,105.0,1,0,0,,,
2024-11-14 08:20:55,"Deadlift",43m,"Deadlift (Barbell)",3,105.0,2,0,0,,,
2024-11-14 08:20:55,"Deadlift",43m,"Bent Over Row (Barbell)",1,30.0,8,0,0,"",,
2024-11-14 08:20:55,"Deadlift",43m,"Bent Over Row (Barbell)",2,35.0,7,0,0,,,
2024-11-14 08:20:55,"Deadlift",43m,"Bent Over Row (Barbell)",3,35.0,6,0,0,,,
2024-11-14 08:20:55,"Deadlift",43m,"Pull Up",1,0,4,0,0,"",,
2024-11-14 08:20:55,"Deadlift",43m,"Pull Up",2,0,4,0,0,,,
2024-11-15 08:51:08,"Squat ",40m,"Pause Squats ",1,50.0,5,0,0,"","",
2024-11-15 08:51:08,"Squat ",40m,"Pause Squats ",2,60.0,4,0,0,,,
2024-11-15 08:51:08,"Squat ",40m,"Pause Squats ",3,70.0,3,0,0,,,
2024-11-15 08:51:08,"Squat ",40m,"Bulgarian Split Squat",1,24.0,6,0,0,"",,
2024-11-15 08:51:08,"Squat ",40m,"Bulgarian Split Squat",2,24.0,6,0,0,,,
2024-11-15 08:51:08,"Squat ",40m,"Leg Extension (Machine)",1,60.0,8,0,0,"",,
2024-11-15 08:51:08,"Squat ",40m,"Leg Extension (Machine)",2,60.0,7,0,0,,,
2024-11-15 08:51:08,"Squat ",40m,"Leg Extension (Machine)",3,60.0,6,0,0,,,
2024-11-18 09:44:29,"Squat ",19m,"Squat (Barbell)",1,80.0,2,0,0,"","",
2024-11-18 09:44:29,"Squat ",19m,"Squat (Barbell)",2,80.0,3,0,0,,,
2024-11-18 09:44:29,"Squat ",19m,"Squat (Barbell)",3,80.0,2,0,0,,,
2024-11-18 09:44:29,"Squat ",19m,"Bulgarian Split Squat",1,22.0,5,0,0,"",,
2024-11-18 09:44:29,"Squat ",19m,"Bulgarian Split Squat",2,22.0,5,0,0,,,
2024-11-22 21:54:41,"Deadlift",1h 20m,"Deadlift (Barbell)",1,100.0,2,0,0,"","",
2024-11-22 21:54:41,"Deadlift",1h 20m,"Deadlift (Barbell)",2,100.0,2,0,0,,,
2024-11-22 21:54:41,"Deadlift",1h 20m,"Bent Over Row (Barbell)",1,30.0,8,0,0,"",,
2024-11-22 21:54:41,"Deadlift",1h 20m,"Bent Over Row (Barbell)",2,35.0,7,0,0,,,
2024-11-22 21:54:41,"Deadlift",1h 20m,"Bent Over Row (Barbell)",3,35.0,7,0,0,,,
2024-11-22 21:54:41,"Deadlift",1h 20m,"Lat Pulldown (Cable)",1,50.0,7,0,0,"",,
2024-11-22 21:54:41,"Deadlift",1h 20m,"Lat Pulldown (Cable)",2,50.0,7,0,0,,,
2024-11-22 21:54:41,"Deadlift",1h 20m,"Lat Pulldown (Cable)",3,50.0,5,0,0,,,
2024-11-25 23:08:20,"Squat ",40m,"Squat (Barbell)",1,60.0,4,0,0,"","",
2024-11-25 23:08:20,"Squat ",40m,"Squat (Barbell)",2,70.0,4,0,0,,,
2024-11-25 23:08:20,"Squat ",40m,"Squat (Barbell)",3,75.0,4,0,0,,,
2024-11-25 23:08:20,"Squat ",40m,"Squat (Barbell)",4,80.0,3,0,0,,,
2024-11-25 23:08:20,"Squat ",40m,"Squat (Barbell)",5,80.0,2,0,0,,,
2024-11-25 23:08:20,"Squat ",40m,"Bulgarian Split Squat",1,18.0,10,0,0,"",,
2024-11-25 23:08:20,"Squat ",40m,"Bulgarian Split Squat",2,18.0,7,0,0,,,
2024-11-25 23:08:20,"Squat ",40m,"Bulgarian Split Squat",3,18.0,4,0,0,,,
2024-11-25 23:08:20,"Squat ",40m,"Leg Press",1,120.0,8,0,0,"",,
2024-11-25 23:08:20,"Squat ",40m,"Leg Press",2,120.0,9,0,0,,,
2024-11-25 23:08:20,"Squat ",40m,"Leg Press",3,130.0,7,0,0,,,
2024-11-27 22:24:07,"Bench",45m,"Bench Press (Dumbbell)",1,18.0,5,0,0,"","",
2024-11-27 22:24:07,"Bench",45m,"Bench Press (Dumbbell)",2,18.0,5,0,0,,,
2024-11-27 22:24:07,"Bench",45m,"Bench Press (Dumbbell)",3,18.0,5,0,0,,,
2024-11-27 22:24:07,"Bench",45m,"Incline Bench Press (Dumbbell)",1,18.0,3,0,0,"",,
2024-11-27 22:24:07,"Bench",45m,"Incline Bench Press (Dumbbell)",2,18.0,3,0,0,,,
2024-11-27 22:24:07,"Bench",45m,"Incline Bench Press (Dumbbell)",3,18.0,4,0,0,,,
2024-11-27 22:24:07,"Bench",45m,"Triceps Extension",1,15.0,8,0,0,"",,
2024-11-27 22:24:07,"Bench",45m,"Triceps Extension",2,15.0,9,0,0,,,
2024-11-27 22:24:07,"Bench",45m,"Triceps Extension",3,15.0,7,0,0,,,
2024-11-28 21:52:09,"Deadlift",57m,"Deadlift (Barbell)",1,100.0,2,0,0,"","",
2024-11-28 21:52:09,"Deadlift",57m,"Deadlift (Barbell)",2,105.0,2,0,0,,,
2024-11-28 21:52:09,"Deadlift",57m,"Deadlift (Barbell)",3,105.0,2,0,0,,,
2024-11-28 21:52:09,"Deadlift",57m,"Bent Over Row (Barbell)",1,30.0,8,0,0,"",,
2024-11-28 21:52:09,"Deadlift",57m,"Bent Over Row (Barbell)",2,35.0,8,0,0,,,
2024-11-28 21:52:09,"Deadlift",57m,"Bent Over Row (Barbell)",3,35.0,8,0,0,,,
2024-11-28 21:52:09,"Deadlift",57m,"Lat Pulldown (Cable)",1,50.0,8,0,0,"",,
2024-11-28 21:52:09,"Deadlift",57m,"Lat Pulldown (Cable)",2,50.0,7,0,0,,,
2024-11-28 21:52:09,"Deadlift",57m,"Lat Pulldown (Cable)",3,50.0,5,0,0,,,
2024-11-29 22:27:24,"Squat ",1h 2m,"Pause Squats ",1,70.0,3,0,0,"","",
2024-11-29 22:27:24,"Squat ",1h 2m,"Pause Squats ",2,70.0,3,0,0,,,
2024-11-29 22:27:24,"Squat ",1h 2m,"Pause Squats ",3,70.0,3,0,0,,,
2024-11-29 22:27:24,"Squat ",1h 2m,"Leg Extension (Machine)",1,70.0,9,0,0,"",,
2024-11-29 22:27:24,"Squat ",1h 2m,"Leg Extension (Machine)",2,70.0,9,0,0,,,
2024-11-29 22:27:24,"Squat ",1h 2m,"Leg Extension (Machine)",3,70.0,10,0,0,,,
2024-11-29 22:27:24,"Squat ",1h 2m,"Bulgarian Split Squat",1,20.0,6,0,0,"",,
2024-11-29 22:27:24,"Squat ",1h 2m,"Bulgarian Split Squat",2,20.0,6,0,0,,,
2024-11-29 22:27:24,"Squat ",1h 2m,"Bulgarian Split Squat",3,20.0,5,0,0,,,
2024-12-02 22:07:10,"Squat ",31m,"Squat (Barbell)",1,75.0,4,0,0,"","",
2024-12-02 22:07:10,"Squat ",31m,"Squat (Barbell)",2,75.0,4,0,0,,,
2024-12-02 22:07:10,"Squat ",31m,"Squat (Barbell)",3,75.0,4,0,0,,,
2024-12-02 22:07:10,"Squat ",31m,"Bulgarian Split Squat",1,18.0,6,0,0,"",,
2024-12-02 22:07:10,"Squat ",31m,"Bulgarian Split Squat",2,18.0,10,0,0,,,
2024-12-02 22:07:10,"Squat ",31m,"Leg Press",1,140.0,6,0,0,"",,
2024-12-02 22:07:10,"Squat ",31m,"Leg Press",2,140.0,5,0,0,,,
2024-12-02 22:07:10,"Squat ",31m,"Leg Press",3,130.0,7,0,0,,,
2024-12-03 21:17:00,"Bench",34m,"Bench Press (Barbell)",1,45.0,6,0,0,"","",
2024-12-03 21:17:00,"Bench",34m,"Bench Press (Barbell)",2,50.0,4,0,0,,,
2024-12-03 21:17:00,"Bench",34m,"Bench Press (Barbell)",3,50.0,4,0,0,,,
2024-12-03 21:17:00,"Bench",34m,"Chest Fly",1,15.0,12,0,0,"",,
2024-12-03 21:17:00,"Bench",34m,"Chest Fly",2,20.0,7,0,0,,,
2024-12-03 21:17:00,"Bench",34m,"Chest Fly",3,20.0,7,0,0,,,
2024-12-03 21:17:00,"Bench",34m,"Triceps Dip",1,0,5,0,0,"",,
2024-12-03 21:17:00,"Bench",34m,"Triceps Dip",2,0.0,7,0,0,,,
2024-12-03 21:17:00,"Bench",34m,"Triceps Dip",3,0.0,6,0,0,,,
2024-12-04 22:16:51,"Deadlift",47m,"Deadlift (Barbell)",1,100.0,3,0,0,"","",
2024-12-04 22:16:51,"Deadlift",47m,"Deadlift (Barbell)",2,100.0,2,0,0,,,
2024-12-04 22:16:51,"Deadlift",47m,"Deadlift (Barbell)",3,105.0,2,0,0,,,
2024-12-04 22:16:51,"Deadlift",47m,"Deadlift (Barbell)",4,100.0,2,0,0,,,
2024-12-04 22:16:51,"Deadlift",47m,"Bent Over Row (Barbell)",1,30.0,8,0,0,"",,
2024-12-04 22:16:51,"Deadlift",47m,"Bent Over Row (Barbell)",2,30.0,9,0,0,,,
2024-12-04 22:16:51,"Deadlift",47m,"Bent Over Row (Barbell)",3,30.0,9,0,0,,,
2024-12-04 22:16:51,"Deadlift",47m,"Lat Pulldown (Cable)",1,50.0,8,0,0,"",,
2024-12-04 22:16:51,"Deadlift",47m,"Lat Pulldown (Cable)",2,50.0,6,0,0,,,
2024-12-04 22:16:51,"Deadlift",47m,"Lat Pulldown (Cable)",3,50.0,6,0,0,,,
2024-12-06 14:57:14,"Squat ",38m,"Pause Squats ",1,60.0,4,0,0,"","",
2024-12-06 14:57:14,"Squat ",38m,"Pause Squats ",2,60.0,4,0,0,,,
2024-12-06 14:57:14,"Squat ",38m,"Pause Squats ",3,60.0,4,0,0,,,
2024-12-06 14:57:14,"Squat ",38m,"Leg Extension (Machine)",1,70.0,7,0,0,"",,
2024-12-06 14:57:14,"Squat ",38m,"Leg Extension (Machine)",2,70.0,8,0,0,,,
2024-12-06 14:57:14,"Squat ",38m,"Leg Extension (Machine)",3,70.0,8,0,0,,,
2024-12-07 13:09:27,"Shoulders + Abs ",32m,"Lateral Raise (Dumbbell)",1,8.0,6,0,0,"","",
2024-12-07 13:09:27,"Shoulders + Abs ",32m,"Lateral Raise (Dumbbell)",2,8.0,7,0,0,,,
2024-12-07 13:09:27,"Shoulders + Abs ",32m,"Strict Military Press (Barbell)",1,25.0,6,0,0,"",,
2024-12-07 13:09:27,"Shoulders + Abs ",32m,"Strict Military Press (Barbell)",2,30.0,7,0,0,,,
2024-12-07 13:09:27,"Shoulders + Abs ",32m,"Strict Military Press (Barbell)",3,30.0,6,0,0,,,
2024-12-07 13:09:27,"Shoulders + Abs ",32m,"Strict Military Press (Barbell)",4,25.0,4,0,0,,,
2024-12-07 13:09:27,"Shoulders + Abs ",32m,"Flat Leg Raise",1,0,21,0,0,"",,
2024-12-07 13:09:27,"Shoulders + Abs ",32m,"Flat Leg Raise",2,0,6,0,0,,,
2024-12-07 13:09:27,"Shoulders + Abs ",32m,"Crunch",1,0.0,21,0,0,"",,
2024-12-07 13:09:27,"Shoulders + Abs ",32m,"Kettle Bell Single Leg Raises",1,12.0,15,0,0,"",,
2024-12-07 13:09:27,"Shoulders + Abs ",32m,"Kettle Bell Single Leg Raises",2,12.0,20,0,0,,,
2024-12-07 13:09:27,"Shoulders + Abs ",32m,"Kettle Bell Single Leg Raises",3,12.0,17,0,0,,,
2024-12-09 13:16:31,"Squat ",32m,"Squat (Barbell)",1,60.0,3,0,0,"","",
2024-12-09 13:16:31,"Squat ",32m,"Squat (Barbell)",2,70.0,3,0,0,,,
2024-12-09 13:16:31,"Squat ",32m,"Squat (Barbell)",3,80.0,3,0,0,,,
2024-12-09 13:16:31,"Squat ",32m,"Squat (Barbell)",4,80.0,2,0,0,,,
2024-12-09 13:16:31,"Squat ",32m,"Bulgarian Split Squat",1,18.0,6,0,0,"",,
2024-12-09 13:16:31,"Squat ",32m,"Bulgarian Split Squat",2,22.0,6,0,0,,,
2024-12-09 13:16:31,"Squat ",32m,"Leg Press",1,140.0,8,0,0,"",,
2024-12-09 13:16:31,"Squat ",32m,"Leg Press",2,140.0,7,0,0,,,
2024-12-09 13:16:31,"Squat ",32m,"Leg Press",3,130.0,7,0,0,,,
2024-12-11 22:48:28,"Bench",41m,"Bench Press (Barbell)",1,50.0,4,0,0,"","",
2024-12-11 22:48:28,"Bench",41m,"Bench Press (Barbell)",2,50.0,4,0,0,,,
2024-12-11 22:48:28,"Bench",41m,"Bench Press (Barbell)",3,50.0,4,0,0,,,
2024-12-11 22:48:28,"Bench",41m,"Incline Bench Press (Dumbbell)",1,16.0,6,0,0,"",,
2024-12-11 22:48:28,"Bench",41m,"Incline Bench Press (Dumbbell)",2,18.0,7,0,0,,,
2024-12-11 22:48:28,"Bench",41m,"Incline Bench Press (Dumbbell)",3,18.0,7,0,0,,,
2024-12-11 22:48:28,"Bench",41m,"Triceps Dip",1,0,4,0,0,"",,
2024-12-11 22:48:28,"Bench",41m,"Triceps Dip",2,0,8,0,0,,,
2024-12-11 22:48:28,"Bench",41m,"Triceps Extension",1,15.0,10,0,0,"",,
2024-12-11 22:48:28,"Bench",41m,"Triceps Extension",2,15.0,9,0,0,,,
2024-12-11 22:48:28,"Bench",41m,"Triceps Extension",3,15.0,7,0,0,,,
2024-12-14 10:10:58,"Deadlift",48m,"Deadlift (Barbell)",1,80.0,5,0,0,"","",
2024-12-14 10:10:58,"Deadlift",48m,"Deadlift (Barbell)",2,90.0,3,0,0,,,
2024-12-14 10:10:58,"Deadlift",48m,"Deadlift (Barbell)",3,100.0,2,0,0,,,
2024-12-14 10:10:58,"Deadlift",48m,"Deadlift (Barbell)",4,105.0,3,0,0,,,
2024-12-14 10:10:58,"Deadlift",48m,"Deadlift (Barbell)",5,105.0,2,0,0,,,
2024-12-14 10:10:58,"Deadlift",48m,"Deadlift (Barbell)",6,100.0,3,0,0,,,
2024-12-14 10:10:58,"Deadlift",48m,"Bent Over Row (Barbell)",1,40.0,7,0,0,"",,
2024-12-14 10:10:58,"Deadlift",48m,"Bent Over Row (Barbell)",2,40.0,7,0,0,,,
2024-12-14 10:10:58,"Deadlift",48m,"Bent Over Row (Barbell)",3,40.0,6,0,0,,,
2024-12-14 10:10:58,"Deadlift",48m,"Lat Pulldown (Cable)",1,50.0,6,0,0,"",,
2024-12-14 10:10:58,"Deadlift",48m,"Lat Pulldown (Cable)",2,50.0,6,0,0,,,
2024-12-14 10:10:58,"Deadlift",48m,"Lat Pulldown (Cable)",3,50.0,6,0,0,,,
2024-12-16 08:29:52,"Squat ",40m,"Squat (Barbell)",1,60.0,3,0,0,"","",
2024-12-16 08:29:52,"Squat ",40m,"Squat (Barbell)",2,70.0,3,0,0,,,
2024-12-16 08:29:52,"Squat ",40m,"Squat (Barbell)",3,70.0,3,0,0,,,
2024-12-16 08:29:52,"Squat ",40m,"Squat (Barbell)",4,60.0,8,0,0,,,
2024-12-16 08:29:52,"Squat ",40m,"Bulgarian Split Squat",1,24.0,5,0,0,"",,
2024-12-16 08:29:52,"Squat ",40m,"Bulgarian Split Squat",2,24.0,8,0,0,,,
2024-12-16 08:29:52,"Squat ",40m,"Leg Press",1,150.0,5,0,0,"",,
2024-12-16 08:29:52,"Squat ",40m,"Leg Press",2,150.0,3,0,0,,,
2024-12-16 08:29:52,"Squat ",40m,"Leg Press",3,140.0,6,0,0,,,
2024-12-16 08:29:52,"Squat ",40m,"Leg Press",4,140.0,6,0,0,,,
2024-12-17 08:59:23,"Bench",33m,"Bench Press (Barbell)",1,40.0,5,0,0,"","",
2024-12-17 08:59:23,"Bench",33m,"Bench Press (Barbell)",2,45.0,5,0,0,,,
2024-12-17 08:59:23,"Bench",33m,"Bench Press (Barbell)",3,50.0,3,0,0,,,
2024-12-17 08:59:23,"Bench",33m,"Bench Press (Barbell)",4,50.0,2,0,0,,,
2024-12-17 08:59:23,"Bench",33m,"Chest Fly (Dumbbell)",1,16.0,5,0,0,"",,
2024-12-17 08:59:23,"Bench",33m,"Chest Fly (Dumbbell)",2,12.0,8,0,0,,,
2024-12-17 08:59:23,"Bench",33m,"Triceps Dip",1,0,8,0,0,"",,
2024-12-17 08:59:23,"Bench",33m,"Triceps Dip",2,0.0,8,0,0,,,
2024-12-17 08:59:23,"Bench",33m,"Triceps Dip",3,0.0,8,0,0,,,
2024-12-18 08:55:39,"Deadlift",39m,"Deadlift (Barbell)",1,80.0,5,0,0,"","",
2024-12-18 08:55:39,"Deadlift",39m,"Deadlift (Barbell)",2,90.0,3,0,0,,,
2024-12-18 08:55:39,"Deadlift",39m,"Deadlift (Barbell)",3,100.0,2,0,0,,,
2024-12-18 08:55:39,"Deadlift",39m,"Deadlift (Barbell)",4,100.0,2,0,0,,,
2024-12-18 08:55:39,"Deadlift",39m,"Deadlift (Barbell)",5,100.0,1,0,0,,,
2024-12-18 08:55:39,"Deadlift",39m,"Bent Over Row (Barbell)",1,40.0,8,0,0,"",,
2024-12-18 08:55:39,"Deadlift",39m,"Bent Over Row (Barbell)",2,40.0,7,0,0,,,
2024-12-18 08:55:39,"Deadlift",39m,"Bent Over Row (Barbell)",3,40.0,6,0,0,,,
2024-12-19 08:37:25,"Squat ",31m,"Pause Squats ",1,60.0,4,0,0,"","",
2024-12-19 08:37:25,"Squat ",31m,"Pause Squats ",2,70.0,2,0,0,,,
2024-12-19 08:37:25,"Squat ",31m,"Pause Squats ",3,70.0,3,0,0,,,
2024-12-19 08:37:25,"Squat ",31m,"Hip Thrust (Barbell)",1,100.0,5,0,0,"",,
2024-12-19 08:37:25,"Squat ",31m,"Hip Thrust (Barbell)",2,100.0,6,0,0,,,
2024-12-19 08:37:25,"Squat ",31m,"Hip Thrust (Barbell)",3,100.0,5,0,0,,,
2024-12-19 08:37:25,"Squat ",31m,"Leg Extension (Machine)",1,65.0,5,0,0,"",,
2024-12-19 08:37:25,"Squat ",31m,"Leg Extension (Machine)",2,65.0,7,0,0,,,
2024-12-19 08:37:25,"Squat ",31m,"Leg Extension (Machine)",3,70.0,8,0,0,,,
2024-12-20 08:38:08,"Shoulders + Abs ",38m,"Lateral Raise (Dumbbell)",1,8.0,9,0,0,"","",
2024-12-20 08:38:08,"Shoulders + Abs ",38m,"Lateral Raise (Dumbbell)",2,8.0,8,0,0,,,
2024-12-20 08:38:08,"Shoulders + Abs ",38m,"Lateral Raise (Dumbbell)",3,8.0,9,0,0,,,
2024-12-20 08:38:08,"Shoulders + Abs ",38m,"Strict Military Press (Barbell)",1,25.0,6,0,0,"",,
2024-12-20 08:38:08,"Shoulders + Abs ",38m,"Strict Military Press (Barbell)",2,25.0,8,0,0,,,
2024-12-20 08:38:08,"Shoulders + Abs ",38m,"Strict Military Press (Barbell)",3,30.0,5,0,0,,,
2024-12-20 08:38:08,"Shoulders + Abs ",38m,"Strict Military Press (Barbell)",4,30.0,4,0,0,,,
2024-12-20 08:38:08,"Shoulders + Abs ",38m,"Flat Leg Raise",1,0,21,0,0,"",,
2024-12-20 08:38:08,"Shoulders + Abs ",38m,"Crunch",1,0.0,21,0,0,"",,
2024-12-20 08:38:08,"Shoulders + Abs ",38m,"Kettle Bell Single Leg Raises",1,12.0,15,0,0,"",,
2025-01-06 07:44:16,"Squat ",36m,"Squat (Barbell)",1,70.0,4,0,0,"","",
2025-01-06 07:44:16,"Squat ",36m,"Squat (Barbell)",2,75.0,3,0,0,,,
2025-01-06 07:44:16,"Squat ",36m,"Squat (Barbell)",3,75.0,3,0,0,,,
2025-01-06 07:44:16,"Squat ",36m,"Bulgarian Split Squat",1,22.0,5,0,0,"",,
2025-01-06 07:44:16,"Squat ",36m,"Bulgarian Split Squat",2,22.0,5,0,0,,,
2025-01-06 07:44:16,"Squat ",36m,"Leg Extension (Machine)",1,70.0,5,0,0,"",,
2025-01-06 07:44:16,"Squat ",36m,"Leg Extension (Machine)",2,70.0,6,0,0,,,
2025-01-06 07:44:16,"Squat ",36m,"Leg Extension (Machine)",3,70.0,5,0,0,,,
2025-01-07 08:01:34,"Bench",31m,"Bench Press (Barbell)",1,40.0,5,0,0,"","",
2025-01-07 08:01:34,"Bench",31m,"Bench Press (Barbell)",2,45.0,4,0,0,,,
2025-01-07 08:01:34,"Bench",31m,"Bench Press (Barbell)",3,50.0,5,0,0,,,
2025-01-07 08:01:34,"Bench",31m,"Bench Press (Barbell)",4,52.5,2,0,0,,,
2025-01-07 08:01:34,"Bench",31m,"Bench Press (Barbell)",5,50.0,2,0,0,,,
2025-01-07 08:01:34,"Bench",31m,"Incline Bench Press (Dumbbell)",1,18.0,5,0,0,"",,
2025-01-07 08:01:34,"Bench",31m,"Incline Bench Press (Dumbbell)",2,18.0,5,0,0,,,
2025-01-07 08:01:34,"Bench",31m,"Triceps Dip",1,0,9,0,0,"",,
2025-01-07 08:01:34,"Bench",31m,"Triceps Dip",2,0.0,10,0,0,,,
2025-01-07 08:01:34,"Bench",31m,"Triceps Dip",3,0.0,8,0,0,,,
2025-01-08 08:22:02,"Deadlift",42m,"Deadlift (Barbell)",1,60.0,5,0,0,"","",
2025-01-08 08:22:02,"Deadlift",42m,"Deadlift (Barbell)",2,80.0,6,0,0,,,
2025-01-08 08:22:02,"Deadlift",42m,"Deadlift (Barbell)",3,90.0,3,0,0,,,
2025-01-08 08:22:02,"Deadlift",42m,"Deadlift (Barbell)",4,100.0,2,0,0,,,
2025-01-08 08:22:02,"Deadlift",42m,"Deadlift (Barbell)",5,100.0,2,0,0,,,
2025-01-08 08:22:02,"Deadlift",42m,"Bent Over Row (Barbell)",1,40.0,5,0,0,"",,
2025-01-08 08:22:02,"Deadlift",42m,"Bent Over Row (Barbell)",2,40.0,5,0,0,,,
2025-01-08 08:22:02,"Deadlift",42m,"Bent Over Row (Barbell)",3,40.0,8,0,0,,,
2025-01-08 08:22:02,"Deadlift",42m,"Lat Pulldown (Cable)",1,50.0,6,0,0,"",,
2025-01-08 08:22:02,"Deadlift",42m,"Lat Pulldown (Cable)",2,50.0,4,0,0,,,
2025-01-08 08:22:02,"Deadlift",42m,"Lat Pulldown (Cable)",3,50.0,6,0,0,,,
2025-01-10 08:34:37,"Squat ",32m,"Pause Squats ",1,60.0,4,0,0,"","",
2025-01-10 08:34:37,"Squat ",32m,"Pause Squats ",2,70.0,3,0,0,,,
2025-01-10 08:34:37,"Squat ",32m,"Pause Squats ",3,70.0,2,0,0,,,
2025-01-10 08:34:37,"Squat ",32m,"Pause Squats ",4,70.0,2,0,0,,,
2025-01-10 08:34:37,"Squat ",32m,"Hip Thrust (Barbell)",1,100.0,5,0,0,"",,
2025-01-10 08:34:37,"Squat ",32m,"Hip Thrust (Barbell)",2,100.0,6,0,0,,,
2025-01-10 08:34:37,"Squat ",32m,"Back Extension",1,10.0,9,0,0,"",,
2025-01-10 08:34:37,"Squat ",32m,"Back Extension",2,10.0,18,0,0,,,
2025-01-10 08:34:37,"Squat ",32m,"Back Extension",3,15.0,13,0,0,,,
2025-01-12 12:13:58,"Shoulders + Abs ",38m,"Strict Military Press (Barbell)",1,20.0,5,0,0,"","",
2025-01-12 12:13:58,"Shoulders + Abs ",38m,"Strict Military Press (Barbell)",2,25.0,6,0,0,,,
2025-01-12 12:13:58,"Shoulders + Abs ",38m,"Strict Military Press (Barbell)",3,30.0,6,0,0,,,
2025-01-12 12:13:58,"Shoulders + Abs ",38m,"Strict Military Press (Barbell)",4,30.0,5,0,0,,,
2025-01-12 12:13:58,"Shoulders + Abs ",38m,"Strict Military Press (Barbell)",5,25.0,12,0,0,,,
2025-01-12 12:13:58,"Shoulders + Abs ",38m,"Lateral Raise (Dumbbell)",1,8.0,9,0,0,"",,
2025-01-12 12:13:58,"Shoulders + Abs ",38m,"Lateral Raise (Dumbbell)",2,8.0,10,0,0,,,
2025-01-12 12:13:58,"Shoulders + Abs ",38m,"Lateral Raise (Dumbbell)",3,8.0,6,0,0,,,
2025-01-12 12:13:58,"Shoulders + Abs ",38m,"Flat Leg Raise",1,0,21,0,0,"",,
2025-01-12 12:13:58,"Shoulders + Abs ",38m,"Flat Leg Raise",2,0,6,0,0,,,
2025-01-12 12:13:58,"Shoulders + Abs ",38m,"Flat Leg Raise",3,0,15,0,0,,,
2025-01-12 12:13:58,"Shoulders + Abs ",38m,"Crunch",1,0.0,21,0,0,"",,
2025-01-12 12:13:58,"Shoulders + Abs ",38m,"Crunch",2,0.0,15,0,0,,,
2025-01-12 12:13:58,"Shoulders + Abs ",38m,"Crunch",3,5.0,6,0,0,,,
2025-01-12 12:13:58,"Shoulders + Abs ",38m,"Kettle Bell Single Leg Raises",1,12.0,15,0,0,"",,
2025-01-12 12:13:58,"Shoulders + Abs ",38m,"Kettle Bell Single Leg Raises",2,12.0,20,0,0,,,
2025-01-12 12:13:58,"Shoulders + Abs ",38m,"Kettle Bell Single Leg Raises",3,12.0,17,0,0,,,
2025-01-13 07:59:49,"Squat ",45m,"Pause Squats ",1,60.0,4,0,0,"","",
2025-01-13 07:59:49,"Squat ",45m,"Pause Squats ",2,70.0,4,0,0,,,
2025-01-13 07:59:49,"Squat ",45m,"Pause Squats ",3,75.0,3,0,0,,,
2025-01-13 07:59:49,"Squat ",45m,"Pause Squats ",4,80.0,3,0,0,,,
2025-01-13 07:59:49,"Squat ",45m,"Pause Squats ",5,80.0,2,0,0,,,
2025-01-13 07:59:49,"Squat ",45m,"Bulgarian Split Squat",1,24.0,8,0,0,"Com pausa",,
2025-01-13 07:59:49,"Squat ",45m,"Bulgarian Split Squat",2,24.0,8,0,0,,,
2025-01-13 07:59:49,"Squat ",45m,"Leg Press",1,150.0,7,0,0,"",,
2025-01-13 07:59:49,"Squat ",45m,"Leg Press",2,150.0,7,0,0,,,
2025-01-13 07:59:49,"Squat ",45m,"Leg Press",3,150.0,7,0,0,,,
2025-01-15 11:26:55,"Bench",39m,"Bench Press (Barbell)",1,50.0,5,0,0,"","",
2025-01-15 11:26:55,"Bench",39m,"Bench Press (Barbell)",2,52.5,2,0,0,,,
2025-01-15 11:26:55,"Bench",39m,"Bench Press (Barbell)",3,52.5,2,0,0,,,
2025-01-15 11:26:55,"Bench",39m,"Triceps Dip",1,0.0,13,0,0,"",,
2025-01-15 11:26:55,"Bench",39m,"Triceps Dip",2,0,11,0,0,,,
2025-01-15 11:26:55,"Bench",39m,"Triceps Dip",3,0,10,0,0,,,
2025-01-15 11:26:55,"Bench",39m,"Chest Fly (Dumbbell)",1,16.0,4,0,0,"",,
2025-01-15 11:26:55,"Bench",39m,"Chest Fly (Dumbbell)",2,14.0,5,0,0,,,
2025-01-15 11:26:55,"Bench",39m,"Chest Fly (Dumbbell)",3,14.0,6,0,0,,,
2025-01-15 11:26:55,"Bench",39m,"Cable Kickback",1,7.5,8,0,0,"",,
2025-01-15 11:26:55,"Bench",39m,"Cable Kickback",2,7.5,8,0,0,,,
2025-01-16 09:06:27,"Deadlift",58m,"Deadlift (Barbell)",1,90.0,3,0,0,"","",
2025-01-16 09:06:27,"Deadlift",58m,"Deadlift (Barbell)",2,100.0,3,0,0,,,
2025-01-16 09:06:27,"Deadlift",58m,"Deadlift (Barbell)",3,105.0,1,0,0,,,
2025-01-16 09:06:27,"Deadlift",58m,"Bent Over Row (Barbell)",1,40.0,5,0,0,"",,
2025-01-16 09:06:27,"Deadlift",58m,"Bent Over Row (Barbell)",2,40.0,5,0,0,,,
2025-01-16 09:06:27,"Deadlift",58m,"Bent Over Row (Barbell)",3,40.0,5,0,0,,,
2025-01-16 09:06:27,"Deadlift",58m,"Lat Pulldown (Cable)",1,50.0,6,0,0,"",,
2025-01-16 09:06:27,"Deadlift",58m,"Lat Pulldown (Cable)",2,50.0,6,0,0,,,
2025-01-16 09:06:27,"Deadlift",58m,"Lat Pulldown (Cable)",3,50.0,6,0,0,,,
2025-01-17 08:35:43,"Squat ",32m,"Pause Squats ",1,60.0,5,0,0,"","",
2025-01-17 08:35:43,"Squat ",32m,"Pause Squats ",2,70.0,3,0,0,,,
2025-01-17 08:35:43,"Squat ",32m,"Pause Squats ",3,75.0,3,0,0,,,
2025-01-17 08:35:43,"Squat ",32m,"Bulgarian Split Squat",1,20.0,7,0,0,"",,
2025-01-17 08:35:43,"Squat ",32m,"Bulgarian Split Squat",2,20.0,8,0,0,,,
2025-01-17 08:35:43,"Squat ",32m,"Leg Extension (Machine)",1,65.0,8,0,0,"",,
2025-01-17 08:35:43,"Squat ",32m,"Leg Extension (Machine)",2,70.0,6,0,0,,,
2025-01-17 08:35:43,"Squat ",32m,"Leg Extension (Machine)",3,70.0,5,0,0,,,
2025-01-18 08:45:24,"Shoulders + Abs ",20m,"Strict Military Press (Barbell)",1,30.0,6,0,0,"","",
2025-01-18 08:45:24,"Shoulders + Abs ",20m,"Strict Military Press (Barbell)",2,30.0,6,0,0,,,
2025-01-18 08:45:24,"Shoulders + Abs ",20m,"Strict Military Press (Barbell)",3,25.0,6,0,0,,,
2025-01-18 08:45:24,"Shoulders + Abs ",20m,"Lateral Raise (Dumbbell)",1,8.0,9,0,0,"",,
2025-01-18 08:45:24,"Shoulders + Abs ",20m,"Lateral Raise (Dumbbell)",2,8.0,10,0,0,,,
2025-01-18 08:45:24,"Shoulders + Abs ",20m,"Flat Leg Raise",1,0,21,0,0,"",,
2025-01-18 08:45:24,"Shoulders + Abs ",20m,"Flat Leg Raise",2,0,6,0,0,,,
2025-01-18 08:45:24,"Shoulders + Abs ",20m,"Kettle Bell Single Leg Raises",1,12.0,15,0,0,"",,
2025-01-18 08:45:24,"Shoulders + Abs ",20m,"Kettle Bell Single Leg Raises",2,12.0,20,0,0,,,
2025-01-20 08:15:09,"Squat ",49m,"Squat (Barbell)",1,80.0,4,0,0,"","",
2025-01-20 08:15:09,"Squat ",49m,"Squat (Barbell)",2,80.0,3,0,0,,,
2025-01-20 08:15:09,"Squat ",49m,"Squat (Barbell)",3,80.0,3,0,0,,,
2025-01-20 08:15:09,"Squat ",49m,"Bulgarian Split Squat",1,22.0,5,0,0,"",,
2025-01-20 08:15:09,"Squat ",49m,"Bulgarian Split Squat",2,22.0,5,0,0,,,
2025-01-20 08:15:09,"Squat ",49m,"Leg Extension (Machine)",1,70.0,6,0,0,"",,
2025-01-20 08:15:09,"Squat ",49m,"Leg Extension (Machine)",2,70.0,6,0,0,,,
2025-01-20 08:15:09,"Squat ",49m,"Leg Extension (Machine)",3,70.0,6,0,0,,,
2025-01-21 08:32:16,"Bench",30m,"Bench Press (Barbell)",1,50.0,3,0,0,"","",
2025-01-21 08:32:16,"Bench",30m,"Bench Press (Barbell)",2,50.0,5,0,0,,,
2025-01-21 08:32:16,"Bench",30m,"Bench Press (Barbell)",3,50.0,3,0,0,,,
2025-01-21 08:32:16,"Bench",30m,"Incline Bench Press (Barbell)",1,18.0,5,0,0,"",,
2025-01-21 08:32:16,"Bench",30m,"Incline Bench Press (Barbell)",2,18.0,5,0,0,,,
2025-01-21 08:32:16,"Bench",30m,"Incline Bench Press (Barbell)",3,18.0,5,0,0,,,
2025-01-21 08:32:16,"Bench",30m,"Triceps Dip",1,0.0,6,0,0,"",,
2025-01-21 08:32:16,"Bench",30m,"Triceps Dip",2,0.0,8,0,0,,,
2025-01-21 08:32:16,"Bench",30m,"Triceps Dip",3,0.0,10,0,0,,,
2025-01-22 08:22:50,"Deadlift",2h 35m,"Deadlift (Barbell)",1,90.0,3,0,0,"","",
2025-01-22 08:22:50,"Deadlift",2h 35m,"Deadlift (Barbell)",2,100.0,2,0,0,,,
2025-01-22 08:22:50,"Deadlift",2h 35m,"Deadlift (Barbell)",3,100.0,2,0,0,,,
2025-01-22 08:22:50,"Deadlift",2h 35m,"Bent Over Row (Barbell)",1,40.0,7,0,0,"",,
2025-01-22 08:22:50,"Deadlift",2h 35m,"Bent Over Row (Barbell)",2,40.0,7,0,0,,,
2025-01-22 08:22:50,"Deadlift",2h 35m,"Bent Over Row (Barbell)",3,40.0,6,0,0,,,
2025-01-22 08:22:50,"Deadlift",2h 35m,"Lat Pulldown (Cable)",1,50.0,7,0,0,"",,
2025-01-22 08:22:50,"Deadlift",2h 35m,"Lat Pulldown (Cable)",2,50.0,6,0,0,,,
2025-01-22 08:22:50,"Deadlift",2h 35m,"Lat Pulldown (Cable)",3,50.0,5,0,0,,,
2025-01-24 08:18:29,"Squat ",46m,"Pause Squats ",1,50.0,3,0,0,"Double pause","",
2025-01-24 08:18:29,"Squat ",46m,"Pause Squats ",2,60.0,5,0,0,,,
2025-01-24 08:18:29,"Squat ",46m,"Pause Squats ",3,60.0,4,0,0,,,
2025-01-24 08:18:29,"Squat ",46m,"Back Extension",1,15.0,10,0,0,"",,
2025-01-24 08:18:29,"Squat ",46m,"Back Extension",2,15.0,12,0,0,,,
2025-01-24 08:18:29,"Squat ",46m,"Back Extension",3,15.0,15,0,0,,,
2025-01-24 08:18:29,"Squat ",46m,"Bulgarian Split Squat",1,22.0,5,0,0,"",,
2025-01-24 08:18:29,"Squat ",46m,"Bulgarian Split Squat",2,22.0,5,0,0,,,
2025-01-24 08:18:29,"Squat ",46m,"Bulgarian Split Squat",3,22.0,5,0,0,,,
2025-01-27 08:10:21,"Squat ",31m,"Squat (Barbell)",1,80.0,4,0,0,"","",
2025-01-27 08:10:21,"Squat ",31m,"Squat (Barbell)",2,80.0,4,0,0,,,
2025-01-27 08:10:21,"Squat ",31m,"Squat (Barbell)",3,80.0,4,0,0,,,
2025-01-27 08:10:21,"Squat ",31m,"Bulgarian Split Squat",1,20.0,7,0,0,"",,
2025-01-27 08:10:21,"Squat ",31m,"Bulgarian Split Squat",2,20.0,8,0,0,,,
2025-01-27 08:10:21,"Squat ",31m,"Bulgarian Split Squat",3,20.0,6,0,0,,,
2025-01-27 08:10:21,"Squat ",31m,"Leg Extension (Machine)",1,70.0,6,0,0,"",,
2025-01-27 08:10:21,"Squat ",31m,"Leg Extension (Machine)",2,70.0,6,0,0,,,
2025-01-27 08:10:21,"Squat ",31m,"Leg Extension (Machine)",3,70.0,6,0,0,,,
2025-01-28 09:03:01,"Bench",32m,"Bench Press (Barbell)",1,40.0,5,0,0,"","",
2025-01-28 09:03:01,"Bench",32m,"Bench Press (Barbell)",2,50.0,2,0,0,,,
2025-01-28 09:03:01,"Bench",32m,"Bench Press (Barbell)",3,45.0,3,0,0,,,
2025-01-28 09:03:01,"Bench",32m,"Incline Bench Press (Dumbbell)",1,18.0,6,0,0,"",,
2025-01-28 09:03:01,"Bench",32m,"Incline Bench Press (Dumbbell)",2,18.0,6,0,0,,,
2025-01-28 09:03:01,"Bench",32m,"Incline Bench Press (Dumbbell)",3,18.0,5,0,0,,,
2025-01-28 09:03:01,"Bench",32m,"Triceps Dip",1,0.0,8,0,0,"",,
2025-01-28 09:03:01,"Bench",32m,"Triceps Dip",2,0.0,8,0,0,,,
2025-01-28 09:03:01,"Bench",32m,"Triceps Dip",3,0.0,8,0,0,,,
2025-01-30 08:39:10,"Deadlift",38m,"Deadlift (Barbell)",1,80.0,3,0,0,"","",
2025-01-30 08:39:10,"Deadlift",38m,"Deadlift (Barbell)",2,90.0,4,0,0,,,
2025-01-30 08:39:10,"Deadlift",38m,"Deadlift (Barbell)",3,100.0,4,0,0,,,
2025-01-30 08:39:10,"Deadlift",38m,"Deadlift (Barbell)",4,105.0,2,0,0,,,
2025-01-30 08:39:10,"Deadlift",38m,"Deadlift (Barbell)",5,105.0,2,0,0,,,
2025-01-30 08:39:10,"Deadlift",38m,"Deadlift (Barbell)",6,105.0,2,0,0,,,
2025-01-30 08:39:10,"Deadlift",38m,"Bent Over Row (Barbell)",1,40.0,7,0,0,"",,
2025-01-30 08:39:10,"Deadlift",38m,"Bent Over Row (Barbell)",2,40.0,7,0,0,,,
2025-01-30 08:39:10,"Deadlift",38m,"Bent Over Row (Barbell)",3,40.0,4,0,0,,,
2025-01-30 08:39:10,"Deadlift",38m,"Lat Pulldown (Cable)",1,50.0,5,0,0,"",,
2025-01-30 08:39:10,"Deadlift",38m,"Lat Pulldown (Cable)",2,50.0,4,0,0,,,
2025-01-30 08:39:10,"Deadlift",38m,"Lat Pulldown (Cable)",3,50.0,5,0,0,,,
2025-02-01 11:44:00,"Squat ",30m,"Pause Squats ",1,60.0,5,0,0,"","",
2025-02-01 11:44:00,"Squat ",30m,"Pause Squats ",2,70.0,3,0,0,,,
2025-02-01 11:44:00,"Squat ",30m,"Pause Squats ",3,75.0,3,0,0,,,
2025-02-01 11:44:00,"Squat ",30m,"Pause Squats ",4,75.0,2,0,0,,,
2025-02-01 11:44:00,"Squat ",30m,"Bulgarian Split Squat",1,22.0,7,0,0,"",,
2025-02-01 11:44:00,"Squat ",30m,"Bulgarian Split Squat",2,22.0,6,0,0,,,
2025-02-01 11:44:00,"Squat ",30m,"Back Extension",1,20.0,8,0,0,"",,
2025-02-01 11:44:00,"Squat ",30m,"Back Extension",2,20.5,9,0,0,,,
2025-02-01 11:44:00,"Squat ",30m,"Back Extension",3,15.0,15,0,0,,,
2025-02-03 07:35:17,"Deadlift",41m,"Deadlift (Barbell)",1,80.0,3,0,0,"","",
2025-02-03 07:35:17,"Deadlift",41m,"Deadlift (Barbell)",2,90.0,3,0,0,,,
2025-02-03 07:35:17,"Deadlift",41m,"Deadlift (Barbell)",3,100.0,2,0,0,,,
2025-02-03 07:35:17,"Deadlift",41m,"Deadlift (Barbell)",4,100.0,3,0,0,,,
2025-02-03 07:35:17,"Deadlift",41m,"Deadlift (Barbell)",5,100.0,2,0,0,,,
2025-02-03 07:35:17,"Deadlift",41m,"Seated Row (Cable)",1,35.0,6,0,0,"",,
2025-02-03 07:35:17,"Deadlift",41m,"Seated Row (Cable)",2,35.0,5,0,0,,,
2025-02-03 07:35:17,"Deadlift",41m,"Seated Row (Cable)",3,35.0,5,0,0,,,
2025-02-03 07:35:17,"Deadlift",41m,"Lat Pulldown (Cable)",1,50.0,5,0,0,"",,
2025-02-03 07:35:17,"Deadlift",41m,"Lat Pulldown (Cable)",2,50.0,6,0,0,,,
2025-02-03 07:35:17,"Deadlift",41m,"Lat Pulldown (Cable)",3,50.0,5,0,0,,,
2025-02-04 08:44:11,"Bench",29m,"Bench Press (Barbell)",1,50.0,2,0,0,"","",
2025-02-04 08:44:11,"Bench",29m,"Bench Press (Barbell)",2,50.0,3,0,0,,,
2025-02-04 08:44:11,"Bench",29m,"Bench Press (Barbell)",3,50.0,3,0,0,,,
2025-02-04 08:44:11,"Bench",29m,"Triceps Dip",1,0.0,10,0,0,"",,
2025-02-04 08:44:11,"Bench",29m,"Triceps Dip",2,0.0,10,0,0,,,
2025-02-04 08:44:11,"Bench",29m,"Triceps Dip",3,0.0,8,0,0,,,
2025-02-04 08:44:11,"Bench",29m,"Chest Fly (Dumbbell)",1,14.0,8,0,0,"",,
2025-02-04 08:44:11,"Bench",29m,"Chest Fly (Dumbbell)",2,14.0,10,0,0,,,
2025-02-06 08:40:48,"Squat ",35m,"Squat (Barbell)",1,80.0,4,0,0,"","",
2025-02-06 08:40:48,"Squat ",35m,"Squat (Barbell)",2,82.5,4,0,0,,,
2025-02-06 08:40:48,"Squat ",35m,"Squat (Barbell)",3,82.5,3,0,0,,,
2025-02-06 08:40:48,"Squat ",35m,"Bulgarian Split Squat",1,22.0,7,0,0,"",,
2025-02-06 08:40:48,"Squat ",35m,"Bulgarian Split Squat",2,22.0,6,0,0,,,
2025-02-06 08:40:48,"Squat ",35m,"Bulgarian Split Squat",3,20.0,6,0,0,,,
2025-02-06 08:40:48,"Squat ",35m,"Leg Extension (Machine)",1,70.0,6,0,0,"",,
2025-02-06 08:40:48,"Squat ",35m,"Leg Extension (Machine)",2,70.0,6,0,0,,,
2025-02-06 08:40:48,"Squat ",35m,"Leg Extension (Machine)",3,70.0,6,0,0,,,
2025-02-07 08:43:55,"Shoulders + Abs ",56m,"Strict Military Press (Barbell)",1,30.0,6,0,0,"","",
2025-02-07 08:43:55,"Shoulders + Abs ",56m,"Strict Military Press (Barbell)",2,30.0,7,0,0,,,
2025-02-07 08:43:55,"Shoulders + Abs ",56m,"Strict Military Press (Barbell)",3,30.0,7,0,0,,,
2025-02-07 08:43:55,"Shoulders + Abs ",56m,"Lateral Raise (Dumbbell)",1,8.0,9,0,0,"",,
2025-02-07 08:43:55,"Shoulders + Abs ",56m,"Lateral Raise (Dumbbell)",2,8.0,11,0,0,,,
2025-02-07 08:43:55,"Shoulders + Abs ",56m,"Lateral Raise (Dumbbell)",3,8.0,9,0,0,,,
2025-02-07 08:43:55,"Shoulders + Abs ",56m,"Flat Leg Raise",1,0,21,0,0,"",,
2025-02-07 08:43:55,"Shoulders + Abs ",56m,"Flat Leg Raise",2,0,6,0,0,,,
2025-02-07 08:43:55,"Shoulders + Abs ",56m,"Flat Leg Raise",3,0,15,0,0,,,
2025-02-07 08:43:55,"Shoulders + Abs ",56m,"Crunch",1,0.0,21,0,0,"",,
2025-02-07 08:43:55,"Shoulders + Abs ",56m,"Crunch",2,0.0,15,0,0,,,
2025-02-07 08:43:55,"Shoulders + Abs ",56m,"Crunch",3,5.0,6,0,0,,,
2025-02-07 08:43:55,"Shoulders + Abs ",56m,"Kettle Bell Single Leg Raises",1,12.0,15,0,0,"",,
2025-02-07 08:43:55,"Shoulders + Abs ",56m,"Kettle Bell Single Leg Raises",2,12.0,20,0,0,,,
2025-02-07 08:43:55,"Shoulders + Abs ",56m,"Kettle Bell Single Leg Raises",3,12.0,17,0,0,,,
2025-02-08 10:13:07,"Squat ",45m,"Pause Squats ",1,75.0,3,0,0,"","",
2025-02-08 10:13:07,"Squat ",45m,"Pause Squats ",2,75.0,3,0,0,,,
2025-02-08 10:13:07,"Squat ",45m,"Pause Squats ",3,75.0,3,0,0,,,
2025-02-08 10:13:07,"Squat ",45m,"Bulgarian Split Squat",1,22.0,6,0,0,"",,
2025-02-08 10:13:07,"Squat ",45m,"Bulgarian Split Squat",2,22.0,8,0,0,,,
2025-02-08 10:13:07,"Squat ",45m,"Back Extension",1,20.0,8,0,0,"",,
2025-02-08 10:13:07,"Squat ",45m,"Back Extension",2,20.5,16,0,0,,,
2025-02-08 10:13:07,"Squat ",45m,"Back Extension",3,15.0,18,0,0,,,
2025-02-10 07:59:36,"Deadlift",51m,"Deadlift (Barbell)",1,80.0,3,0,0,"","",
2025-02-10 07:59:36,"Deadlift",51m,"Deadlift (Barbell)",2,90.0,3,0,0,,,
2025-02-10 07:59:36,"Deadlift",51m,"Deadlift (Barbell)",3,105.0,3,0,0,,,
2025-02-10 07:59:36,"Deadlift",51m,"Deadlift (Barbell)",4,105.0,2,0,0,,,
2025-02-10 07:59:36,"Deadlift",51m,"Deadlift (Barbell)",5,105.0,1,0,0,,,
2025-02-10 07:59:36,"Deadlift",51m,"Bent Over Row (Barbell)",1,40.0,8,0,0,"",,
2025-02-10 07:59:36,"Deadlift",51m,"Bent Over Row (Barbell)",2,40.0,7,0,0,,,
2025-02-10 07:59:36,"Deadlift",51m,"Bent Over Row (Barbell)",3,40.0,7,0,0,,,
2025-02-10 07:59:36,"Deadlift",51m,"Lat Pulldown (Cable)",1,50.0,6,0,0,"",,
2025-02-10 07:59:36,"Deadlift",51m,"Lat Pulldown (Cable)",2,50.0,5,0,0,,,
2025-02-10 07:59:36,"Deadlift",51m,"Lat Pulldown (Cable)",3,50.0,5,0,0,,,
2025-02-11 07:52:56,"Bench",41m,"Bench Press (Barbell)",1,50.0,3,0,0,"","",
2025-02-11 07:52:56,"Bench",41m,"Bench Press (Barbell)",2,50.0,7,0,0,,,
2025-02-11 07:52:56,"Bench",41m,"Bench Press (Barbell)",3,52.5,2,0,0,,,
2025-02-11 07:52:56,"Bench",41m,"Incline Bench Press (Dumbbell)",1,16.0,10,0,0,"",,
2025-02-11 07:52:56,"Bench",41m,"Incline Bench Press (Dumbbell)",2,18.0,6,0,0,,,
2025-02-11 07:52:56,"Bench",41m,"Incline Bench Press (Dumbbell)",3,18.0,5,0,0,,,
2025-02-11 07:52:56,"Bench",41m,"Triceps Dip",1,0.0,12,0,0,"",,
2025-02-11 07:52:56,"Bench",41m,"Triceps Dip",2,0.0,12,0,0,,,
2025-02-11 07:52:56,"Bench",41m,"Triceps Dip",3,0.0,8,0,0,,,
2025-02-12 08:16:08,"Squat ",4h 1m,"Squat (Barbell)",1,80.0,4,0,0,"","",
2025-02-12 08:16:08,"Squat ",4h 1m,"Squat (Barbell)",2,82.5,4,0,0,,,
2025-02-12 08:16:08,"Squat ",4h 1m,"Squat (Barbell)",3,82.5,3,0,0,,,
2025-02-12 08:16:08,"Squat ",4h 1m,"Bulgarian Split Squat",1,22.0,6,0,0,"",,
2025-02-12 08:16:08,"Squat ",4h 1m,"Bulgarian Split Squat",2,22.0,8,0,0,,,
2025-02-12 08:16:08,"Squat ",4h 1m,"Leg Extension (Machine)",1,70.0,4,0,0,"",,
2025-02-12 08:16:08,"Squat ",4h 1m,"Leg Extension (Machine)",2,70.0,7,0,0,,,
2025-02-12 08:16:08,"Squat ",4h 1m,"Leg Extension (Machine)",3,70.0,6,0,0,,,
2025-02-13 08:19:48,"Shoulders + Abs ",41m,"Strict Military Press (Barbell)",1,25.0,6,0,0,"","",
2025-02-13 08:19:48,"Shoulders + Abs ",41m,"Strict Military Press (Barbell)",2,30.0,9,0,0,,,
2025-02-13 08:19:48,"Shoulders + Abs ",41m,"Strict Military Press (Barbell)",3,30.0,7,0,0,,,
2025-02-13 08:19:48,"Shoulders + Abs ",41m,"Strict Military Press (Barbell)",4,30.0,6,0,0,,,
2025-02-13 08:19:48,"Shoulders + Abs ",41m,"Lateral Raise (Dumbbell)",1,8.0,9,0,0,"",,
2025-02-13 08:19:48,"Shoulders + Abs ",41m,"Lateral Raise (Dumbbell)",2,8.0,9,0,0,,,
2025-02-13 08:19:48,"Shoulders + Abs ",41m,"Lateral Raise (Dumbbell)",3,8.0,8,0,0,,,
2025-02-13 08:19:48,"Shoulders + Abs ",41m,"Flat Leg Raise",1,0,21,0,0,"",,
2025-02-13 08:19:48,"Shoulders + Abs ",41m,"Flat Leg Raise",2,0,15,0,0,,,
2025-02-13 08:19:48,"Shoulders + Abs ",41m,"Crunch",1,0.0,21,0,0,"",,
2025-02-13 08:19:48,"Shoulders + Abs ",41m,"Crunch",2,0.0,15,0,0,,,
2025-02-13 08:19:48,"Shoulders + Abs ",41m,"Crunch",3,5.0,6,0,0,,,
2025-02-13 08:19:48,"Shoulders + Abs ",41m,"Kettle Bell Single Leg Raises",1,12.0,15,0,0,"",,
2025-02-13 08:19:48,"Shoulders + Abs ",41m,"Kettle Bell Single Leg Raises",2,12.0,20,0,0,,,
2025-02-13 08:19:48,"Shoulders + Abs ",41m,"Kettle Bell Single Leg Raises",3,12.0,17,0,0,,,
2025-02-15 11:17:37,"Squat ",50m,"Pause Squats ",1,75.0,3,0,0,"","",
2025-02-15 11:17:37,"Squat ",50m,"Pause Squats ",2,80.0,2,0,0,,,
2025-02-15 11:17:37,"Squat ",50m,"Pause Squats ",3,80.0,2,0,0,,,
2025-02-15 11:17:37,"Squat ",50m,"Bulgarian Split Squat",1,20.0,7,0,0,"",,
2025-02-15 11:17:37,"Squat ",50m,"Bulgarian Split Squat",2,25.0,8,0,0,,,
2025-02-15 11:17:37,"Squat ",50m,"Bulgarian Split Squat",3,25.0,5,0,0,,,
2025-02-15 11:17:37,"Squat ",50m,"Back Extension",1,20.0,13,0,0,"",,
2025-02-15 11:17:37,"Squat ",50m,"Back Extension",2,20.0,16,0,0,,,
2025-02-15 11:17:37,"Squat ",50m,"Back Extension",3,20.0,15,0,0,,,
2025-02-17 08:15:20,"Squat ",44m,"Squat (Barbell)",1,80.0,4,0,0,"","",
2025-02-17 08:15:20,"Squat ",44m,"Squat (Barbell)",2,82.5,3,0,0,,,
2025-02-17 08:15:20,"Squat ",44m,"Squat (Barbell)",3,82.5,4,0,0,,,
2025-02-17 08:15:20,"Squat ",44m,"Bulgarian Split Squat",1,20.0,7,0,0,"",,
2025-02-17 08:15:20,"Squat ",44m,"Bulgarian Split Squat",2,22.0,7,0,0,,,
2025-02-17 08:15:20,"Squat ",44m,"Bulgarian Split Squat",3,22.0,7,0,0,,,
2025-02-17 08:15:20,"Squat ",44m,"Leg Extension (Machine)",1,70.0,7,0,0,"",,
2025-02-17 08:15:20,"Squat ",44m,"Leg Extension (Machine)",2,70.0,8,0,0,,,
2025-02-17 08:15:20,"Squat ",44m,"Leg Extension (Machine)",3,70.0,6,0,0,,,
2025-02-18 07:56:01,"Bench",33m,"Bench Press (Barbell)",1,50.0,3,0,0,"","",
2025-02-18 07:56:01,"Bench",33m,"Bench Press (Barbell)",2,50.0,3,0,0,,,
2025-02-18 07:56:01,"Bench",33m,"Bench Press (Barbell)",3,50.0,3,0,0,,,
2025-02-18 07:56:01,"Bench",33m,"Chest Fly (Dumbbell)",1,16.0,6,0,0,"",,
2025-02-18 07:56:01,"Bench",33m,"Chest Fly (Dumbbell)",2,18.0,8,0,0,,,
2025-02-18 07:56:01,"Bench",33m,"Chest Fly (Dumbbell)",3,16.0,9,0,0,,,
2025-02-18 07:56:01,"Bench",33m,"Triceps Dip",1,0.0,12,0,0,"",,
2025-02-18 07:56:01,"Bench",33m,"Triceps Dip",2,0.0,12,0,0,,,
2025-02-18 07:56:01,"Bench",33m,"Triceps Dip",3,0.0,8,0,0,,,
2025-02-18 07:56:01,"Bench",33m,"Cable Kickback",1,7.5,11,0,0,"",,
2025-02-18 07:56:01,"Bench",33m,"Cable Kickback",2,7.5,12,0,0,,,
2025-02-20 08:03:10,"Deadlift",46m,"Deadlift (Barbell)",1,80.0,3,0,0,"","",
2025-02-20 08:03:10,"Deadlift",46m,"Deadlift (Barbell)",2,90.0,3,0,0,,,
2025-02-20 08:03:10,"Deadlift",46m,"Deadlift (Barbell)",3,100.0,2,0,0,,,
2025-02-20 08:03:10,"Deadlift",46m,"Deadlift (Barbell)",4,105.0,2,0,0,,,
2025-02-20 08:03:10,"Deadlift",46m,"Deadlift (Barbell)",5,105.0,1,0,0,,,
2025-02-20 08:03:10,"Deadlift",46m,"Bent Over One Arm Row (Dumbbell)",1,22.0,8,0,0,"",,
2025-02-20 08:03:10,"Deadlift",46m,"Bent Over One Arm Row (Dumbbell)",2,22.0,7,0,0,,,
2025-02-20 08:03:10,"Deadlift",46m,"Bent Over One Arm Row (Dumbbell)",3,22.0,6,0,0,,,
2025-02-20 08:03:10,"Deadlift",46m,"Lat Pulldown (Cable)",1,50.0,5,0,0,"",,
2025-02-20 08:03:10,"Deadlift",46m,"Lat Pulldown (Cable)",2,45.0,8,0,0,,,
2025-02-20 08:03:10,"Deadlift",46m,"Lat Pulldown (Cable)",3,50.0,5,0,0,,,
2025-02-21 09:16:42,"Squat ",45m,"Squat (Machine)",1,80.0,12,0,0,"","",
2025-02-21 09:16:42,"Squat ",45m,"Squat (Machine)",2,100.0,12,0,0,,,
2025-02-21 09:16:42,"Squat ",45m,"Squat (Machine)",3,110.0,8,0,0,,,
2025-02-21 09:16:42,"Squat ",45m,"Squat (Machine)",4,110.0,8,0,0,,,
2025-02-21 09:16:42,"Squat ",45m,"Pause Squats ",1,70.0,4,0,0,"",,
2025-02-21 09:16:42,"Squat ",45m,"Pause Squats ",2,70.0,4,0,0,,,
2025-02-21 09:16:42,"Squat ",45m,"Pause Squats ",3,70.0,3,0,0,,,
2025-02-21 09:16:42,"Squat ",45m,"Lunge (Dumbbell)",1,15.0,16,0,0,"",,
2025-02-21 09:16:42,"Squat ",45m,"Lunge (Dumbbell)",2,15.0,22,0,0,,,
2025-02-21 09:16:42,"Squat ",45m,"Back Extension",1,20.0,8,0,0,"",,
2025-02-21 09:16:42,"Squat ",45m,"Back Extension",2,20.0,13,0,0,,,
2025-02-21 09:16:42,"Squat ",45m,"Back Extension",3,20.0,18,0,0,,,
2025-02-23 10:25:09,"Shoulders + Abs ",37m,"Strict Military Press (Barbell)",1,25.0,6,0,0,"","",
2025-02-23 10:25:09,"Shoulders + Abs ",37m,"Strict Military Press (Barbell)",2,30.0,7,0,0,,,
2025-02-23 10:25:09,"Shoulders + Abs ",37m,"Strict Military Press (Barbell)",3,30.0,6,0,0,,,
2025-02-23 10:25:09,"Shoulders + Abs ",37m,"Strict Military Press (Barbell)",4,30.0,4,0,0,,,
2025-02-23 10:25:09,"Shoulders + Abs ",37m,"Lateral Raise (Dumbbell)",1,8.0,15,0,0,"",,
2025-02-23 10:25:09,"Shoulders + Abs ",37m,"Lateral Raise (Dumbbell)",2,8.0,9,0,0,,,
2025-02-23 10:25:09,"Shoulders + Abs ",37m,"Lateral Raise (Dumbbell)",3,8.0,8,0,0,,,
2025-02-23 10:25:09,"Shoulders + Abs ",37m,"Flat Leg Raise",1,0,21,0,0,"",,
2025-02-23 10:25:09,"Shoulders + Abs ",37m,"Flat Leg Raise",2,0,15,0,0,,,
2025-02-23 10:25:09,"Shoulders + Abs ",37m,"Flat Leg Raise",3,0,15,0,0,,,
2025-02-23 10:25:09,"Shoulders + Abs ",37m,"Crunch",1,0.0,21,0,0,"",,
2025-02-23 10:25:09,"Shoulders + Abs ",37m,"Crunch",2,0.0,15,0,0,,,
2025-02-23 10:25:09,"Shoulders + Abs ",37m,"Crunch",3,5.0,6,0,0,,,
2025-02-23 10:25:09,"Shoulders + Abs ",37m,"Kettle Bell Single Leg Raises",1,12.0,15,0,0,"",,
2025-02-25 09:10:26,"Squat ",42m,"Squat (Barbell)",1,80.0,4,0,0,"","",
2025-02-25 09:10:26,"Squat ",42m,"Squat (Barbell)",2,82.5,4,0,0,,,
2025-02-25 09:10:26,"Squat ",42m,"Squat (Barbell)",3,82.5,3,0,0,,,
2025-02-25 09:10:26,"Squat ",42m,"Bulgarian Split Squat",1,25.0,6,0,0,"",,
2025-02-25 09:10:26,"Squat ",42m,"Bulgarian Split Squat",2,25.0,8,0,0,,,
2025-02-25 09:10:26,"Squat ",42m,"Bulgarian Split Squat",3,22.5,7,0,0,,,
2025-02-25 09:10:26,"Squat ",42m,"Leg Extension (Machine)",1,75.0,5,0,0,"",,
2025-02-25 09:10:26,"Squat ",42m,"Leg Extension (Machine)",2,70.0,10,0,0,,,
2025-02-25 09:10:26,"Squat ",42m,"Leg Extension (Machine)",3,70.0,8,0,0,,,
2025-02-27 09:57:19,"Bench",1h 2m,"Bench Press (Barbell)",1,50.0,7,0,0,"","",
2025-02-27 09:57:19,"Bench",1h 2m,"Bench Press (Barbell)",2,50.0,3,0,0,,,
2025-02-27 09:57:19,"Bench",1h 2m,"Bench Press (Barbell)",3,50.0,4,0,0,,,
2025-02-27 09:57:19,"Bench",1h 2m,"Incline Bench Press (Dumbbell)",1,18.0,6,0,0,"",,
2025-02-27 09:57:19,"Bench",1h 2m,"Incline Bench Press (Dumbbell)",2,18.0,6,0,0,,,
2025-02-27 09:57:19,"Bench",1h 2m,"Incline Bench Press (Dumbbell)",3,18.0,5,0,0,,,
2025-02-27 09:57:19,"Bench",1h 2m,"Lateral Raise (Cable)",1,6.0,7,0,0,"",,
2025-02-27 09:57:19,"Bench",1h 2m,"Lateral Raise (Cable)",2,5.0,8,0,0,,,
2025-02-27 09:57:19,"Bench",1h 2m,"Lateral Raise (Cable)",3,5.0,8,0,0,,,
2025-02-27 09:57:19,"Bench",1h 2m,"Triceps Extension (Cable)",1,7.5,12,0,0,"",,
2025-02-27 09:57:19,"Bench",1h 2m,"Triceps Extension (Cable)",2,10.0,15,0,0,,,
2025-02-27 09:57:19,"Bench",1h 2m,"Triceps Extension (Cable)",3,10.0,7,0,0,,,
2025-03-03 10:00:11,"Squat ",42m,"Squat (Barbell)",1,80.0,5,0,0,"","",
2025-03-03 10:00:11,"Squat ",42m,"Squat (Barbell)",2,82.5,4,0,0,,,
2025-03-03 10:00:11,"Squat ",42m,"Squat (Barbell)",3,82.5,4,0,0,,,
2025-03-03 10:00:11,"Squat ",42m,"Bulgarian Split Squat",1,25.0,6,0,0,"",,
2025-03-03 10:00:11,"Squat ",42m,"Bulgarian Split Squat",2,25.0,8,0,0,,,
2025-03-03 10:00:11,"Squat ",42m,"Bulgarian Split Squat",3,20.0,4,0,0,,,
2025-03-03 10:00:11,"Squat ",42m,"Leg Extension (Machine)",1,75.0,5,0,0,"",,
2025-03-03 10:00:11,"Squat ",42m,"Leg Extension (Machine)",2,70.0,10,0,0,,,
2025-03-04 09:19:50,"Bench",28m,"Bench Press (Dumbbell)",1,17.5,9,0,0,"","",
2025-03-04 09:19:50,"Bench",28m,"Bench Press (Dumbbell)",2,17.5,10,0,0,,,
2025-03-04 09:19:50,"Bench",28m,"Bench Press (Dumbbell)",3,17.5,10,0,0,,,
2025-03-04 09:19:50,"Bench",28m,"Lateral Raise (Cable)",1,5.0,9,0,0,"",,
2025-03-04 09:19:50,"Bench",28m,"Lateral Raise (Cable)",2,5.0,10,0,0,,,
2025-03-04 09:19:50,"Bench",28m,"Lateral Raise (Cable)",3,5.0,9,0,0,,,
2025-03-04 09:19:50,"Bench",28m,"Triceps Dip",1,0.0,15,0,0,"",,
2025-03-04 09:19:50,"Bench",28m,"Triceps Dip",2,0.0,10,0,0,,,
2025-03-04 09:19:50,"Bench",28m,"Triceps Dip",3,0.0,8,0,0,,,
2025-03-07 09:29:22,"Deadlift",36m,"Deadlift (Barbell)",1,100.0,1,0,0,"","",
2025-03-07 09:29:22,"Deadlift",36m,"Deadlift (Barbell)",2,100.0,2,0,0,,,
2025-03-07 09:29:22,"Deadlift",36m,"Deadlift (Barbell)",3,105.0,1,0,0,,,
2025-03-07 09:29:22,"Deadlift",36m,"Deadlift (Barbell)",4,100.0,2,0,0,,,
2025-03-07 09:29:22,"Deadlift",36m,"Bent Over Row (Barbell)",1,40.0,6,0,0,"",,
2025-03-07 09:29:22,"Deadlift",36m,"Bent Over Row (Barbell)",2,40.0,7,0,0,,,
2025-03-07 09:29:22,"Deadlift",36m,"Bent Over Row (Barbell)",3,40.0,7,0,0,,,
2025-03-07 09:29:22,"Deadlift",36m,"Pull Up",1,0.0,4,0,0,"",,
2025-03-07 09:29:22,"Deadlift",36m,"Pull Up",2,0.0,4,0,0,,,
2025-03-07 09:29:22,"Deadlift",36m,"Bicep Curl (Dumbbell)",1,7.5,10,0,0,"",,
2025-03-07 09:29:22,"Deadlift",36m,"Bicep Curl (Dumbbell)",2,7.5,13,0,0,,,
2025-03-10 08:26:42,"Squat ",34m,"Squat (Barbell)",1,80.0,6,0,0,"","",
2025-03-10 08:26:42,"Squat ",34m,"Squat (Barbell)",2,80.0,3,0,0,,,
2025-03-10 08:26:42,"Squat ",34m,"Squat (Barbell)",3,80.0,5,0,0,,,
2025-03-10 08:26:42,"Squat ",34m,"Bulgarian Split Squat",1,20.0,6,0,0,"",,
2025-03-10 08:26:42,"Squat ",34m,"Leg Extension (Machine)",1,75.0,5,0,0,"",,
2025-03-10 08:26:42,"Squat ",34m,"Leg Extension (Machine)",2,70.0,10,0,0,,,
2025-03-12 07:26:05,"Bench",47m,"Bench Press (Barbell)",1,50.0,5,0,0,"","",
2025-03-12 07:26:05,"Bench",47m,"Bench Press (Barbell)",2,50.0,3,0,0,,,
2025-03-12 07:26:05,"Bench",47m,"Bench Press (Barbell)",3,50.0,3,0,0,,,
2025-03-12 07:26:05,"Bench",47m,"Chest Fly (Dumbbell)",1,16.0,8,0,0,"",,
2025-03-12 07:26:05,"Bench",47m,"Chest Fly (Dumbbell)",2,18.0,9,0,0,,,
2025-03-12 07:26:05,"Bench",47m,"Lateral Raise (Cable)",1,5.0,9,0,0,"",,
2025-03-12 07:26:05,"Bench",47m,"Lateral Raise (Cable)",2,5.0,10,0,0,,,
2025-03-12 07:26:05,"Bench",47m,"Lateral Raise (Cable)",3,5.0,9,0,0,,,
2025-03-12 07:26:05,"Bench",47m,"Triceps Dip",1,0.0,15,0,0,"",,
2025-03-12 07:26:05,"Bench",47m,"Triceps Dip",2,0.0,7,0,0,,,
2025-03-12 07:26:05,"Bench",47m,"Triceps Extension (Cable)",1,7.5,12,0,0,"",,
2025-03-12 07:26:05,"Bench",47m,"Triceps Extension (Cable)",2,10.0,15,0,0,,,
2025-03-13 08:02:52,"Deadlift",31m,"Deadlift (Barbell)",1,100.0,3,0,0,"","",
2025-03-13 08:02:52,"Deadlift",31m,"Deadlift (Barbell)",2,105.0,2,0,0,,,
2025-03-13 08:02:52,"Deadlift",31m,"Deadlift (Barbell)",3,105.0,2,0,0,,,
2025-03-13 08:02:52,"Deadlift",31m,"Bent Over Row (Barbell)",1,40.0,8,0,0,"",,
2025-03-13 08:02:52,"Deadlift",31m,"Bent Over Row (Barbell)",2,40.0,7,0,0,,,
2025-03-13 08:02:52,"Deadlift",31m,"Bent Over Row (Barbell)",3,40.0,4,0,0,,,
2025-03-13 08:02:52,"Deadlift",31m,"Lat Pulldown (Cable)",1,50.0,5,0,0,"",,
2025-03-13 08:02:52,"Deadlift",31m,"Lat Pulldown (Cable)",2,45.0,8,0,0,,,
2025-03-15 11:58:14,"Morning Workout",46m,"Romanian Deadlift (Barbell)",1,40.0,5,0,0,"","",
2025-03-15 11:58:14,"Morning Workout",46m,"Romanian Deadlift (Barbell)",2,60.0,3,0,0,,,
2025-03-15 11:58:14,"Morning Workout",46m,"Romanian Deadlift (Barbell)",3,70.0,8,0,0,,,
2025-03-15 11:58:14,"Morning Workout",46m,"Romanian Deadlift (Barbell)",4,70.0,8,0,0,,,
2025-03-15 11:58:14,"Morning Workout",46m,"Romanian Deadlift (Barbell)",5,70.0,5,0,0,,,
2025-03-15 11:58:14,"Morning Workout",46m,"Squat (Machine)",1,100.0,9,0,0,"",,
2025-03-15 11:58:14,"Morning Workout",46m,"Squat (Machine)",2,100.0,12,0,0,,,
2025-03-15 11:58:14,"Morning Workout",46m,"Squat (Machine)",3,110.0,8,0,0,,,
2025-03-15 11:58:14,"Morning Workout",46m,"Lunge (Dumbbell)",1,18.0,11,0,0,"",,
2025-03-15 11:58:14,"Morning Workout",46m,"Lunge (Dumbbell)",2,18.0,12,0,0,,,
2025-03-15 11:58:14,"Morning Workout",46m,"Back Extension",1,20.0,8,0,0,"",,
2025-03-15 11:58:14,"Morning Workout",46m,"Back Extension",2,20.0,12,0,0,,,
2025-03-17 08:13:33,"Squat ",34m,"Squat (Barbell)",1,80.0,4,0,0,"","",
2025-03-17 08:13:33,"Squat ",34m,"Squat (Barbell)",2,80.0,4,0,0,,,
2025-03-17 08:13:33,"Squat ",34m,"Squat (Barbell)",3,80.0,3,0,0,,,
2025-03-17 08:13:33,"Squat ",34m,"Bulgarian Split Squat",1,20.0,6,0,0,"",,
2025-03-17 08:13:33,"Squat ",34m,"Bulgarian Split Squat",2,20.0,6,0,0,,,
2025-03-17 08:13:33,"Squat ",34m,"Leg Extension (Machine)",1,75.0,6,0,0,"",,
2025-03-17 08:13:33,"Squat ",34m,"Leg Extension (Machine)",2,70.0,10,0,0,,,
2025-03-18 08:11:13,"Bench",3h 5m,"Bench Press (Barbell)",1,50.0,4,0,0,"","",
2025-03-18 08:11:13,"Bench",3h 5m,"Bench Press (Barbell)",2,50.0,5,0,0,,,
2025-03-18 08:11:13,"Bench",3h 5m,"Bench Press (Barbell)",3,50.0,5,0,0,,,
2025-03-18 08:11:13,"Bench",3h 5m,"Chest Fly (Dumbbell)",1,16.0,6,0,0,"",,
2025-03-18 08:11:13,"Bench",3h 5m,"Chest Fly (Dumbbell)",2,18.0,6,0,0,,,
2025-03-18 08:11:13,"Bench",3h 5m,"Lateral Raise (Dumbbell)",1,5.0,12,0,0,"Inclined modified",,
2025-03-18 08:11:13,"Bench",3h 5m,"Triceps Extension (Cable)",1,10.0,15,0,0,"",,
2025-03-18 08:11:13,"Bench",3h 5m,"Triceps Extension (Cable)",2,12.5,7,0,0,,,
2025-03-20 07:59:57,"Deadlift",4h 4m,"Deadlift (Barbell)",1,100.0,3,0,0,"","",
2025-03-20 07:59:57,"Deadlift",4h 4m,"Deadlift (Barbell)",2,105.0,2,0,0,,,
2025-03-20 07:59:57,"Deadlift",4h 4m,"Deadlift (Barbell)",3,105.0,1,0,0,,,
2025-03-20 07:59:57,"Deadlift",4h 4m,"Bent Over One Arm Row (Dumbbell)",1,20.0,10,0,0,"",,
2025-03-20 07:59:57,"Deadlift",4h 4m,"Bent Over One Arm Row (Dumbbell)",2,20.0,13,0,0,,,
2025-03-20 07:59:57,"Deadlift",4h 4m,"Lat Pulldown (Cable)",1,45.0,8,0,0,"",,
2025-03-20 07:59:57,"Deadlift",4h 4m,"Lat Pulldown (Cable)",2,45.0,8,0,0,,,
2025-03-20 07:59:57,"Deadlift",4h 4m,"Lat Pulldown (Cable)",3,45.0,6,0,0,,,
2025-03-21 08:03:51,"Morning Workout",46m,"Leg Press",1,80.0,10,0,0,"","",
2025-03-21 08:03:51,"Morning Workout",46m,"Leg Press",2,120.0,10,0,0,,,
2025-03-21 08:03:51,"Morning Workout",46m,"Leg Press",3,150.0,8,0,0,,,
2025-03-21 08:03:51,"Morning Workout",46m,"Leg Press",4,150.0,8,0,0,,,
2025-03-21 08:03:51,"Morning Workout",46m,"Lunge (Dumbbell)",1,18.0,10,0,0,"",,
2025-03-21 08:03:51,"Morning Workout",46m,"Lunge (Dumbbell)",2,18.0,12,0,0,,,
2025-03-21 08:03:51,"Morning Workout",46m,"Back Extension",1,20.0,8,0,0,"",,
2025-03-21 08:03:51,"Morning Workout",46m,"Back Extension",2,20.0,15,0,0,,,
2025-03-21 08:03:51,"Morning Workout",46m,"Back Extension",3,20.0,18,0,0,,,
2025-03-23 09:09:25,"Bench",30m,"Bench Press (Barbell)",1,45.0,6,0,0,"With pause ","",
2025-03-23 09:09:25,"Bench",30m,"Bench Press (Barbell)",2,50.0,4,0,0,,,
2025-03-23 09:09:25,"Bench",30m,"Bench Press (Barbell)",3,50.0,4,0,0,,,
2025-03-23 09:09:25,"Bench",30m,"Overhead Press (Barbell)",1,30.0,6,0,0,"",,
2025-03-23 09:09:25,"Bench",30m,"Overhead Press (Barbell)",2,30.0,6,0,0,,,
2025-03-23 09:09:25,"Bench",30m,"Overhead Press (Barbell)",3,30.0,5,0,0,,,
2025-03-23 09:09:25,"Bench",30m,"Triceps Dip",1,0.0,10,0,0,"",,
2025-03-23 09:09:25,"Bench",30m,"Triceps Dip",2,0.0,9,0,0,,,
2025-03-23 09:09:25,"Bench",30m,"Triceps Dip",3,0.0,8,0,0,,,
